x,y,z
0.0,1.0,1.05
0.03,0.99,1.0395
0.0588,0.98773815,1.0294020000000002
0.0866681445,0.992837480124,1.0196887700322002
0.11385322456872,1.004992418278598,1.0103523561538021
0.14058740038001635,1.0239632798695357,1.0013930488671454
0.16708867676470193,1.0495714757165562,0.9928186817344885
0.19356316073325755,1.0816953727040537,0.9846442100076181
0.22020712709238144,1.1202667481164585,0.9768915316604533
0.24720891572310374,1.1652677845380968,0.9695895235656472
0.2747506817875535,1.2167285576111668,0.9627742741854179
0.3030100180622619,1.2747249738263573,0.9564895014511043
0.33216146673518476,1.3393771198634825,0.9507871508100287
0.3623779363290337,1.4108479888040113,0.9457281739883825
0.393832037903283,1.4893425518029837,0.9413834940750663
0.42669735332027403,1.575107146530123,0.9378351672574421
0.46114964711656947,1.6684291558575,0.9351777560910702
0.4973680323787974,1.7696369518626893,0.9335199336947864
0.5355360999633142,1.879100081198362,0.932986342845566
0.5758430194003656,1.997229668202991,0.9337197387063676
0.6184846188644444,2.124479011725954,0.9358834489450439
0.6636644506502897,2.2613443504255493,0.9396641903741219
0.7115948476435474,2.4083657691566165,0.9452752870309438
0.7624979752889395,2.5661282158520304,0.9529603408863637
0.8166068825058322,2.735262593840514,0.96299741316669
0.8741665538458727,2.9164468886118824,0.9757037816309323
0.935434963888853,3.1104072803712928,0.9914413470755467
1.0006841333833263,3.3179191839911306,1.0106227708247286
1.0702011849015605,3.539808145781799,1.033718433949162
1.1442893937279677,3.7769505113942246,1.0612643183290693
1.2232692272579553,4.030273760584135,1.093870919254017
1.3074793632577406,4.300756381860493,1.1322333087489544
1.3972776738158232,4.589427132449367,1.177142477818281
1.4930421575748296,4.897363495654509,1.229498093717859
1.59517179771722,5.225689107589507,1.2903228143804826
1.7040873170133886,5.575569877274167,1.3607783051173263
1.820231793821212,5.948208466999799,1.4421831011960011
1.9440710940165697,6.344836732359336,1.5360324518631367
2.0760940631668525,6.766705642058748,1.6440202642208488
2.2168124105336093,7.215072105274627,1.7680632356853985
2.3667602013758398,7.691182027778532,1.910327217187221
2.5264928561679207,8.196248796572906,2.0732557802641822
2.69658553438007,8.731426256313213,2.259600862780704
2.8776307560380645,9.297775090360329,2.4724552315257022
3.0702350860677323,9.896221357635156,2.7152863148379
3.275014674214755,10.527505768741404,2.991970712006564
3.4925894070505543,11.192122119854478,3.3068283636415843
3.7235753884346723,11.890243154386441,3.6646549515873676
3.968575421413225,12.621632010929405,4.070750569793266
4.2281671190987105,13.385537370914761,4.530942049862301
4.502888226653192,14.180570481829077,5.0515955191953665
4.793218694308468,15.004562457181894,5.639614802701952
5.099559007194671,15.854400715591721,6.302420147371765
5.422204258446582,16.725844211045843,7.047900465626741
5.76131345702456,17.61331833824544,7.8843308980429425
6.116873603461186,18.5096922039492,8.820246068712422
6.4886581614758265,19.40604348328953,9.86425808453058
6.876179721130238,20.291419473976795,11.024807327983288
7.278636913715634,21.152607339556074,12.30983372570252
7.694856026490847,21.973931946719155,13.726356874475746
8.123228304097697,22.7371060750988,15.279955732390105
8.561644637227731,23.42116482602659,16.97414321129135
9.007430242891697,24.002523184666792,18.80963868148221
9.45728303114495,24.45520188401194,20.783552827060156
9.90722059673096,24.751270453642626,22.888514956798456
10.352542092438311,24.86155553915412,25.11179277156634
10.787812495839786,24.756654721416446,27.434477845876536
11.206877762607085,24.408278456373957,29.830834559006647
11.602919783420091,23.79091311430767,32.267932143979166
11.96855958334672,22.88375544333659,34.705693386935664
12.296015459146416,21.672814586661087,37.097492358209394
12.577319432971855,20.15301714214719,39.39141006663529
12.804590364247115,18.330093147230706,41.532205307318364
12.970355447736623,16.221979903443668,43.463976595133005
13.067904181407833,13.859472041949632,45.133385283318724
13.091651217224086,11.285884386953496,46.49319395697652
13.03747821231597,8.555586323053472,47.50577063812585
12.903021455638095,5.731407689548213,48.146145634548574
12.687873042655399,2.8810867971082588,48.404208942095586
12.393669455288984,0.07309770756611655,48.28571548774043
12.024052302857298,-2.6276828355297916,47.811917821118165
11.584500248705686,-5.163962152727707,47.017844684409674
11.082046376662683,-7.489212299694914,45.94944702913977
10.524908616371956,-9.569716916471677,44.65999457854946
9.922069850386647,-11.385342581437392,43.20619067245983
9.282847477431925,-12.92908906348326,41.6444671220992
8.61648938120447,-14.205635957062722,40.027834832893724
7.931825621056454,-15.229204049375262,38.403529370791915
7.236994730943502,-16.021079201323964,36.811540168412684
6.539252512975478,-16.60711402797787,35.28398010908845
5.844861516746878,-17.015449527720925,33.84515918659032
5.159052185412844,-17.27460941508453,32.51217813337717
4.486042337397923,-17.41203472831459,31.295850237492946
3.829100025426548,-17.45305825312358,30.201780485403393
3.190635277070044,-17.42027254810016,29.231467622541295
2.572308042314938,-17.33322099216571,28.383335585034448
1.9751421712805184,-17.208333974961672,27.653638391610404
1.3996378868932526,-17.059036633588835,27.037212946380038
0.84587765127879,-16.89596530318378,26.52807607705353
0.31362236264491294,-16.727243139413094,26.119876121815544
-0.19760360241682728,-16.558778554531223,25.806216985458203
-0.6884388509802593,-16.3945617092156,25.5808755585436
-1.1596225367273196,-16.236943701867286,25.437933335212335
-1.6119421716815188,-16.08689022924856,25.37184126030279
-2.04619061340853,-15.944206593444765,25.377434215417136
-2.463131092809617,-15.807734363223787,25.449908731960495
-2.863469190922042,-15.67552214411751,25.584774864810203
-3.247830779517906,-15.544974112450069,25.77779086327507
-3.616745079505871,-15.412980501960611,26.02488740853456
-3.970632142179513,-15.276034308214944,26.322086748359073
-4.309794207160576,-15.130338245887646,26.665421009167833
-4.634410528322388,-14.971905558358229,27.05085324032122
-4.944535379223463,-14.796657702209595,27.474204275405047
-5.240099048913048,-14.600521250124189,27.931088207679345
-5.520911714949382,-14.379525598063235,28.416859100766658
-5.786670131442798,-14.129902243429303,28.92657142305661
-6.036967094802393,-13.848185537238866,29.454956541548633
-6.271303648075487,-13.531313927787476,29.99641738024344
-6.489103956466847,-13.17672983779045,30.545042990426886
-6.689732732906555,-12.78247549467997,31.094644257759626
-6.872515015759758,-12.347281318861212,31.638811262425396
-7.036758004852802,-11.870642930030861,32.17099191247798
-7.181774552608143,-11.352882523374703,32.68459040995964
-7.30690779173114,-10.79519035789543,33.17308293391127
-7.411556268716069,-10.199642437469834,33.63014670996542
-7.495198853778682,-9.56919117764404,34.04979748132669
-7.557418623494643,-8.90762693158459,34.42652941397609
-7.597924872737341,-8.219509652140134,34.75545077647533
-7.616572416119425,-7.510071607716325,35.03240843698757
-7.613377391867332,-6.785093824196919,35.25409439512184
-7.58852888483722,-6.050760642414019,35.418128250399015
-7.5423958375645235,-5.313498297721521,35.52311068699697
-7.475528911369233,-4.579804589869407,35.568644654563414
-7.388657181724239,-3.856077390949484,35.55532282421768
-7.282679788000996,-3.1484498568601156,35.48468193505474
-7.15865289006677,-2.4626397429911058,35.35912663706509
-7.0177724956545,-1.8038192205222594,35.181827201828
-6.861353897400532,-1.1765101468269008,34.95659685893886
-6.690808584883323,-0.5845080071903793,34.68775541516209
-6.507619567552535,-0.030835884891561305,34.37998617293489
-6.313316057072705,0.48227199606769955,34.038192993284575
-6.109448415478493,0.9533592247651872,33.667363707985224
-5.8975641862711825,1.3817120210066192,33.27244508085414
-5.679185900052849,1.7673041964198912,32.85823327673731
-5.455791197158667,2.110727042200626,32.429282453235814
-5.228795649977888,2.4131090419169325,31.989832768539028
-4.999538509221043,2.676030088490193,31.543757900240664
-4.769271451289706,2.9014344061397015,31.094531166445847
-4.539150275566824,3.091545725320214,30.64520857197147
-4.310229395540213,3.2487875143844747,30.198426579941607
-4.083458888242472,3.3757103088617457,29.756412119698552
-3.859683812329345,3.474927455912764,29.321002255853035
-3.639645474282082,3.549059948768242,28.893671020788453
-3.423984311590572,3.600690488257888,28.47556111077567
-3.213244067595118,3.632326485874153,28.06751842224103
-3.0078769509910397,3.6463714137265315,27.670127722695582
-2.8082495000495125,3.645103701657383,27.28374808016762
-2.6146489039983054,3.630662266183764,26.908546992887864
-2.4272895688928435,3.605037712993787,26.54453245180833
-2.2463197504362444,3.570068267421365,26.191582422928096
-2.0718281099005162,3.5274395397995684,25.84947145010367
-1.9038500804095138,3.478687311041892,25.51789425165732
-1.7423739586659717,3.4252026168519447,25.19648631797228
-1.5873466614004341,3.3682385077401262,24.884841616364984
-1.4386791063262172,3.3089179599837655,24.582527578700716
-1.2962511943369177,3.2482425052891277,24.289097591577946
-1.1599163833481363,3.1871012313614417,24.004101233392397
-1.029505854906849,3.1262798803421616,23.72709251172202
-0.9048322828493787,3.066469836595768,23.4576363521959
-0.7856932192660242,3.008276849782805,23.195313579648584
-0.6718741171945594,2.952229384162271,22.939724616626606
-0.5631510121538544,2.898786521518913,22.690492105347943
-0.4592928861436714,2.8483453740369096,22.44726263865835
-0.360063738338254,2.8012479859018113,22.209707764596015
-0.265224386611052,2.757787719434362,21.97752440873189
-0.1745340234296896,2.718215134093443,21.750434839081667
-0.08775154870399562,2.682743375581743,21.52818628045184
-0.004636700975423472,2.6515530982883444,21.310550268787495
0.07504899300248957,2.6247969480391546,21.097321821511247
0.15154143165358952,2.602603634126884,20.888318486973997
0.22507329772778834,2.585081620290295,20.68337932491168
0.29587354740466354,2.5723224640571294,20.482363860114305
0.36416701490423753,2.564403832933543,20.285151043238255
0.4301741194451167,2.561392224530854,20.091638245694355
0.4941106625976888,2.5633454160329876,19.901740309684822
0.5561877052007478,2.5703146665483905,19.7153886696078
0.6166115140411771,2.582346693948205,19.532530557072036
0.6755835694383879,2.5994854458311174,19.35312829854866
0.7333006257301699,2.621773682316653,19.177158712125152
0.7899548174277644,2.6492543864787,19.004612607821556
0.8457338044992925,2.6819720164033,18.835494394395244
0.9008209508564127,2.71997361109361,18.669821794421225
0.9553955306635286,2.7633097607479202,18.507625668623508
1.0096329575660603,2.812035450296311,18.348949949889846
1.0637050323479678,2.8662107834869652,18.19385168707558
1.1177802048821377,2.9259015932509587,18.042401198546475
1.1720238465332022,2.9911799425294454,17.8946823353847
1.2265985294130894,3.0621245182033765,17.75079285425002
1.281664309076798,3.138820919206417,17.6108449000166
1.3373790073806866,3.22136183830932,17.474965598463736
1.3938984923085456,3.309847135421258,17.34329775945642
1.451376951601927,3.4043837985431655,17.21600069118021
1.5099671570101643,3.5050857867128267,17.093251126064533
1.569820715901244,3.6120737473845477,16.97524425900828
1.6310883068457431,3.7254745986717834,16.86219489837827
1.6939198956005244,3.8454209647342004,16.754338729947932
1.7584649276745346,3.972050450298105,16.65193369343968
1.8248724933532416,4.10550473785012,16.555261470583314
1.893291460688148,4.245928488430846,16.464629082551824
1.9638705715204288,4.3934680241749655,16.380370593224693
2.036758495100065,4.548269767799804,16.30284891288838
2.112103833281057,4.71047841114674,16.232457694635226
2.1900550706170274,4.880234781650636,16.16962331277658
2.2707604619480355,5.057673372286506,16.11480690894237
2.3543678492581894,5.242919497172337,16.0685064870853
2.441024398695614,5.436086031666131,16.03125903321836
2.5308762476847293,5.637269692584852,16.003642629253232
2.624068051031733,5.8465468112273395,15.98627852262826
2.720742413837601,6.06396854937724,15.979833104364008
2.82103919790379,6.289555506619538,15.985019737605047
2.9250946871652626,6.523291666407352,16.00260036644465
3.0330405965425253,6.765117628714911,16.033386820742578
3.145002907507697,7.01492307923771,16.07824171661793
3.2611005126595973,7.272538449471123,16.138078834253207
3.381443650763943,7.537725729233964,16.213862834569746
3.506132113118044,7.810168404030936,16.30660815430723
3.6352532018454307,8.089460504908416,16.417376895266486
3.76887942093732,8.375094779104165,16.547275498330524
3.9070658816823256,8.66645001687913,16.69744996696087
4.049847405738229,8.96277760458605,16.869079379053797
4.197235311703664,9.263187417456287,17.063367401564676
4.349213874876242,9.56663321893899,17.281531500823796
4.505736455198125,9.871897797766868,17.52478952513217
4.666721295475187,10.177578150086081,17.794343327774733
4.832047001113514,10.482071102418914,18.091359101390683
5.001547724152676,10.78355987177038,18.416944112735795
5.175008088581207,11.080002170824129,18.77211956495761
5.352157911048495,11.369120586705215,19.157789377863157
5.532666791318197,11.648396087496703,19.57470477098251
5.716138670203552,11.91506563595833,20.023424665326825
5.9021064791761955,12.166125006808866,20.504272093070707
6.090027035005176,12.398338002009426,21.017287024431543
6.2792763640153035,12.608253324453187,21.56217629040092
6.46914567282844,12.792230388302254,22.138261598414473
6.658838214292655,12.946475295485499,22.744427001053428
6.847467326728441,13.067088072550154,23.37906757542264
7.0340559491030925,13.150122019886862,24.040041485991114
7.217537931226605,13.191655657888104,24.72462801138537
7.396761463026451,13.187877248007856,25.42949448213639
7.5704949365758925,13.135181215132684,26.150675359386906
7.737435524932597,13.030275007211184,26.883566834594724
7.896220709400954,12.870294020617282,27.622940293653148
8.045442908737444,12.652921236389462,28.36297771253339
8.183667258567004,12.37650721576119,29.097331489769285
8.309452457282829,12.040185176878879,29.819210343642023
8.42137443887071,11.643975119647942,30.521491703247168
8.518052459294028,11.1888704940929,31.196859530609192
8.598177000337994,10.676900830395327,31.837964793592405
8.660538715239714,10.111164160922572,32.43760397720443
8.7040574786102,9.495824028109944,32.98890922415053
8.727810475095191,8.836067399223943,33.485542113383396
8.731058182819053,8.138021848917642,33.9218819083055
8.713267092802012,7.408632802754191,34.29319851178197
8.674128064100577,6.655504273322814,34.59580049069307
8.613569350377244,5.886709128212786,34.82714944976585
8.53176354371231,5.110577244165519,34.98593372848178
8.429127954725907,4.335471671533669,35.07209675738794
8.30631826623014,3.569563950735192,35.08681824444853
8.164215636765292,2.82061985890123,35.03244940446873
8.00390776342937,2.0958060918334946,34.91240639799816
7.8266647132814935,1.4015267821345558,34.73102872050887
7.633910575347086,0.7432964939050775,34.493411235408296
7.427192152903825,0.125653663335211,34.20521971270862
7.208145998216767,-0.4478843471644345,33.8725000546046
6.978465087855331,-0.9748260713473007,33.50149089641178
6.739866353079252,-1.453674408469293,33.09844809039138
6.494060130232796,-1.8838642470542895,32.66948789714772
6.242722398914184,-2.2656758583519543,32.22045374120058
5.9874704511962,-2.6001311467898875,31.756809349492446
5.729842403256617,-2.888879741798568,31.283559171891127
5.471280738904961,-3.134081346196471,30.80519532374755
5.213119876351918,-3.3382898552549434,30.325668981474013
4.956577584403712,-3.5043436667790457,29.84838323968474
4.70274994686823,-3.6352654432094,29.376203894619852
4.452609485165901,-3.734173465903363,28.911484411974605
4.207005996633823,-3.804205714905208,28.456101405919497
3.966669645287652,-3.8484569612034276,28.011497229309953
3.73221584709292,-3.869928493375795,27.578726682924838
3.504151516878858,-3.8714896166489776,27.158505331594654
3.282882282873023,-3.8558497450482903,26.751257416151095
3.0687203220353836,-3.825539732797036,26.357161833855187
2.861892520390411,-3.782901031636957,25.976195100308754
2.66254871382959,-3.730081288074885,25.608170587627477
2.4707698137724554,-3.6690350826454576,25.252773650390765
2.286575666879918,-3.601528639663442,24.90959250260813
2.1099325376836173,-3.529147482427211,24.578144900071795
1.9407601370802925,-3.4533061615224216,24.257900820036504
1.778938148122211,-3.3752593327886617,23.948301422441975
1.6243122236948848,-3.2961136000395035,23.648774632348523
1.476699448982853,-3.216839661867256,23.358747709912727
1.3358932756573498,-3.138284409989703,23.077657179252142
1.2016679450879382,-3.0611827182774936,22.804956477055566
1.0737824251869752,-2.9861687375224473,22.540121660818897
0.9519838903056925,-2.9137865724823104,22.282655489120764
0.8360107764220525,-2.8445002664152255,22.032090155461635
0.7255954451369341,-2.7787030559699106,21.787988925144433
0.6204664901037288,-2.7167258876767115,21.54994689308499
0.5203507187703156,-2.658845208029198,21.317591050393133
0.4249748409663302,-2.60529005373001,21.09057981973823
0.33406689412544,-2.556248478384442,20.8686021942783
0.24735743295014354,-2.511873357855175,20.65137659243765
0.164580509225984,-2.4722876195527554,20.438649521056323
0.08547446536262181,-2.4375889418730106,20.23019412229197
0.009782563145552828,-2.4078539694010352,20.025808664953246
-0.06274653283084482,-2.38314208785151,19.825315028468705
-0.13235839948146477,-2.3634988003700124,19.628557217216578
-0.19929261150812122,-2.348958744054889,19.435399934228347
-0.26378259548452426,-2.339548382578021,19.245727236110337
-0.32605556909732913,-2.3352884077323557,19.059441285195415
-0.3863325542563799,-2.3361958797166094,18.876461210251357
-0.4448284540201868,-2.3422861330506053,18.696722083363383
-0.5017521843910994,-2.3535744722395724,18.520174017724127
-0.5573068530265536,-2.370077678693854,18.346781388872618
-0.6116899777965726,-2.391815347968965,18.176522180309306
-0.6650937389017444,-2.418811074116444,18.00938745327714
-0.7177052589581854,-2.4510934958179393,17.84538093975418
-0.769706906063978,-2.4886972169979416,17.684518757278106
-0.8212766153919968,-2.5316636127559673,17.52682924405558
-0.8725882253129159,-2.5800415297061723,17.372352912846978
-0.9238118244447135,-2.6338878881397254,17.221142522314906
-0.975114106355564,-2.6932681918105557,17.07326326484501
-1.0266587289192137,-2.7582569495659484,16.928793070256894
-1.0786066755386157,-2.828938011477417,16.787823025293065
-1.1311166156167798,-2.9054048205519565,16.650457909278778
-1.1843452617648351,-2.987760579496753,16.516816846862184
-1.2384477212967926,-3.0761183303492783,16.38703407924971
-1.2935778395683672,-3.1706009430468387,16.261259855823816
-1.3498885326727215,-3.2713410071724236,16.139661448445977
-1.4075321069077125,-3.3784806191541983,16.022424291081958
-1.466660562275107,-3.4921710550912413,15.909753247611388
-1.527425877059591,-3.612572317105233,15.801874010767483
-1.5899802702609602,-3.7398525386541555,15.699034635058764
-1.6544764383127561,-3.874187231567899,15.60150720620963
-1.7210677621104105,-4.015758354656695,15.509589649069946
-1.789908479886799,-4.164753180583631,15.4236076750255
-1.8611538209077039,-4.321362934268044,15.343916868620866
-1.9349600943085141,-4.485781172388666,15.270904911301077
-2.011484726650919,-4.658201869583061,15.20499393779179
-2.090886240938883,-4.838817172702844,15.146643017557103
-2.173324168891802,-5.027814780006388,15.096350749869764
-2.2589588872252393,-5.225374897495053,15.05465795615206
-2.3479513675333337,-5.431666719792933,15.02215044722834
-2.4404628281011216,-5.646844378132724,14.999461835783288
-2.5366542746020695,-5.871042293280689,14.987276355434503
-2.636685915162428,-6.104369866800876,14.986331637176358
-2.7407164337115812,-6.34690544017395,14.997421381291952
-2.8489021039054525,-6.598689448275737,15.021397847910015
-2.961395724236561,-6.859716692002808,15.059174071953029
-3.0783453532695484,-7.129927654933311,15.111725688045212
-3.199892822319461,-7.409198791483627,15.180092227821879
-3.326172001394386,-7.697331719863901,15.265377725863726
-3.4573067929484713,-7.994041263210001,15.36875044112565
-3.5934088270563174,-8.298942297716911,15.491441468338456
-3.7345748311761353,-8.611535388748129,15.63474197873354
-3.8808836479032953,-8.931191226265211,15.799998792152218
-4.0323928752541525,-9.257133911203379,15.988607944093797
-4.189135106332629,-9.588423196443738,16.20200587294096
-4.351113749035963,-9.923935851704003,16.441657816477516
-4.518298412116004,-10.262346402859295,16.709042975601744
-4.690619851838303,-10.602107594595049,17.005635980411963
-4.867964484121005,-10.941431042157689,17.332884184153176
-5.050168480862106,-11.278268673869775,17.692180319498473
-5.237011486652336,-11.610295720486935,18.084830086058204
-5.428210013667374,-11.934896178296508,18.512014305713826
-5.623410598606248,-12.249151855861102,18.974745392127783
-5.822182836323893,-12.549836302493683,19.473818041908373
-6.024012440308987,-12.833415099481643,20.00975427667982
-6.228294520084167,-13.096054158266256,20.58274325602229
-6.434327309229629,-13.333637794208068,21.19257664694862
-6.641306623778982,-13.541798406487803,21.838580778385627
-6.848321377260247,-13.715959565950108,22.51954732515064
-7.054350522920943,-13.851394161734042,23.233664842950468
-7.258261832085337,-13.943298951348376,23.97845409100109
-7.458812945663228,-13.986886366126269,24.750710696010355
-7.654655148277119,-13.977493719528088,25.546459280022084
-7.844340305414647,-13.910709036145516,26.36092362982383
-8.026331367336573,-13.782511569545097,27.188517749216913
-8.199016773402828,-13.589423737774569,28.022862621037934
-8.360728982333981,-13.328669738662041,28.856833126496475
-8.509767205023824,-12.998334611003182,29.68263874903141
-8.644424227203205,-12.597516116373695,30.491940377467504
-8.76301698387832,-12.12646069408465,31.276003708882463
-8.86392029518451,-11.586674070983776,32.02588748195961
-8.945602908458488,-10.98099706827146,32.73266216165482
-9.006664733252878,-10.31363788998136,33.387651933155304
-9.045873927954732,-9.590153793468836,33.982690200376105
-9.062202323920156,-8.817377533588703,34.510376520026504
-9.054857580210212,-8.00328723110022,34.96432134658393
-9.023310469736913,-7.156822115724712,35.33936439362937
-8.967315819116546,-6.287650601778909,35.63175302896171
-8.886925862596417,-5.405900961832382,35.83926898573619
-8.782495115573496,-4.521868041343222,35.961294706562256
-8.654676303346589,-3.6457116154559452,35.99881459936028
-8.50440736270987,-2.7871628430717257,35.9543509926379
-8.332890027120726,-1.9552546927266772,35.83183916474842
-8.141560967088905,-1.1580902506931428,35.63644999639597
-7.932056845597033,-0.4026597015020418,35.3743721202461
-7.706174931274183,0.30528713678071395,35.05256759546109
-7.465831069232536,0.9613100854346084,34.67851595870348
-7.213016834592522,1.562291170027288,34.2599610120864
-6.949757594453928,2.106395552486623,33.804673076866116
-6.678073000045711,2.5929886688712913,33.32023696121928
-6.3999411499782015,3.022519185228901,32.81387291541695
-6.117267339921988,3.3963781442477097,32.292294737161335
-5.831857975396898,3.716744516993623,31.761606258831407
-5.545399900625182,3.986426476063328,31.227234934703674
-5.259445109324527,4.208706292674071,30.693899295514527
-4.975400567264569,4.387195061135265,30.1656057052835
-4.694522698412574,4.525701677578271,29.64566912027194
-4.417915967132849,4.628118811670609,29.13675233655287
-4.146534923768746,4.69832712604422,28.64091841322867
-3.881189062274357,4.7401177844777,28.159691453982056
-3.622549856871795,4.757132369812377,27.694121606452164
-3.37115939007127,4.752818696659661,27.2448508985338
-3.1274400474693422,4.730400620701017,26.812177295762957
-2.8917048274242316,4.692859772260805,26.396115079387787
-2.6641678894336804,4.642927129273888,25.996450276015192
-2.4449550388724535,4.5830824479274135,25.61279039954712
-2.2341139142684576,4.515559747616506,25.244608190305367
-2.0316237044119085,4.442357267041366,24.89127935977371
-1.8374042752683102,4.365250544506348,24.552114582904093
-1.6513246306750704,4.285807509130237,24.226386136944118
-1.4732106664809113,4.20540468831185,23.913349680553086
-1.3028522058371284,4.125243833018077,23.612261713310655
-1.1400093246714722,4.046368432720961,23.322393265902914
-0.9844179919496991,3.9696797353236555,23.043040355800304
-0.8357950601314985,3.8959520052584766,22.773531710704994
-0.6938426481697992,3.8258468473265976,22.5132342191929
-0.5582519633049073,3.7599264975834523,22.261556519920557
-0.42870660947825656,3.6986660386665053,22.01795109122977
-0.30488543003391366,3.642464538367894,21.78191515454718
-0.18646493098185943,3.5916551397137915,21.55299065933007
-0.0731213288609899,3.5465141507639073,21.330763575459397
0.03546773552775702,3.507269194890678,21.11486268142952
0.13962177930864467,3.474106489203728,20.904958003577516
0.2396563206054972,3.447177321500162,20.700759032837045
0.3358819506323371,3.42660379581011,20.50201282084213
0.4286036059876703,3.4124839141880416,20.308502036303516
0.5181200152336815,3.4048960585832178,20.12004304505044
0.6047232965341676,3.4039029319442724,19.93648406257736
0.6886986855964707,3.4095550125701575,19.757703415972465
0.7703243754056813,3.4218935703976694,19.583607942369
0.849871451255441,3.440953288612247,19.414131543218524
0.9276039063761451,3.4667645288138247,19.24923390743729
1.0037787250492756,3.4993552730424953,19.08889941155706
1.078646021489072,3.5387527713108624,18.93313620118618
1.1524492239837258,3.584984918915156,18.7819754551524
1.2254252948316688,3.638081383699974,18.635470831478845
1.297804977497718,3.6980744996134476,18.49369809268648
1.36981306316119,3.7649999392839226,18.356754906687172
1.441668669444872,3.838897174944515,18.224760818616623
1.5135855246098613,3.9198097337947004,18.097857388253836
1.5857722508854064,4.00778525078522,17.97620848709426
1.6584326408824008,4.102875318812353,17.860000748605348
1.7317659212202994,4.205135133381353,17.749444164621185
1.805966997585131,4.314622925921984,17.64477282015613
1.8812266754352365,4.431399177091933,17.546245758066963
1.9577318504849375,4.555525598573172,17.454147963900763
2.0356656629275847,4.687063869045895,17.368791459862017
2.115207609111134,4.8260741072173365,17.29051649504505
2.19653360405432,4.9726130620018045,17.219692816831802
2.2798159877927446,5.126731997219543,17.15672100556995
2.3652234680755484,5.288474245546445,17.102033851238147
2.4529209913996755,5.457872403963292,17.05609774668456
2.543069533776584,5.6349451407025,17.019414067098342
2.6358258019843612,5.819693581778606,16.992520499545588
2.7313418353781884,6.012097243752171,16.97599227957508
2.829764497629408,6.212109478587264,16.970443283981552
2.9312348470581435,6.41965239653274,16.97652691972067
3.0358873735423813,6.634611234146762,16.994936738630635
3.1438490893605127,6.856828137204422,17.026406695985415
3.25523846079583,7.086095332650359,17.071710957976077
3.3701641669514655,7.322147670414817,17.131663149033407
3.4887236720553663,7.564654525301254,17.207114914582665
3.6110015976527428,7.813211061840098,17.29895365857023
3.7370678815783633,8.067328881611495,17.408099298255554
3.8669757115793573,8.326426093745269,17.535499861808997
4.0007592230443345,8.58981687581616,17.682125737878643
4.138430952627489,8.856700624876272,17.84896237140169
4.2799790427949524,9.126150837572872,18.037001187729103
4.42536419663829,9.397103904754324,18.247228519113786
4.574516387881771,9.668348060052296,18.480612305644545
4.727331338046887,9.938512783737837,18.738086349032642
4.883666781417616,10.206059032354778,19.02053191490375
5.043338548945731,10.469270740329808,19.328756510409693
5.2061165146872534,10.726248120275779,19.663469712346146
5.371720462854909,10.974903371410164,20.025255990018692
5.539815950111566,11.2129594865977,20.4145445602991
5.71001025620615,11.437952922817207,20.831576432814195
5.8818485362044814,11.64724096064055,21.276368953478947
6.054810308937563,11.838014617280667,21.748678335895804
6.228306438187857,12.007317985036824,22.24796088195749
6.401676784593326,12.152074831329763,22.773333832253652
6.574188725995419,12.269123205916378,23.32353704725476
6.745036760393048,12.355258643182014,23.896896991364056
6.9133434168767165,12.407286311593586,24.491294758774682
7.078161703718223,12.422082140036357,25.104140122622535
7.238479316807767,12.396662537914093,25.732353782236785
7.393224813440956,12.328261825234,26.372360098195784
7.541275923794748,12.2144159118737,27.020092609542996
7.6814701234371165,12.053050134010062,27.671014489841852
7.812617523754305,11.842568504491641,28.320155789950313
7.933516053176425,11.581941009241438,28.96216881429533
8.042968801858375,11.2707850410106,29.59140227538997
8.139803289032942,10.909436670050939,30.201993977209074
8.222892290463482,10.499007275833764,30.787980722320757
8.291175740024592,10.041421166843152,31.343422974957285
8.343683102829148,9.539430244488285,31.862540620946707
8.379555517078922,8.996602546371122,32.339855044152785
8.398066927957688,8.417282625365694,32.77033179873536
8.398643398879928,7.8065231380492275,33.149517509141575
8.380879791055007,7.169988643329852,33.473664374265965
8.344553056623251,6.513834328657694,33.73983585975308
8.289631494784285,5.844564040841585,33.94598786273093
8.216279471166004,5.168873445466411,34.09102080556606
8.124857290395017,4.493485226912083,34.174799685300805
8.01591612849053,3.8249838528885856,34.198140950499386
7.890188160222471,3.169657492314686,34.162767038570244
7.748572240185237,2.5333541797688395,34.07123130836276
7.592115698372745,1.9213583105711407,33.92681777399827
7.421992976738697,1.338292129356169,33.73342134217715
7.239481951317222,0.7880451840683009,33.495415076604445
7.0459388482997545,0.27373292033711527,33.21751131470725
6.842772670460875,-0.20231614822814575,32.9046232557348
6.631420005900205,-0.6385467965352666,32.561732989078564
6.413321001827141,-1.034140302711922,32.1937709391753
6.189897162690969,-1.3889587071228628,31.805510492561368
5.962531486596554,-1.7034747634969618,31.401480272032607
5.732551299093749,-1.978692320391255,30.98589525017255
5.501213990509199,-2.2160616436270937,30.56260674535317
5.26969572148511,-2.417393717845562,30.135070384722116
5.03908303830519,-2.58477692920378,29.70633038755414
4.810367239279921,-2.720498810623008,29.279018027861063
4.584441257782832,-2.8269747953026894,28.855361864051243
4.362098776190266,-2.9066852284153106,28.437207246547754
4.144035256052099,-2.962121269725086,28.026042693305868
3.9308505602787838,-2.9957398042608374,27.623030916628384
3.723052849342595,-3.0099270732966197,27.22904255258182
3.5210634516634185,-3.006970442090471,26.844690951390497
3.3252224348508017,-2.989037524780168,26.470366704637822
3.1357946360618727,-2.9581617765467976,26.106270891231343
2.9529759436836125,-2.916233622507948,25.752446304004042
2.7768996566978656,-2.86499620547399,25.40880616362973
2.60764278083271,-2.8060448855231757,25.075160032199218
2.4452321508420334,-2.7408297001091677,24.751236804992956
2.289650295313497,-2.6706600832216716,24.43670478791613
2.140840983957442,-2.596711237472787,24.131188963554663
1.998714417314535,-2.5200316475973303,23.83428561551227
1.863152035367179,-2.4415513133941733,23.54557452349573
1.7340109349043384,-2.362090361861336,23.264628965270735
1.6111278960013682,-2.2823677707157892,22.99102377045103
1.4943230259998534,-2.203009998110311,22.724341668903172
1.3834030352765485,-2.1245593663045463,22.4641781665473
1.2781641632291156,-2.0474820908991624,22.210145166122118
1.1783947756052673,-1.972175882848992,21.96187353212649
1.0838776558516394,-1.8989770788127207,21.719014779235984
0.9943920138117086,-1.8281672774871631,21.48124204319663
0.9097152350727424,-1.7599794763972991,21.248250473358212
0.8296243937286412,-1.6946037160816052,21.01975716719369
0.7538975504343338,-1.6321922475442625,20.795500749716105
0.6823148564949759,-1.5728642449563845,20.575240684846328
0.6146594834514351,-1.5167100894879573,20.35875639158203
0.5507183962632533,-1.4637952523520816,20.14584622526471
0.4902829868047932,-1.4141638060642376,19.93632637327373
0.4331495830187223,-1.3678415929023633,19.73002970499431
0.37911984774108975,-1.324839078870031,19.526804607788353
0.3280010799427561,-1.2851539203276892,19.326513833811845
0.2796064299346428,-1.2487732690297708,19.129033376736125
0.23375503896571037,-1.215675839712491,18.934251392613252
0.19027211260536434,-1.1858337627101214,18.742067175154304
0.14898893634589977,-1.1592142424026812,18.552390192450464
0.10974284098344234,-1.135781040661464,18.36513918955623
0.07237712453409514,-1.1154958028914197,18.180241359279297
0.0367409367113297,-1.098319242790175,17.997631581900073
0.0026891313262845593,-1.084212200562815,17.81725173330319
-0.029917908630388422,-1.0731365880535646,17.63905006008023
-0.06121446901308371,-1.0650562330798385,17.46298061950332
-0.09132972193508634,-1.0599376341774207,17.289002781826056
-0.12038795930235638,-1.0577506359824533,17.117080792101774
-0.1485088396027593,-1.0584690345800063,16.947183388585923
-0.1758076454520767,-1.0620711213331968,16.779283474780872
-0.2023955497285103,-1.0685401729639235,16.613357842264506
-0.2283798884255727,-1.0778648949791236,16.449386941599002
-0.2538644386221792,-1.0900398249181946,16.287354698827542
-0.2789497002110597,-1.1050657013313085,16.127248375321553
-0.30373318024466717,-1.1229498038786738,15.969058469029337
-0.32830967895368734,-1.1437062694616107,15.812778655490915
-0.35277157666892506,-1.1673563888522223,15.658405767317449
-0.37720912103442394,-1.1939288878743815,15.505939811182573
-0.40171071403962266,-1.2234601967998713,15.355384021734475
-0.4263631985224301,-1.2559947112551368,15.206744952209686
-0.4512521439044113,-1.29158504758164,15.060032601911768
-0.4764621310147282,-1.3302922952516625,14.91526058111021
-0.5020770359418362,-1.3721862686068913,14.77244631431779
-0.5281803129217878,-1.4173457598543833,14.631611283319634
-0.5548552763297656,-1.465858794918376,14.492781311756021
-0.582185381887424,-1.5178228934013676,14.355986893505609
-0.6102545072328422,-1.573345333547857,14.221263567578877
-0.6391472320222927,-1.6325434227224696,14.0886523427154
-0.668949117743298,-1.695544773503443,13.958200175386139
-0.6997469874161024,-1.7624875850442936,13.829960505435572
-0.7316292053449481,-1.8335209288614955,13.703993854161148
-0.7646859570504445,-1.9088050376535721,13.580368490221199
-0.7990095294685383,-1.9885115951349792,13.459161169389395
-0.8346945914385315,-2.0728240241628417,13.340457954835216
-0.8718384744202609,-2.161937769630283,13.22435512530659
-0.9105414532765616,-2.256060571678959,13.110960179322184
-0.9509070268286335,-2.3554127237251468,13.000392944245128
-0.9930421977355289,-2.4602273085753223,12.892786799903394
-1.0370577510607228,-2.5707504045023675,12.788290027238727
-1.0830685306639722,-2.6872412515328308,12.687067293296657
-1.131193712290038,-2.8099723663255975,12.589301284702064
-1.1815570719111048,-2.939229591865403,12.495194502580006
-1.2342872475097337,-3.07531206570891,12.404971232656596
-1.289517992055709,-3.2185320876599692,12.318879704978203
-1.3473884149238367,-3.369214864462739,12.237194458278882
-1.4080432084100036,-3.527698105330377,12.160218924453757
-1.4716328553176148,-3.6943314378121648,12.088288248794532
-1.5383138127924512,-3.8694756085784525,12.021772361529758
-1.6082486666660312,-4.05350142810279,11.961079315683858
-1.681606249509134,-4.246788411874909,11.906658905197771
-1.758561714380107,-4.4497230636185385,11.859006575483312
-1.83929655485726,-4.662696737950813,11.818667635921216
-1.9239985603500664,-4.88610301095095,11.786241780026575
-2.0128616938680928,-5.120334477167119,11.762387913814226
-2.1060858773670637,-5.365778880669155,11.747829285964903
-2.2038766674661265,-5.6228144758758365,11.743358904321772
-2.306444801718418,-5.891804501126448,11.749845211567289
-2.4140055927006587,-6.17309063447841,11.768237978095259
-2.526778143953991,-6.466985287245758,11.799574351473096
-2.6449843582527444,-6.773762576728485,11.844984978769212
-2.768847704807017,-7.093647805972345,11.905700089601165
-2.8985917078419767,-7.426805266014352,11.983055393167913
-3.034438114587148,-7.773324165959856,12.078497600834497
-3.1766046961283294,-8.133202489796636,12.193589336088452
-3.3253026299383786,-8.506328577895887,12.330013134964075
-3.480733408377104,-8.892460238001892,12.489574171526407
-3.6430852132658478,-9.291201208089447,12.674201264141924
-3.812528693110556,-9.701974825370495,12.885945628847189
-3.989212077078354,-10.123994806312663,13.12697674657433
-4.1732555589553835,-10.55623311694569,13.399574602604797
-4.364744885695092,-10.99738501691983,13.706117441947974
-4.563724089631834,-11.445831501385044,14.049064067614701
-4.77018731198443,-11.899599548902087,14.430929596425932
-4.98406967909196,-12.356320818478824,14.854253488320357
-5.205237213273566,-12.81318973108657,15.321558592802283
-5.433475788807956,-13.266922225767141,15.835299926964126
-5.668479181916732,-13.713716899926858,16.397801934751524
-5.909836313457036,-14.149220725172194,17.01118310294336
-6.1570178458084905,-14.568502064620173,17.67726705640134
-6.409362372372841,-14.966034285799365,18.39747965782297
-6.666062529775637,-15.33569383296672,19.172732231395184
-6.926151468871369,-15.670777145816347,20.00329184936174
-7.1884902391797185,-15.964041221361901,20.88864069233664
-7.451756768645184,-16.207772825264964,21.8273278303895
-7.714437250343778,-16.393891261687866,22.816818360638923
-7.9748208706841,-16.51408908545568,23.853346631305037
-8.230998917127248,-16.560014059822475,24.93178218798227
-8.480869371408104,-16.523493910349625,26.045518944042556
-8.72214810757635,-16.396802915919675,27.186399688731456
-8.95238775182665,-16.17296608929938,28.344689127078052
-9.169005101950832,-15.846092704934572,29.509108871092785
-9.369317730040343,-15.411726431971474,30.666946830957166
-9.550589991098278,-14.867194679417535,31.80425097974361
-9.710088131747856,-14.211935469449234,32.90611327695572
-9.845143551878897,-13.447776869742741,33.95704360349682
-9.953222551414813,-12.579142453554848,34.941426104824394
-10.032000148479014,-11.6131571022929,35.844041887237964
-10.07943485709343,-10.559631235268318,36.65063340611071
-10.093840748438677,-9.430908441164341,37.34847822355776
-10.073952779220447,-8.241571241237729,37.92693432050437
-10.018981333080966,-7.0080115612652065,38.377916972407434
-9.928652239926492,-5.747885161428197,38.696269172826675
-9.803229227571544,-4.479481157398595,38.87999400992695
-9.643516785466355,-3.2210471546718438,38.93032787589334
-9.45084269654252,-1.9901159279248475,38.85164682016297
-9.227020893483989,-0.8028800572395007,38.651213077788356
-8.974296668396654,0.3263437128321849,38.338782857641576
-8.69527745695979,1.3855277712759053,37.92610797611694
-8.39285330011272,2.3652042846183265,37.4263714124001
-8.070111572570788,3.2585865654403374,36.8535995724201
-7.730250628430454,4.061547737057448,36.222092005176066
-7.376496677465817,4.772474338013583,35.54590326565642
-7.012027547001435,5.392020348471365,34.838402822023376
-6.639906110137251,5.922791247846876,34.111928841628405
-6.263025189397728,6.368988263622991,33.377541775255665
-5.884064785807106,6.736040554782375,32.644875018242615
-5.5054616255894215,7.030248576314823,31.922073277818555
-5.129390319532294,7.258456254173314,31.21580490748781
-4.7577549223211255,7.42776373204429,30.531332305963883
-4.392189362690163,7.545287005945966,29.872624188324522
-4.03406507163108,7.617966176729611,29.242494653181677
-3.684504134180259,7.652420533857668,28.64275599394574
-3.344396394139121,7.654846261701417,28.07437468307144
-3.0144191144639048,7.630951129215283,27.53762253388749
-2.6950580071535293,7.585919909920619,27.03221745909415
-2.386628669641305,7.524404280068199,26.557450342554638
-2.08929768115002,7.450531363613734,26.11229624936127
-1.8031028098071076,7.367925764505769,25.695509507854318
-1.5279719525777211,7.279740716192202,25.30570313629147
-1.2637405725146234,7.188694787922298,24.94141370856476
-1.0101675117015159,7.097111352720557,24.601153118809894
-0.7669491457688536,7.006958704902611,24.283448874467332
-0.5337319102487097,6.919889297930782,23.98687457579103
-0.31012327400332496,6.837277052617898,23.71007217269618
-0.09570126420468827,6.760252066571354,23.451767463520962
0.109977335718593,6.689732348832331,23.210780142194622
0.30736998611200517,6.6264524217095495,22.986029530176626
0.4969424591799315,6.57098878803753,22.77653696076319
0.6791638490456595,6.523782368950994,22.58142562443127
0.8545024046428196,6.4851580858183135,22.399918539627286
1.0234220750780845,6.45534179963133,22.23133518601922
1.1863796668146818,6.4344748396523865,22.075087227158196
1.343822521999813,6.422626356667144,21.93067365605056
1.496186637039833,6.419803729614136,21.797675618974843
1.643895149817062,6.425961241337159,21.675751108311765
1.787357132562665,6.441007222469354,21.564629662404112
1.9269666352598656,6.464809843992063,21.464107167779755
2.0631019315218313,6.497201720216469,21.37404082482868
2.19612492518267,6.537983465766285,21.294344310765048
2.326380681400179,6.5869263332191,21.224983152153413
2.4541970509547464,6.643774042775817,21.16597030234595
2.5798843607093787,6.708243901884935,21.117361905952393
2.7037351469446453,6.780027301248006,21.079253222195838
2.826023911573746,6.858789664093886,21.051774671090165
2.94700688414935,6.944169918004357,21.035087960331104
3.0669217751650004,7.035779552846062,21.02938224625841
3.1859875084954323,7.133201324443145,21.03487027895467
3.3044039229738638,7.235987661434289,21.051784479317714
3.4223514351276765,7.343658832217443,21.080372894674877
3.5399906570403696,7.455700929912932,21.120894979163403
3.6574619652265463,7.5715637357838075,21.17361714570756
3.774885018343264,7.690658525444063,21.238808038059663
3.892358223556288,7.812355887347189,21.316733474167993
4.009958153470015,7.93598362934078,21.407651016260957
4.127738917746138,8.060824856323963,21.511804128701144
4.245731495903472,8.186116310033732,21.62941589209997
4.36394304032738,8.311047070436976,21.760682251645363
4.482356161230667,8.434757726770929,21.905764789337578
4.600928208196875,8.556340134529776,22.064783024095
4.719590565986863,8.674837882123628,22.2378062606929
4.838247985470966,8.789247596926812,22.42484502838533
4.956777973814641,8.89852122427651,22.625842172897844
5.075030271328497,9.00156941387836,22.840663691209024
5.192826445604993,9.097266145140434,23.069089426945908
5.309959636591056,9.18445471525164,23.31080377488837
5.426194488950874,9.261955200384236,23.565386575360332
5.541267310293875,9.328573480300204,23.832304412259077
5.654886495394066,9.38311188903884,24.110902560917104
5.766733257203409,9.424381518592956,24.400397862368905
5.876462705045095,9.451216158146751,24.699872827063647
5.983705308638145,9.46248779852627,25.0082712914997
6.088068783334789,9.45712357046202,25.324395963314355
6.1891404269486054,9.434123917130481,25.646908191575907
6.286489931654062,9.392581727953338,25.974330286943697
6.37967268554304,9.331702084258843,26.305050688724425
6.468233567504514,9.250822191378358,26.637332230802894
6.551711226220729,9.149431000012779,26.969323694747757
6.6296428194344905,9.02718795681655,27.299074755763435
6.701569173555952,8.883940275080999,27.624554326381745
6.767040306601704,8.7197380862535,27.94367218598988
6.825621239991258,8.534846826669831,28.254303655056855
6.876898007591615,8.32975623550963,28.554316936308183
6.9204837544291555,8.105185392691938,28.8416026075421
6.956024803577039,7.862083310716778,29.11410461983429
6.983206558791231,7.601624711862484,29.3698520388073
7.001759103383368,7.325200768942263,29.6069906738727
7.011462353350135,7.034404758903687,29.8238136788145
7.012150625516742,6.731012766529069,30.018790183479158
7.003716489747111,6.416959771002323,30.190591035456148
6.986113788184768,6.094311640372928,30.338110794723715
6.959359723750413,5.765233736533197,30.46048523257952
6.923535944133896,5.431956985026644,30.557103734894085
6.878788575360678,5.096742379800187,30.627616191873354
6.825327189493864,4.761844964960863,30.671934162491883
6.763422722757874,4.429478358590913,30.69022631998198
6.693404391832866,4.101780855944361,30.68290840258674
6.61565568575621,3.7807840726598307,30.650628098516012
6.530609537363319,3.468384968139163,30.594245473999937
6.438742800286595,3.1663219330496655,30.51480969878171
6.340570174269486,2.8761554432936536,30.413532927292025
6.236637732340212,2.5992535873126235,30.29176225222221
6.127516207989384,2.3367825760967738,30.150950659685535
6.013794199032605,2.0897021569178795,29.99262788418448
5.896071437769163,1.8587656822558196,29.81837199243242
5.774952265103763,1.6445244421885221,29.629782424994637
5.651039430416305,1.4473357567215894,29.42845510226904
5.524928320205464,1.2673742466231117,29.2159600655492
5.3972016979979935,1.104645657329882,28.99382198356838
5.26842501677795,0.9590025983143834,28.763503717906968
5.139142344224044,0.8301615762013298,28.526393013529045
5.009872921183362,0.7177207390206476,28.283792268481793
4.881108355718481,0.6211778058016094,28.03691124275089
4.753310439220974,0.5399477246537029,27.78686249210623
4.626909557783956,0.4733796782314613,27.534659258747467
4.502303661397382,0.42077313331566346,27.28121551573669
4.37985774555493,0.38139270721408935,27.02734784476677
4.259903794404705,0.35448169471691415,26.773778824346998
4.142741131414072,0.33927416324311066,26.521141615267243
4.028637122368943,0.33500557921915824,26.269985449423505
3.9178281760744498,0.34092197499834154,26.0207817540557
3.8105209900421664,0.3562877027128537,25.77393067371006
3.706893991422287,0.3803918497662611,25.52976778466977
3.607098927172606,0.4125534109615182,25.288570829445916
3.5112625616862734,0.45212532546641526,25.050566330812263
3.419488444599678,0.4984974939944158,24.815935974789145
3.33185871608152,0.5510988937962169,24.58482267924501
3.248435921412961,0.6093989073482463,24.357336288979738
3.1692648109910193,0.672907975938626,24.13355885910094
3.0943741059394476,0.7411776825305679,23.913549506201704
3.0237782132371813,0.8138003600482997,23.697348821426914
2.957478877641515,0.8904083121785449,23.48498285119903
2.895466760677626,0.9706727243898176,23.276466660444488
2.837722939588992,1.054302333512111,23.071807499929715
2.784220321406685,1.1410419151647537,22.871007604101113
2.7349249692194273,1.2306706397620264,22.674066648937888
2.6897973393357053,1.3230003398882975,22.480983901064214
2.648793429352283,1.417873724586063,22.29176008999529
2.6118658382092965,1.5151625695677877,22.106399035148684
2.578964740150051,1.6147659065402953,21.924909058345072
2.5500387751417586,1.7166082296899718,21.74730421112726
2.525035858778205,1.8206377328738566,21.573605344490357
2.5039039150010747,1.9268245871416694,21.403841046658965
2.4865915351652923,2.035159264817637,21.238048472465017
2.4730485670548625,2.1456509134376462,21.076274085746455
2.463226637446346,2.2583257803067003,20.91857433405776
2.4570796117321567,2.3732256862563896,20.765016272898013
2.454563993967884,2.4904065452886055,20.615678154646428
2.4556392705075054,2.6099369251409548,20.470649995464036
2.460268200146509,2.731896642357276,20.330034131578632
2.468417053412832,2.8563753841543678,20.19394577461563
2.480055803335078,2.9834713482096724,20.06251357396143
2.495158269681316,3.1132898904254533,19.93588019253393
2.51370221830364,3.245942169728978,19.81420290076869
2.5356694168464,3.3815437780263458,19.697654192086336
2.5610456476817984,3.5202133425254822,19.58642242156216
2.5898206785271087,3.662071086771914,19.4807124679444
2.621988190774453,3.807237335894646,19.38074641753254
2.657545665128059,3.9558309507392835,19.286764266699127
2.696494223696396,4.107967674777696,19.1990246379833
2.738838427228835,4.2637583769401965,19.117805502665163
2.7845860257201758,4.423307172836574,19.04340490051034
2.8337476601336675,4.586709406243132,18.976141644914723
2.8863365125169516,4.754049472269702,18.91635599894212
2.942367901309534,4.92539846332884,18.864410304693937
3.0018588181701134,5.100811618965936,18.820689545043578
3.064827402193988,5.280325560843045,18.785601812975315
3.13129234695346,5.4639552947849035,18.759578659559335
3.2012722353884033,5.651690962892226,18.7430752869503
3.274784797213518,5.843494330422145,18.73657054770582
3.3518460832097765,6.039294994564051,18.74056670618746
3.4324695505504046,6.238986305556341,18.755588911854367
3.5166650532005828,6.442420994970826,18.782184327937056
3.60443773145369,6.649406511630993,18.82092085236788
3.695786794859009,6.859700072740127,18.872385361067167
3.7907041931954426,7.073003446601138,18.937181396911758
3.8891731707976134,7.288957494046158,19.015926221177807
3.9911667004950697,7.507136508594348,19.109247138255313
4.096645794738048,7.727042410642245,19.217776999364485
4.205557693215174,7.948098868854804,19.34214878734404
4.3178339284843625,8.169645442509005,19.48298918291407
4.433388273905102,8.390931861909468,19.640911013838462
4.552114581545233,8.611112590099577,19.816504492937337
4.673884521801863,8.8292418377325,20.010327159855166
4.798545241279783,9.044269233746284,20.222892455902848
4.925916961053778,9.25503638675611,20.45465688226828
5.055790543824848,9.460274604878792,20.706005720572517
5.187925065656467,9.658604073719053,20.977237332260117
5.322045435898344,9.848534821738257,21.268546100670502
5.457840117473542,10.028469827001265,21.580004137646977
5.594959008759374,10.196710636684793,21.911541945657312
5.733011557597137,10.351465877592537,22.262928306565062
5.871565187196999,10.490863028704913,22.633749758642516
6.010144122442236,10.61296380163933,23.02339012248605
6.148228712818149,10.715783427836588,23.431010641402338
6.285255354268702,10.797314078496857,23.85553140850197
6.4206171159955465,10.855552541450972,24.295614855652882
6.55366517875921,10.888532145916876,24.749652171608645
6.68371118777394,10.89435876059416,25.215753589617517
6.810030614958547,10.871250493997538,25.691743529039403
6.931867211329716,10.817580502177362,26.175161580619072
7.048438610055145,10.731922065038457,26.66327028070251
7.158943113704645,10.613094838884292,27.153070516328683
7.262567665460034,10.460210943739101,27.641325233284647
7.358496963808406,10.272719316951443,28.12459187869071
7.445923634402697,10.050446579714196,28.599263698942234
7.524059322762042,9.793632542009078,29.06161963919477
7.592146519339454,9.50295843531245,29.507882165116914
7.6494708768186435,9.17956602985457,29.934281871546595
7.695373731409721,8.825065977964206,30.337127282903193
7.729264498806356,8.441534033215277,30.712877819121996
7.750632584838623,8.03149422323164,31.05821753411474
7.759058433990414,7.597888587512399,31.370126967088815
7.7542233385960735,7.144033704451329,31.645950312672504
7.735917649571731,6.6735648872690065,31.883455138373513
7.70404706670265,6.190369582190104,32.080882070959646
7.658636742167273,5.698512104884302,32.23698223646482
7.599833003048784,5.202152354381955,32.35104075592169
7.527902583588779,4.705461504447764,32.42288523985967
7.443229351214549,4.212537858408893,32.45287894562417
7.346308606430379,3.727326046901834,32.44189901047604
7.237739129644523,3.253542548040813,32.39130089454455
7.118213232196411,2.794610132470856,32.30287080769829
6.988505139204645,2.353603313465305,32.17876840785915
6.849458084432465,1.9332062583038851,32.021462412298575
6.701970529648608,1.5356839421427615,31.83366194052374
6.546981932023432,1.1628666513163486,31.618246406349456
6.3854584736022195,0.8161473173430476,31.37819661184117
6.218379138914444,0.496490625259829,31.116529393755116
6.046722483504806,0.20445241824410904,30.836237769285386
5.871454381546985,-0.059792370071938716,30.540238061934566
5.693516978998417,-0.29641518108360554,30.2313249995828
5.513819014195956,-0.5058946516656287,29.912135300923648
5.3332276042201086,-0.6889746701613929,29.58511983241907
5.152561535988664,-0.8466213859856221,29.25252404679975
4.972586048329435,-0.9799806674300082,28.916376118442003
4.794009046856652,-1.0903372424965196,28.57848197531263
4.617478658176057,-1.1790764840053267,28.240426289512975
4.443582003910615,-1.2476495316448204,27.903578421605328
4.272845057843952,-1.2975421944815992,27.56910230732923
4.105733440274186,-1.3302478576387962,27.237969316725593
3.9426540013367966,-1.3472444320781738,26.91097319242873
3.783957048334347,-1.349975238773105,26.588746273995326
3.6299390797211237,-1.3398336072753543,26.27177632805705
3.4808458991112294,-1.318150890945569,25.960423421062757
3.3368759954095255,-1.2861875528156115,25.65493638562055
3.1981840889627713,-1.2451269523932875,25.355468538058496
3.0648847577220897,-1.1960714597603685,25.06209240059908
2.937056071197616,-1.1400405343185984,24.77481326473143
2.8147431730321295,-1.077970427227711,24.4935815023568
2.6979617650243344,-1.0107151952705682,24.218303588325536
2.5867014562154873,-0.9390487465369532,23.94885184292059
2.480928950132914,-0.863667672542196,23.68507293689014
2.3805910514526607,-0.7851946553829554,23.426795226200202
2.285617480247592,-0.7041822709912319,23.17383500023567
2.1959234877104272,-0.6211170396248287,22.92600173715473
2.1114122718903694,-0.5364236019243985,22.68310246482389
2.0319771956759265,-0.4504689229419651,22.4449453264153
1.9575038121173898,-0.3635664474731135,22.21134244736336
1.8878717043296747,-0.2759801479168599,21.98211219582086
1.8229561487622785,-0.18792842094923198,21.757080922740563
1.7626296116709332,-0.09958780179001958,21.53608426080819
1.7067630892671046,-0.01109647505473052,21.318968054116148
1.6552273023374495,0.07744243059129961,21.105588983034544
1.607893756185065,0.16595777023849811,20.89581494145894
1.564635676606668,0.2544075341774511,20.68952521666992
1.5253288323337915,0.342776220275893,20.486610515546936
1.4898522539720545,0.43107242168002496,20.28697287490972
1.4580888590032937,0.5193266221262773,20.090525488351272
1.429925991896983,0.6075891896800204,19.897192477086822
1.4052558878304742,0.6959285587482851,19.706908628063143
1.3839760679580084,0.7844295896306488,19.519619118829414
1.3659896736081876,0.8731920945820596,19.33527924543159
1.3512057462374036,0.9623295192865061,19.15385416682003
1.3395394594288768,1.0519677687185485,18.975318676914167
1.330912308707567,1.1422441665503726,18.799657013507485
1.325252264442851,1.2333065375047978,18.62686271158052
1.3224938926347094,1.3253124023272234,18.45693850728052
1.3225784479254847,1.4184282753260204,18.28989629778682
1.3254539427475007,1.512829054690564,18.125757161477697
1.3310751961057927,1.6086974960221025,17.964551442215345
1.339403865103282,1.7062237596909227,17.80631890114312
1.3504084619409111,1.8056050227518559,17.6511089391163
1.3640643587652395,1.9070451461984437,17.498980892741606
1.3803537823882357,2.0107543883042203,17.350004406959044
1.3992658005657153,2.1169491546780757,17.20425988714295
1.420796301189086,2.2258517754399723,17.061839033808294
1.4449479654166126,2.3376902995934965,16.922845463165615
1.471730235441919,2.452698296222355,16.787395416955675
1.5011592772653322,2.5711146515577123,16.65561856519579
1.5332579384941036,2.6931833502400844,16.52765890566482
1.568055700846483,2.8191532282202876,16.40367576412393
1.605588626667697,2.9492776836946843,16.283844899393394
1.6458992983785068,3.083814331235809,16.16835971745771
1.6890367493642258,3.2230245828448054,16.05743259872424
1.735056384368643,3.367173138001034,15.951296342382289
1.7840198869776147,3.516527362900648,15.850205731462099
1.8359951112553057,3.67135653694456,15.754439221632635
1.8910559540259833,3.831930942142907,15.664300755951363
1.949282203669491,3.9985207684364084,15.580121706627407
2.0107593606124987,4.171394804987124,15.502262943310292
2.0755784239437376,4.350818884260191,15.431117025386571
2.1438356377532313,4.537054042210247,15.36711051315928
2.2156321898869415,4.7303543541187185,15.310706389488715
2.2910738548138947,4.930964401632982,15.2624065793594
2.3702705712184673,5.139116322387236,15.222754549761799
2.4533359437535305,5.355026389314433,15.19233796607441
2.5403866571203575,5.578891062497757,15.171791373620204
2.6315417892816795,5.810882452308089,15.161798864050976
2.7269220091724717,6.051143128830317,15.163096675468989
2.826648642762207,6.299780209457255,15.1764756625009
2.9308425897630586,6.5568586543614495,15.202783557663517
3.03962307170101,6.822393698767548,15.242926928079472
3.1531061905130064,7.09634235207221,15.297872711708692
3.2714032753597824,7.3785938975477485,15.36864919459479
3.3946189940254214,7.668959333412085,15.456346265088715
3.5228492042070214,7.96715970739766,15.56211475261392
3.6561785193027405,8.2728133137183,15.687164627437742
3.7946775631352074,8.585421744800307,15.83276180448155
3.9383998885851605,8.904354821763832,16.000223259087203
4.087378536580521,9.228834469011993,16.190910126875906
4.241622214553465,9.557917651112742,16.406218424870087
4.401111077650244,9.89047855618083,16.64756699895971
4.565792102006161,10.225190290845873,16.91638227633881
4.735574047671352,10.5605064490508,17.214079384289963
4.910322019712735,10.89464303132522,17.542039193150973
5.08985165006111,11.225561323027913,17.901580856955725
5.273922940250114,11.550952488429044,18.293929466614927
5.462233826695482,11.868224799898053,18.72017850505343
5.654413555891559,12.17449459325257,19.18124690965119
5.85001598701239,12.46658221418296,19.677830713196837
6.048512973827507,12.741014385980165,20.210349458628613
6.249288016192087,12.994034571123624,20.778887872175567
6.451630412840033,13.221623000009432,21.383133638726896
6.654730190455115,13.419528076357613,22.02231255287929
6.8576741270321895,13.583310813971798,22.695122813664465
7.059443227640378,13.708403784204762,23.39967077681193
7.258912044337309,13.79018572774362,24.133411051605453
7.454850254839498,13.824072480681151,24.893094393817066
7.645926921614748,13.805624162551899,25.67472735243415
7.830717838842863,13.73066766446334,26.473548013451314
8.007716333611477,13.595432368248103,27.284022375510162
8.175347814650575,13.396695756742727,28.099865810132364
8.331988252913339,13.131934204629301,28.914093625815294
8.475986631464817,12.799472865265749,29.719103904867165
8.605691218478846,12.39862731998359,30.506794474776385
8.719479301523988,11.929828686525427,31.268714112516367
8.815789783074031,11.394723359670454,31.996245914420058
8.893157790371923,10.796238640297682,32.68081831302724
8.950250215869696,10.13860632858099,33.31413666760374
8.985900899251035,9.42733798349332,33.8884259357377
8.999144011778304,8.669147971058436,34.396672925014485
8.989244130556708,7.871823522686692,34.83285530627405
8.955721512320608,7.044044580932802,35.192144187192206
8.898371204378973,6.195159908269176,35.47106776119234
8.81727486549568,5.334929398799219,35.66762540892307
8.712804501494785,4.473245373867457,35.78134454380611
8.585617727665966,3.6198475149168035,35.81327622266528
8.436644621283492,2.7840467453679856,35.7659297303938
8.267066685006027,1.9744727157031297,35.64315056308697
8.07828886592694,1.1988576343851944,35.449950033540524
7.871905928980687,0.4638662409758135,35.192297716001974
7.649664738340541,-0.22502192070455718,34.87688985296787
7.413424138569188,-0.8635756907496218,34.510907531916516
7.165114143689624,-1.4488224865316819,34.101777927884505
6.906696044782985,-1.9790103271490938,33.65695036370622
6.640124853625022,-2.453529031574782,33.18369663207811
6.367315237069028,-2.8727995424665513,32.688942274740825
6.0901117936829605,-3.238141011514865,32.17913264899549
5.810264209527026,-3.55162512863509,31.660134914867186
5.529407529382162,-3.8159263494705753,31.13717476201286
5.2490475130165795,-4.034175376417218,30.61480489550943
4.970550826333565,-4.209821686686268,30.09690106428778
4.69513965094297,-4.346509265392762,29.58668072701015
4.423890183452898,-4.447968143450703,29.086739239788685
4.15773443364579,-4.517922965316732,28.59909862132957
3.897464711676914,-4.560018681838768,28.12526439630171
3.6437402098714435,-4.577762601337688,27.666286633368152
3.3970951255351696,-4.574481430346703,27.22282199041707
3.1579478288587133,-4.55329156664599,26.79519428482408
2.926610646993572,-4.517080732488047,26.383451769805337
2.7032999056091236,-4.468499012249407,25.987419886456994
2.4881459380733677,-4.409957444401334,25.60674875801214
2.281202836599127,-4.34363247546301,25.240955093408385
2.0824577772372628,-4.271474782585155,24.889458475232598
1.8918398004425903,-4.19522118752115,24.551612231667598
1.709227970803678,-4.116408600377671,24.226729245208798
1.5344588736682374,-4.0363891347809036,23.914103145566486
1.367333433414763,-3.9563457196863316,23.613025382856396
1.2076230588217303,-3.877307693335066,23.322798691261088
1.0550751362570263,-3.8001660007721982,23.042747442582293
0.9094179021461496,-3.725687728633552,22.77222536154583
0.7703647332227586,-3.6545298014334504,22.510621036748116
0.6376178971830723,-3.5872517348116157,22.257361617625275
0.5108718082232316,-3.52432739582472,22.011915042370852
0.3898158321017931,-3.466155761088838,21.77379109685239
0.2741366843060742,-3.4130706929152757,21.542541561961833
0.16352046298943368,-3.365349773798233,21.317759667511634
0.05765435588580367,-3.3232222526753405,21.099079035305188
-0.04377194237103066,-3.2868761639544912,20.8861722625677
-0.14106506901853447,-3.256464683756984,20.678749269482317
-0.23452705746068794,-3.232111788280161,20.4765555109412
-0.3244545993852721,-3.2139172775153266,20.27937013250268
-0.4111384797291737,-3.2019612244560025,20.087004133604992
-0.4948631620709786,-3.1963079059216337,19.899298586968687
-0.5759065043864983,-3.197009266593808,19.716122951471768
-0.6545395872527175,-3.2041079630999265,19.5373735062692
-0.7310266385281339,-3.2176400301829413,19.362971926243315
-0.8056250402777781,-3.2376372062995045,19.192864012733462
-0.87858540525843,-3.2641289514770775,19.027018588653426
-0.9501517116449893,-3.297144185980073,18.865426563343384
-1.0205614858750418,-3.3367127743054588,18.708100169628445
-1.0900460245279544,-3.382866775249139,18.555072373400993
-1.15883064704959,-3.4356414752420132,18.406396454465664
-1.2271349718953626,-3.495076218825937,18.26214575625886
-1.2951732093032797,-3.5612150469963915,18.122413601271884
-1.3631544644340732,-3.6341071511489895,17.98731336847354
-1.4312830450355207,-3.713807147498435,17.85697872866201
-1.4997587681094082,-3.8003751740589244,17.731564033402854
-1.5687772602878938,-3.893876809553435,17.611244852962827
-1.63853024676586,-3.9943828109272896,17.496218658365095
-1.7092058236907028,-4.101968663453365,17.386705642310105
-1.7809887088835827,-4.216713934710544,17.282949673168716
-1.8540604656583917,-4.338701420976421,17.185219375500143
-1.9285996943179327,-4.468016071788317,17.093809329514425
-2.004782185642044,-4.604743675588381,17.009041380521865
-2.082781030340434,-4.748969286482453,16.93126604761932
-2.1627666780246946,-4.900775369221558,16.860864018578678
-2.2449069387606007,-5.0602396365850115,16.798247715043257
-2.329366919695333,-5.227432550445521,16.743862908612435
-2.4163088886178388,-5.402414454987974,16.698190364105773
-2.505892055608943,-5.585232307915606,16.661747481140566
-2.598272263178143,-5.7759159731172955,16.63508989902052
-2.6936015744763178,-5.974474036327331,16.6188130227043
-2.792027748331848,-6.1808891039614435,16.61355341918645
-2.893693589000736,-6.395112544782148,16.61999002387081
-2.9987361576741782,-6.61705863460621,16.638845085349843
-3.1072858319821393,-6.846598066250027,16.67088476434678
-3.219465199010176,-7.0835507907141775,16.716919288388663
-3.335387766761296,-7.327678161708439,16.77780254806603
-3.45515647860971,-7.578674364563539,16.854431003578632
-3.5788620151883253,-7.836157122996526,16.947741751842795
-3.7065808684225714,-8.099657693802552,17.058709585049765
-3.838373173183971,-8.368610181117285,17.18834285168547
-3.9742802834219706,-8.642340229265885,17.337677911328964
-4.114322081797288,-8.920053187246896,17.507771955973634
-4.2584940149607755,-9.200821879435372,17.69969395440486
-4.406763850895014,-9.483574166890918,17.914513463923768
-4.559068160374891,-9.767080542317274,18.153287047443897
-4.715308531833163,-10.049942069551973,18.417042036172415
-4.875347537964727,-10.330579055349304,18.706757391660567
-5.039004483486264,-10.607220926429106,19.02334144937643
-5.206050976774549,-10.877897876745696,19.367606372938724
-5.376206383773683,-11.140434946067268,19.740239217874194
-5.54913324064249,-11.392449287303073,20.141769600446075
-5.724432722042308,-11.631351471048324,20.572534094766688
-5.901640284512489,-11.854351754204918,21.03263764344346
-6.080221628603262,-12.058472295997682,21.521912465603
-6.259569148625094,-12.240566327994914,22.039875181567353
-6.438999064006189,-12.397345261839746,22.58568314323584
-6.617749449941195,-12.525414634990629,23.15809125717496
-6.794979405492678,-12.621319636086563,23.755410902713155
-6.969769612410495,-12.681600703651736,24.37547286365951
-7.141124545147732,-12.702859343371292,25.01559648723327
-7.307976589094439,-12.6818338535368,25.67256752886602
-7.4691923070277095,-12.61548408628247,26.34262730266168
-7.623581060405352,-12.5010837148226,27.021475796501978
-7.76990614003787,-12.336317747617652,27.704291288965592
-7.906898488265264,-12.119382267336198,28.385768686202663
-8.033273001637392,-11.849082628921298,29.060178252623732
-8.147747290455909,-11.524925694270271,29.721445625868334
-8.24906264257034,-11.147201188632371,30.363252990591615
-8.336006798952202,-10.717047017511172,30.97916006962933
-8.40743800550897,-10.236493459395808,31.56274223695967
-8.462309669125576,-9.708481609850747,32.107741656126755
-8.49969482734733,-9.136852329366242,32.608226017561165
-8.518809552407898,-8.526303235215249,33.05874832220706
-8.51903436289212,-7.8823129242725285,33.45450037345377
-8.499932719733533,-7.211033518447816,33.791452316328694
-8.46126574369496,-6.519154642083947,34.06647079063091
-8.40300241064663,-5.81374389464877,34.27740908123375
-8.325324655166694,-5.10207058312036,34.42316403003757
-8.228627033005305,-4.39142074882714,34.50369632991772
-8.11351084447996,-3.6889122214956056,34.52001300148954
-7.9807728857904285,-3.001318474676093,34.47411316460904
-7.831389253456998,-2.334909428605969,34.368900444006115
-7.666494858711467,-1.6953161105827839,34.208067285635856
-7.487359496267607,-1.0874243673176625,33.995957935236234
-7.295361442399109,-0.5153008053443505,33.73741772751496
-7.091959623287466,0.017847985027577007,33.43763660650527
-6.8786653950380146,0.5096838921210659,33.10199446854849
-6.657014916423242,0.958716162090224,32.73591507435159
-6.428542984067838,1.3642547971443928,32.34473404569157
-6.194759050631471,1.7263434896046785,31.933584999188017
-5.957125974424386,2.045677553219585,31.507306329628864
-5.717041868595067,2.323512323668707,31.070369677456764
-5.475825242827153,2.5615671484417963,30.62682980831609
-5.234703471089085,2.761929465329666,30.180294569706586
-4.994804482996522,2.926962678263103,29.733912806418875
-4.7571514681587335,3.059220673311681,29.290377615285166
-4.522660303914621,3.161370956271275,28.851942077957652
-4.292139366109044,3.2361275974394177,28.42044458787931
-4.06629135720259,3.286194479625702,27.9973410354533
-3.845716782097741,3.31421878394193,27.583741382992876
-3.630918715116551,3.322754220342806,27.180448501193457
-3.4223085270527704,3.3142332101159413,26.78799751133777
-3.220212274937709,3.290947041402994,26.40669425046818
-3.024877495447488,3.2550329277893177,26.03665182737454
-2.8364801827503836,3.2084668839121098,25.677824550598693
-2.6551317707505087,3.1530613713832816,25.330038777760432
-2.480885976486495,3.090466745552305,24.993020455759968
-2.313745394825331,3.022175633915211,24.66641929510398
-2.153667763963115,2.9495294884561214,24.349829652599695
-2.000571846390538,2.873726667929306,24.042808290292232
-1.8543428909609427,2.795831515693757,23.744889240728497
-1.7148376587613017,2.7167840000341683,23.4555960453667
-1.5818890089974376,2.6374095745349564,23.174451649773246
-1.4553100514914656,2.558428994948474,22.900986241093698
-1.3348978800982674,2.480467896011065,22.634743304359002
-1.2204369068149874,2.4040659873604864,22.375284157955043
-1.1117018199897233,2.32968577304932,22.12219120780156
-1.0084601921985519,2.257720735300287,21.87507013658451
-0.9104747643735867,2.188502951357636,21.63355122035215
-0.81750543290165,2.1223101337841994,21.397289941058947
-0.7293109659010745,2.0593721004892953,21.16596704100165
-0.6456504739093634,1.9998766921896498,20.93928814403406
-0.566284658926393,1.943975162816975,20.716983049252992
-0.490976864274092,1.8917870733736122,20.49880478564009
-0.41949394614466085,1.8434047225574448,20.284528500932097
-0.35160698608359764,1.7988971486689338,20.073950244708705
-0.28709186204102166,1.7583137373134323,19.86688569421444
-0.22572969406038806,1.7216874685685088,19.66316886162332
-0.16730717918152116,1.6890378358707407,19.462650813151612
-0.11161682872995331,1.6603734670983636,19.26519842346159
-0.0584571198551038,1.6356944763427432,19.070693183017926
-0.007632571969168389,1.6149945727889092,18.87903007130725
0.041046242373573946,1.5982629510464639,18.690116504971108
0.08776274363376065,1.5854859852444625,18.503871366806052
0.1326944408820817,1.5766487472649937,18.320224119138572
0.1760130700735691,1.5717363676628602,18.139114003187043
0.2178847690012478,1.570735256114573,17.960489324589357
0.2584702836146476,1.5736341966623828,17.78430682422787
0.29792520100607967,1.5804253315661596,17.610531132756762
0.3364002049228821,1.5911050462416052,17.439134306775014
0.3740413501624438,1.6056747665389852,17.270095444343358
0.41099035265374,1.6241416784922784,17.103400377475904
0.4473848924288962,1.6465193796334274,16.939041439313176
0.48335892704503214,1.6728284700089933,16.77701730387544
0.519043013333951,1.7030970901456652,16.617332896580624
0.5545646356383024,1.7373614123755596,16.45999937407151
0.5900485389404201,1.7756660911410675,16.305034172317058
0.6256170655064395,1.818064677141375,16.152461122421126
0.6613904938554875,1.8646199994480082,16.002310634079056
0.6974873790232632,1.9154045189942077,15.854619947161142
0.7340248932223915,1.9705006561218767,15.709433452466756
0.771119166109376,2.03000109413928,15.566803083279133
0.8088856239502732,2.094009060091201,15.42678877995548
0.847439327034501,2.162638583158878,15.289459030407219
0.8868953047182323,2.236014730276933,15.154891489958457
0.9273688874849934,2.314273817664911,15.023173684714507
0.9689760353903909,2.39756359600691,14.894403803223598
1.0118336622088864,2.486043405957783,14.768691581869913
1.0560599545213534,2.57988429949039,14.64615929008982
1.1017746848704244,2.6792691213055972,14.526942822148824
1.1490995179634795,2.784392543083167,14.41119290284543
1.1981583087170702,2.8954610417332733,14.299076415107756
1.2490773907075563,3.012692810988548,14.190777858003871
1.301985853315986,3.136317593626304,14.086500944177363
1.3570158055252957,3.2665764192983655,13.986470346119663
1.4143026239384877,3.403721230337633,13.890933600967907
1.4739851821304621,3.5480143749699136,13.800163183630444
1.5362060579156458,3.6997279440482504,13.714458757941054
1.6011117144996239,3.8591429237055808,13.63414961516451
1.6688526507758026,4.026548132150121,13.559597308443598
1.7395835152170323,4.202238904167722,13.491198490597313
1.813463176885553,4.386515481710918,13.429387960938278
1.8906547460303138,4.579681063215763,13.374641924338107
1.9713255355458772,4.78203945797458,13.327481462469466
2.0556469532187385,4.9938922849996885,13.288476212799704
2.143794313172167,5.2155356483550435,13.258248245275329
2.2359465532276532,5.447256212953656,13.237476119453477
2.3322858430194335,5.689326596402194,13.22689909579796
2.4329970656209166,5.941999983756561,13.227321463611007
2.538267153164986,6.205503863238636,13.23961693421889
2.648284254467195,6.4800327723488245,13.264733031125672
2.763236710003644,6.765739935798733,13.303695388408844
2.8833118067774968,7.062727669832136,13.357611844134123
3.008694282669136,7.371036422524423,13.427676186477592
3.1395645468647944,7.690632317488623,13.515171376030768
3.276096579983509,8.021393070263027,13.62147202794006
3.4184554746918945,8.363092154005273,13.74804589170258
3.5667945750712957,8.715381105810511,13.896454014377674
3.721252170993472,9.0777698892342,14.068349214712736
3.881947702540694,9.449605265079686,14.265472431646527
4.048977429416864,9.830047174285294,14.489646441816987
4.222409521762916,10.218043207306437,14.74276636878666
4.4022785323292215,10.612301327573636,15.02678633442195
4.588579216186554,11.011261136465905,15.343701534207593
4.781259673794935,11.413064117798335,15.695524958813419
4.980213807115037,11.815523484729844,16.084257941433936
5.185273097443481,12.21609447399674,16.511853693989032
5.396197738740079,12.611846192595655,16.980173017367573
5.6126671923557465,12.999436419038478,17.49093144625212
5.834270269156228,13.375091089901138,18.045637234872114
6.060494893778575,13.734590552254598,18.64551982545406
6.2907177635328555,14.07326501664326,19.291448786300304
6.524194181126168,14.386001978170398,19.983843680748333
6.760048415037494,14.667268649802397,20.722575947897337
6.997265022080441,14.911152626368533,21.50686465030862
7.234681650209084,15.111424013433936,22.33516887091945
7.470983921105829,15.261622046757383,23.205080602395448
7.704703064875376,15.355168724698242,24.11322312558468
7.934217034670062,15.385511108446073,25.05516104967744
8.157755856883343,15.346292655481653,26.02532928241805
8.373411960841292,15.231552207191289,27.016989077510882
8.579156168231792,15.035947059866837,28.022219801074513
8.772859894980844,14.754993975310239,29.031954982702402
8.952323917390725,14.385319172320667,30.036070381842208
9.115313775038624,13.924905506068031,31.023530046880442
9.259601526969506,13.373322493526047,31.982593576167368
9.383013155966202,12.73192295009446,32.90108401422279
9.483480449790049,12.003989165414541,33.7667111794954
9.559095711258784,11.194812139710242,34.56744003339745
9.608167204112329,10.311689704072268,35.291888440194
9.629272879111127,9.363833465298683,35.92973394412856
9.621309696696754,8.362180317391388,36.47210568100641
9.583535815317592,7.3191113433659565,36.91193588992879
9.515603081159043,6.2480886248530645,37.244246187983954
9.417577647469864,5.163227917293419,37.466347039804184
9.28994715556457,4.078831390555912,37.57793456763309
9.13361368261431,3.008908809389218,37.581076502703986
8.949872536417558,1.9667170016633948,37.480087844388706
8.740377870374934,0.9643459651872934,37.28130563074575
8.507096913219304,0.012375654048232154,36.99278005577337
8.252255275444172,-0.8803790707278375,36.62390506409917
7.978276245059012,-1.7070257697536424,36.18501488515013
7.687717184614633,-2.4626527539684684,35.68697350481334
7.38320608645714,-3.144294767304312,35.14078199080099
7.067381060844296,-3.75081856149358,34.55722440825721
6.7428350721741594,-4.282745127737538,33.94656752353301
6.412067666176808,-4.742027443110078,33.318323407772766
6.077444812898202,-5.13180267928414,32.681078165294146
5.741167388132732,-5.456136266829151,32.04238490790088
5.405248278483875,-5.719772499018054,31.408715142818593
5.071497655158818,-5.927903014780753,30.78546008685404
4.7415156350606305,-6.085960992450516,30.176972023590807
4.416691336235296,-6.1994455859213735,29.586635511354167
4.098207228570596,-6.273778293273302,29.016958780152613
3.787047662915279,-6.314190697008925,28.469676756831667
3.484010512117553,-6.325641387625415,27.94585857804026
3.1897209551252637,-6.3127588385984374,27.446013981356128
2.9046465613135526,-6.2798064564141844,26.97019445002127
2.6291129707817205,-6.230665878774072,26.518086323227678
2.3633196052950467,-6.168834729856248,26.08909421521048
2.107354975240508,-6.097435365586463,25.68241399246943
1.8612112650156987,-6.019231572524033,25.297095245005977
1.6247979798895067,-5.936650657991435,24.932093676460717
1.3979545207530784,-5.851808841140095,24.586314159731966
1.1804616198962832,-5.766538295011655,24.2586453918941
0.972051622449045,-5.682414581147071,23.947987166605923
0.7724176363411615,-5.6007835531834855,23.653271291809542
0.581221600655422,-5.522787083050801,23.373477138953362
0.39810134014423537,-5.44938718600246,23.10764273607893
0.2226766843598345,-5.381388294412286,22.854872225301015
0.054554734996670906,-5.319457561798784,22.61434040602148
-0.10666563390719275,-5.264143174886429,22.385294985985166
-0.2613899601365698,-5.215890719324174,22.16705706781259
-0.4100249829121979,-5.175057689934118,21.959020311806473
-0.5529759641228555,-5.141926264225338,21.760649138097257
-0.69064447312593,-5.116714472704857,21.57147626305037
-0.8234265731132978,-5.09958590477375,21.391099806131237
-0.9517113530631114,-5.090658087516165,21.219180153528573
-1.075879755096703,-5.090009668654682,21.055436722957804
-1.1963036525034423,-5.097686526019261,20.899644739285748
-1.3133451387089168,-5.113706915296162,20.751632101996833
-1.4273559920065342,-5.138065756486729,20.61127640215673
-1.53867728494094,-5.170738148048381,20.47850212758361
-1.6476391108341633,-5.21168218654397,20.35327807965557
-1.7545604031054576,-5.260841159072342,20.23561501289689
-1.859748825784464,-5.318145165963413,20.12556349861528
-1.9635007159898326,-5.383512222288657,20.023212005906643
-2.0661010611787973,-5.456848878702937,19.928685186877615
-2.1678234957045217,-5.5380503950032285,19.842142347598642
-2.268930302683483,-5.627000493552514,19.763776081789494
-2.3696724084095537,-5.72357071435388,19.693811040301963
-2.4702893575878835,-5.827619389052522,19.6325028058928
-2.5710092585318227,-5.938990247480674,19.580136839402364
-2.672048688200288,-6.057510667542565,19.53702746013437
-2.7736125475805564,-6.182989577278366,19.503516819862693
-2.875893858471491,-6.315215016879233,19.479973826395057
-2.9790734932237233,-6.4539513683002365,19.466792968950806
-3.083319829476019,-6.598936261002768,19.464392993739878
-3.1887883224218214,-6.749877164340763,19.47321537407246
-3.29562098767939,-6.906447680290665,19.493722515126052
-3.403945788457728,-7.06828355473432,19.526395629229548
-3.513875921446026,-7.234978431469521,19.57173221331488
-3.6255089967467304,-7.406079380684456,19.630243056206954
-3.738926108264862,-7.581082242929461,19.702448699897804
-3.8541907923048,-7.7594268407823845,19.788875276168746
-3.9713478737591275,-7.940492123540556,19.89004963824012
-4.09042220125257,-8.123591325453436,20.00649370697196
-4.211417274978596,-8.307967235248654,20.138717953017615
-4.334313773786698,-8.492787693932895,20.287213940832263
-4.459067991391084,-8.677141458891972,20.452445868220536
-4.585610195416111,-8.86003459485528,20.63484104689951
-4.713842927399286,-9.040387575837464,20.834779286129592
-4.843639266852431,-9.21703330602143,21.052581163621394
-4.974841088027501,-9.388716290749965,21.2884951964345
-5.1072573441091755,-9.554093210114768,21.542683960140717
-5.240662420089343,-9.711735165530037,21.815209247675934
-5.374794602452564,-9.860131882291604,22.10601641035771
-5.509354720847735,-9.997698156277433,22.414918082458247
-5.644005023910626,-10.122782828189242,22.74157755698264
-5.778368358038985,-10.233680551411034,23.08549215279538
-5.912027723840146,-10.328646586922554,23.44597699011295
-6.044526289732619,-10.405914808090309,23.82214966992815
-6.175367945283349,-10.46371902721029,24.212916429491067
-6.304018477741157,-10.500317662633238,24.616960415887014
-6.429907453287919,-10.514021649332568,25.03273277740206
-6.5524308791692585,-10.503225357344718,25.45844731129878
-6.670954713514522,-10.466440123768548,25.892079419809182
-6.784819275822143,-10.402329829129526,26.331370106384803
-6.893344592421364,-10.309747764365033,26.77383568470233
-6.995836687579675,-10.187773849357836,27.216783767862445
-7.091594802433019,-10.03575108906152,27.657335950784844
-7.179919491031875,-9.853320002038359,28.092457393893998
-7.260121506362069,-9.640449643207402,28.51899326329515
-7.331531350467429,-9.397463782654835,28.933711688518706
-7.393509323433052,-9.125060809404548,29.33335257500768
-7.445455868012196,-8.824326014511579,29.714681270969866
-7.486821972407178,-8.496735079039148,30.074545757320145
-7.517119365606137,-8.144147851075964,30.409935728581676
-7.535930220170231,-7.768791836729237,30.718041686572686
-7.542916068667001,-7.373235240204136,30.996312001473157
-7.537825643813115,-6.960349847345573,31.2425058271724
-7.520501369919089,-6.533264528472185,31.454739804593
-7.490884264675682,-6.09531060830712,31.63152665491126
-7.449017054984624,-5.649960779493663,31.77180405160293
-7.395045366719896,-5.200763588789453,31.874952553151328
-7.329216913381982,-4.751275773156348,31.940801854426645
-7.2518786791752134,-4.304994845686546,31.969625143449974
-7.163472164170553,-3.8652943176210255,31.96212189536941
-7.064526828774067,-3.4353637928969625,31.919389958921766
-6.955651937697754,-3.018155897364077,31.842888256147745
-6.837527056487743,-2.61634162787267,31.73439179274401
-6.7108914936292905,-2.232275256522498,31.595940941512517
-6.576533006516087,-1.8679694367929371,31.42978710240175
-6.435276099424392,-1.5250806664845835,31.23833685794005
-6.287970236436198,-1.204904800490505,31.024096640987874
-6.135478273357827,-0.9083819022326725,30.78961972981023
-5.978665382224072,-0.6361093966781683,30.537457106762727
-5.818388702657695,-0.3883622523472181,30.270113387987372
-5.655487909148381,-0.16511877837970332,29.990008679523456
-5.490776835225321,0.03390942830277169,29.69944686527522
-5.3250362473194786,0.20924482135361844,29.400590505588262
-5.159007815259286,0.3616098689489644,29.095442237949662
-4.993389284733039,0.49189283815583823,28.78583233417034
-4.828830821046372,0.6011144166157044,28.473411886555795
-4.66593246391651,0.6903959938537463,28.159650969470945
-4.505242610183402,0.7609302272874587,27.845841048969437
-4.347257425059277,0.8139543294180945,27.53310088564622
-4.192421072424955,0.850726341083522,27.22238518676754
-4.041126650019701,0.8725045064668056,26.914495304507607
-3.8937177153251064,0.8805297416156747,26.610091339329077
-3.7504902916168827,0.8760110901820128,26.30970508339779
-3.611695250162916,0.8601139869075863,26.01375332167305
-3.4775409730508007,0.833951098853301,25.72255109244519
-3.348196210893678,0.7985754835600136,25.436324590362908
-3.223793060060067,0.7549757889627365,25.155223470377596
-3.1044299945893825,0.7040732186378255,24.879332378584106
-2.990174898192566,0.6467199946996138,24.608681594615
-2.881068051405801,0.5836990665498997,24.34325671972575
-2.7771250378671297,0.5157248342855778,24.08300738520577
-2.6783395417025484,0.443444678873872,23.82785498785427
-2.5846860150852558,0.36744111561320186,23.57769948379587
-2.496122201164302,0.28823441169597747,23.332425289828986
-2.4125915027784934,0.20628553199997324,23.091906353788957
-2.3340251917351393,0.12199929896475215,22.856010463034576
-2.2603444570141424,0.03572767219813894,22.624602864032653
-2.191462293137774,-0.05222692887396531,22.397549266934174
-2.12728523220986,-0.1416083204949175,22.17471830771797
-2.0677149248584117,-0.23220331598136068,21.95598353753026
-2.0126495765921,-0.3238385894040572,21.74122500477552
-1.9619852469764587,-0.4163776683023729,21.530330490726246
-1.915617019616236,-0.5097180742147875,21.32319645424278
-1.8734400512541927,-0.6037886232672618,21.11972873588207
-1.8353505084145847,-0.6985468937626947,20.919843066416455
-1.801246399975028,-0.7939768634759251,20.72346541971848
-1.7710283138800549,-0.8900867160117993,20.53053224519129
-1.7446000659440073,-0.9869068129772836,20.34099061049803
-1.7218692683550056,-1.0844878267182596,20.154798281303055
-1.7027478251059032,-1.1828990268604533,19.971923761097337
-1.6871523611585397,-1.2822267127710192,19.79234631093943
-1.675004591706914,-1.3825727832366324,19.616055966089956
-1.6662316374528057,-1.4840534340627933,19.44305356403196
-1.6607662913511052,-1.5867979738763631,19.273350796226698
-1.658547241826863,-1.6909477481080595,19.106970294126413
-1.6595192570152988,-1.796655160901186,18.943945758422128
-1.6636333341318754,-1.9040827845016801,18.78432213921522
-1.6708468176429696,-2.013402545502912,18.628155873735505
-1.6811234894787679,-2.124794977121388,18.475515187356027
-1.6944336341080466,-2.238448526445188,18.32648046294612
-1.7107540808781607,-2.3545589053069693,18.18114468303094
-1.730068225611025,-2.4733284730712977,18.03961394875985
-1.7523660330348332,-2.5949656391771176,17.902008079299847
-1.7776440212191018,-2.7196842727267754,17.768461294936714
-1.805905228764332,-2.847703105750497,17.63912298685751
-1.837159165073917,-2.979245115987709,17.51415857627537
-1.8714217436013307,-3.1145368741027974,17.393750465211003
-1.9087151975163748,-3.253807839182406,17.278099080833332
-1.9490679767663557,-3.3972895851346183,17.167424014749454
-1.9925146250174035,-3.5452149392191776,17.061965257983836
-2.0390956344434565,-3.6978170123758813,16.96198453155624
-2.088857275781429,-3.8553280992817007,16.86776671150974
-2.1418514004864373,-4.0179784241557535,16.779621345901734
-2.198135211196517,-4.185994706249584,16.69788425959174
-2.2577709960481087,-4.359598516719238,16.622919240572717
-2.3208258216682425,-4.539004396194644,16.55511979902162
-2.3873711789040346,-4.724417699870976,16.494910987104948
-2.4574825745330426,-4.916032134389817,16.442751263771658
-2.531239061328746,-5.114026948216175,16.399134384195015
-2.608722697935369,-5.318563734733593,16.364591288073193
-2.6900179290393154,-5.529782804982811,16.339691954544616
-2.77521087531762,-5.747799085001357,16.325047183890142
-2.864388521608132,-5.97269749126246,16.321310257349605
-2.957637790697762,-6.2045277369884175,16.329178416146206
-3.0550444890864816,-6.443298522407038,16.349394089068237
-3.1566921100860985,-6.688971063673775,16.38274578460174
-3.262660478693729,-6.941451918611867,16.430068548568656
-3.3730242218912734,-7.200585073123149,16.492243871479047
-3.48785104742823,-7.4661432606747375,16.570198911398588
-3.607199813825625,-7.737818499344314,16.66490487820454
-3.731118374391186,-8.01521184727385,16.777374403925005
-3.859641178577666,-8.297822398889526,16.90865770186577
-3.9927866151870215,-8.585035571817757,17.059837295079895
-4.130554083885944,-8.876110769033506,17.232021073349678
-4.2729207844403705,-9.170168543391615,17.426333418476734
-4.419838217208908,-9.466177443230427,17.643904121950758
-4.5712283939895535,-9.762940778968806,17.88585480907596
-4.726979765538931,-10.059083622046124,18.153282581961804
-4.886942881234146,-10.353040429263041,18.447240603554945
-5.050925807675013,-10.643043777037896,18.76871536976856
-5.2186893467559,-10.927114789920688,19.118600460927432
-5.389942110050844,-11.203055953408551,19.497666631767537
-5.5643355253515745,-11.468447108774969,19.906528195895188
-5.741458872854277,-11.720645531637063,20.345605790615956
-5.92083447261776,-11.956791088725803,20.81508577554177
-6.1019131711010015,-12.173817538979018,21.31487672638652
-6.284070302137342,-12.368471083559673,21.84456373495942
-6.466602325580012,-12.537337260490423,22.403361515800242
-6.648724373627324,-12.676877207375385,22.99006764349492
-6.829568958639766,-12.783474163386417,23.603017591761546
-7.008186114782165,-12.853490833042862,24.240043599142304
-7.183545256329986,-12.883337875397473,24.89843972297699
-7.354539034902011,-12.86955330395085,25.574935732552298
-7.519989462973476,-12.808891983558713,26.26568269658336
-7.678656538591033,-12.69842370024998,26.9662531971048
-7.8292495534408015,-12.535637481641604,27.671659006890987
-7.970441191286826,-12.318548999260326,28.37638875837446
-8.100884425526031,-12.045807046761569,29.07446757439661
-8.219232104163098,-11.71679433351944,29.75953980563267
-8.324158971043788,-11.33171724803171,30.424974929015736
-8.414385719353426,-10.89167892288651,31.063995337600925
-8.488704515459418,-10.398729961738596,31.669823260110107
-8.546005278847794,-9.855891641598971,32.23584248732154
-8.58530186973033,-9.267147323430088,32.75576908241689
-8.605757233341322,-8.637399190197037,33.223823964021825
-8.606706492046994,-7.972389231154121,33.634899329964554
-8.587676974220209,-7.278585495009503,33.984710478193904
-8.548404229843888,-6.563036881736503,34.26992478401583
-8.488843209400667,-5.83320193402664,34.48826045858025
-8.409173971139445,-5.096759009198945,34.638549220261694
-8.30980152228123,-4.361406656448337,34.72075906003234
-8.191349676306244,-3.634663828370214,34.735975706162435
-8.054649100868163,-2.9236796207391142,34.68634397284083
-7.900720016464292,-2.235061543329324,34.57497266739655
-7.730750262270242,-1.5747299460390107,34.4058088954567
-7.546069652783306,-0.9478043046585174,34.18348924593559
-7.3481216923395625,-0.35852481134951775,33.913176326477846
-7.138433785909861,0.18978965450127727,33.60038940264826
-6.918587082697527,0.6947483540060713,33.2508374998027
-6.690187019596419,1.154863441701261,32.870262354927156
-6.454835505757488,1.5694972724678224,32.46429720730712
-6.214105522410729,1.9387878735493065,32.0383457680289
-5.969518720531928,2.263558645035098,31.59748398603055
-5.722526399564917,2.545218319406958,31.146385589104657
-5.474494057995761,2.785656778174982,30.689270942958984
-5.226689532910639,2.9871415992388646,30.22987761873205
-4.980274598946154,3.1522193063351205,29.77145022524409
-4.736299781787715,3.2836243178567672,29.316746545575167
-4.495702058798381,3.3841976351697896,28.868056788718036
-4.259305067979335,3.456816436622003,28.42723277807272
-4.027821422841296,3.504334995643993,27.99572409261621
-3.8018567302867368,3.5295367411165475,27.574618496007375
-3.581914926144638,3.5350968293207443,27.164684380907218
-3.3684045734806767,3.5235542900790047,26.76641337611504
-3.161645807573886,3.497292627523638,26.380061678497793
-2.9618776545209604,3.4585276763349526,26.005689055976124
-2.769265494595283,3.4093015141767085,25.643194806995574
-2.583908484332123,3.351481288469169,25.29235024848681
-2.4058467911480843,3.2867619111941124,24.95282753663838
-2.2350685300778186,3.216671693018859,24.624224805298855
-2.0715163233849183,3.1425801150168993,24.30608774051928
-1.9150934302328637,3.0657070632908443,23.997927803056065
-1.7656694154271524,2.9871329723945794,23.699237370466236
-1.6230853437925004,2.907809433522243,23.409502103469862
-1.487158500473058,2.8285699207782242,23.12821085369425
-1.3576866478355196,2.750140372663128,22.85486342713863
-1.2344518372205602,2.673149436391389,22.58897650423086
-1.1172237990122018,2.598138240629825,22.330087996859366
-1.005762937822941,2.525569608926573,22.07776009813522
-0.8998229614204555,2.4558366628827337,21.831581254058364
-0.7991531726913598,2.389270792442667,21.59116725933018
-0.7035004537373389,2.326148991929065,21.356161653394885
-0.6126109703673468,2.266700575901892,21.126235568148108
-0.5262316239792696,2.21111329971165,20.90108715607327
-0.444111276268542,2.159538916730754,20.680440707087442
-0.36600177047856314,2.112098208514488,20.46404554417196
-0.2916587711087716,2.0688855262557326,20.25167477189283
-0.22084244218783644,2.0299728824179986,20.043123938072377
-0.15331798244966138,1.9954136308096158,19.83820965700237
-0.08885603405188307,1.9652457719526093,19.636768232512065
-0.027232979871748303,1.9394949186767045,19.438654310734616
0.03176885708470528,1.9181769546397054,19.243739585366452
0.08836110001135529,1.9013004160941274,19.051911572408137
0.14274927949383845,1.8888686247976247,18.863072466646237
0.19513285985295203,1.8808815975789777,18.67713808833226
0.2457053219847328,1.8773377557737725,18.49403692550074
0.294654294998404,1.878235455566212,18.3137092750233
0.34216172981543824,1.8835743582327498,18.136106483713075
0.3884041086679576,1.8933566573856708,17.961190289482435
0.433552685129489,1.907588178558803,17.788932261636635
0.47777374993236843,1.9262793648563379,17.619313338789624
0.5212289183800876,1.949446160888783,17.452323462557374
0.5640754356553485,1.9771108058345364,17.287961305070603
0.6064664967607241,2.0093025451773534,17.126234088411298
0.648551578213223,2.046058269464143,16.967157494282247
0.6904767789507505,2.087423087288915,16.810755662537197
0.7323851682008955,2.1334508386220072,16.657061277608012
0.7744171383135289,2.184204553553689,16.506115742344857
0.8167107607707337,2.239756860492651,16.35796943931995
0.8594021437623912,2.300190346837455,16.212682080221498
0.9026257898546431,2.3655978741073094,16.07032314457062
0.9465149523822232,2.436082848461843,15.930972409620859
0.9912019892646118,2.5117594464415656,15.79472057393776
1.0368187129799205,2.592752794604614,15.661669977797052
1.0834967354286613,2.679199100503289,15.531935424174852
1.1313678063809,2.771245731117029,15.40564510472269
1.180564144122984,2.86905123341667,15.282941635713026
1.2312187568017945,2.972785290156623,15.163983209494132
1.2834657528024394,3.082628602253966,15.048944867491043
1.3374406382859851,3.198772687191705,14.938019901212154
1.3932805997531568,3.3214195807515146,14.831421388044927
1.4511247691831075,3.4507814270113157,14.729383868819491
1.5111144689179539,3.5870799389062253,14.632165174149028
1.573393433017602,3.730545708717881,14.540048406376004
1.6381080012886104,3.881417344596866,14.45334408350893
1.705407281587858,4.039940405606646,14.372392450759087
1.7754432753084217,4.206366103777732,14.29756596410052
1.8483709601625011,4.380949737254278,14.22927194858389
1.9243483234752545,4.5639488137846245,14.167955431820774
2.0035363381845355,4.755620818544756,14.1141021499849
2.086098872595342,4.956220574594778,14.068241719690864
2.1722025236553253,5.165997138178137,14.030950964023916
2.2620163620910096,5.3851901646316485,14.002857374591144
2.355711576167229,5.61402567396593,13.984642683498917
2.45346099910119,5.852711138329779,13.977046509354544
2.555438503278048,6.101429806775048,13.98087002942997
2.661818242382958,6.3603341762506655,13.996979615668485
2.7727737203989893,6.629538511927155,14.026310354891757
2.888476664144834,6.909110315251575,14.069869352985286
3.0090956736780363,7.199060635160794,14.128738698611498
3.134794622522519,7.499333117408673,14.204077933743465
3.2657307773691038,7.809791689957156,14.297125845695607
3.4020526047467454,8.130206790038322,14.409201358105996
3.5438972303054928,8.460240052269178,14.541703256396731
3.6913875149644033,8.799427398834755,14.696108436722328
3.8446287114805138,9.147160504293176,14.873968316744048
4.003704665264894,9.502666651350523,15.076902992609869
4.1686735248474625,9.86498705263963,15.306592670728461
4.339562930681227,10.232953789976913,15.564765847514195
4.516364656460098,10.60516561974161,15.853183658422632
4.6990286853585435,10.979963013833412,16.173619773647474
4.88745671521279,11.355402952690575,16.52783518757279
5.081495102337123,11.72923416194073,16.91754723984781
5.280927274125231,12.098873688012224,17.34439222693
5.485465666541841,12.461385939132086,17.8098810251129
5.694743274719548,12.813465572489834,18.315347262128135
5.908304943652657,13.151425878114043,18.861887758454724
6.125598571686498,13.47119458250186,19.450295226187603
6.345966452010959,13.76831925160961,20.080983576860568
6.568637035998918,14.037984687855015,20.753906661804873
6.792717465554602,14.275044856112217,21.468471856501125
7.01718728727133,14.474071898538838,22.223450603093003
7.240893825609356,14.629424660167087,23.01688883027685
7.462549750646088,14.73533879519301,23.846021048914295
7.680733421982495,14.786039906837527,24.707192826942684
7.893892616528146,14.775880247501863,25.595797207585395
8.100352245457357,14.699498242495702,26.50623135539413
8.298326625368507,14.551998498334154,27.431880177797154
8.485936781557475,14.32914805244014,28.36513374192967
8.661233119683954,14.027582501684089,29.29744484957622
8.822223601143959,13.64501345685086,30.21943202260731
8.966907296815165,13.180426712555382,31.121031299950804
9.093312879287371,12.634258852606427,31.9916976315908
9.199541258486942,12.008539016055398,32.82065334272146
9.283811191213996,11.306982513825249,33.59717731061776
9.344506330892333,10.535024147263563,34.3109244455187
9.38022186538347,9.699781576478216,34.952261199465596
9.389808656716312,8.809942907561839,35.51259961980219
9.372412684241677,7.875577619190852,35.984710405390175
9.327507632290153,6.907875641900565,36.36299493707462
9.254918672578466,5.918825279953533,36.64369761543126
9.154835870799717,4.920846062453554,36.82504310530866
9.027816176549333,3.9263968519486885,36.90728805472791
8.874773596811314,2.9475820488843896,36.892683064336374
8.696957850373506,1.99577913580154,36.785347467111755
8.495922488936348,1.081309010464356,36.59106606266785
8.273484084582188,0.21316676936809054,36.317022577436106
8.031674565125765,-0.6011746988496067,35.97148867039903
7.772689087206504,-1.3558820983403181,35.56348938831557
7.498831951640099,-2.046800127962639,35.10246599453933
7.212462989252017,-2.6714165953105025,34.597955232612065
6.915946601715141,-3.22876445339574,34.05930074706044
6.611605270061815,-3.719274011991536,33.49540811409783
6.301678891600214,-4.144590043405644,32.91455031637198
5.988290823550038,-4.507368506249476,32.324226057299605
5.673421043656052,-4.811066415719063,31.731069462083287
5.358886419874799,-5.059736347231971,31.14080671300878
5.0463277368615955,-5.257834544475717,30.558253121885407
4.737202868421476,-5.410048951952715,29.987343027690386
4.432785313810251,-5.521150976372633,29.431184603278574
4.134167225104764,-5.595872587223707,28.89213198761185
3.8422660307349097,-5.638808597964566,28.371867937276107
3.5578337918739256,-5.6543426578790985,27.871491230605596
3.2814684983813347,-5.646594609755381,27.391604204509175
3.013626605137233,-5.619386374759039,26.932396939113662
2.754636215740345,-5.576223340208378,26.49372564688733
2.504710429061883,-5.520288271203149,26.07518372281851
2.263960468053932,-5.4544449708922,25.67616464954722
2.032408304885548,-5.381249214527173,25.295916525158994
1.8099985793031665,-5.302964829841478,24.933588403964766
1.5966096770288272,-5.221583153908786,24.58826893184404
1.3920638921006987,-5.138844439136753,24.259017940596188
1.196136642163575,-5.056260092667971,23.944891763281777
1.0085647401186286,-4.975134905874965,23.644963065957466
0.8290537507388208,-4.896588660982099,23.358335978863902
0.6572844783871932,-4.821576690969437,23.08415726712314
0.49291864330649426,-4.750909119970426,22.82162421924863
0.33560381040818665,-4.685268628776527,22.56998986027726
0.18497763723264526,-4.6252266787104235,22.328566021628454
0.04067150775435319,-4.571258191911408,22.096724726385236
-0.09768638323561962,-4.52375473154794,21.87389827949139
-0.23046843368498923,-4.483036255688026,21.659578389080174
-0.35804546834508033,-4.449361537001582,21.453314588629386
-0.48078495040477537,-4.4229373500486115,21.254712180096615
-0.5990495223940905,-4.403926530991636,21.063429875440512
-0.7131958326520168,-4.392455013047513,20.8791772775366
-0.8235736080638817,-4.388617936334405,20.701712310865403
-0.9305249379119974,-4.39248492409839,20.530838686839157
-1.0343837374975893,-4.404104609460563,20.366403467583527
-1.1354753636564785,-4.42350848842099,20.208294774770334
-1.2341163573994138,-4.45071416632315,20.056439676117904
-1.330614291667126,-4.485728056615846,19.910802270904412
-1.4252677046155875,-4.52854758273924,19.77138198680202
-1.518366100959297,-4.579162926420905,19.63821209311893
-1.6101900057231453,-4.637558358654502,19.511358429770212
-1.701011056311086,-4.7037131831676104,19.390918346673143
-1.7910921201167818,-4.777602316261207,19.277019844509255
-1.8806874260011146,-4.859196521501189,19.169820904681234
-1.9700426988661168,-4.948462312835199,19.069508993618978
-2.0593952872851893,-5.0453615352679595,18.976300724182938
-2.1489742747246723,-5.149850628230967,18.890441654624915
-2.239000565329861,-5.261879573210932,18.812206203266097
-2.329686935566293,-5.381390524049088,18.741897654624605
-2.421238043220777,-5.50831611559667,18.679848230068934
-2.513850385392054,-5.642577444131877,18.62641919309993
-2.6077121971542487,-5.78408171114897,18.582000955994285
-2.70300328257409,-5.932719520878575,18.547013150709343
-2.799894769723225,-6.088361821268801,18.52190462259751
-2.898548781269592,-6.250856478251536,18.507153300567065
-2.9991180121790504,-6.4200244740641805,18.503265891830665
-3.1017452060356043,-6.595655722347711,18.510777343300322
-3.2065625215249676,-6.777504495877927,18.530250005041854
-3.3136907807555565,-6.965284467316714,18.562272424050928
-3.423238591352391,-7.158663369529262,18.60745768905729
-3.535301334697697,-7.357257290060976,18.666441239257452
-3.6499600133585957,-7.560624624583226,18.739878042037546
-3.7672799516953344,-7.768259726790883,18.8284390371746
-3.887309344948201,-7.979586307657581,18.93280673808587
-4.010077653829482,-8.193950655401684,19.05366987493079
-4.135593843876648,-8.410614769223441,19.19171696037956
-4.263844471637052,-8.62874952501083,19.34762865740395
-4.394791623238265,-8.847428019842956,19.522068830423493
-4.528370715136406,-9.065619274160408,19.71567416760735
-4.664488171907126,-9.282182505632306,19.92904227428812
-4.803019001918882,-9.495862226472832,20.162718156615288
-4.9438042986555,-9.705284455351027,20.417179042182664
-5.086648703356366,-9.908954374789609,20.692817521861226
-5.231317873499363,-10.105255803267497,20.989923045864025
-5.377536011392407,-10.292452885780106,21.30866186840455
-5.5249835176240385,-10.468694434421996,21.649055610108924
-5.673294845127978,-10.632021368068367,22.010958696020076
-5.822056640816189,-10.780377703282042,22.394035029267403
-5.970806272690165,-10.911625532497345,22.79773437495373
-6.11903085048438,-11.023564385344285,23.221269052951005
-6.266166856530178,-11.113955299645149,23.66359166798372
-6.411600509823627,-11.180549825465361,24.123374734739826
-6.554668989292879,-11.221124044834726,24.59899317700305
-6.694662640959135,-11.233517509097702,25.088510783249887
-6.830828287003292,-11.215676775281661,25.589671775364554
-6.962373741651643,-11.165702965401817,26.099898679355707
-7.088473618364148,-11.081902485036338,26.616297663896106
-7.208276484364314,-10.962839730961925,27.135672421321786
-7.320913381762242,-10.807390307988578,27.654547495454043
-7.425507689549033,-10.614792982815198,28.169201703776313
-7.521186248347018,-10.384698352119052,28.675711955907204
-7.607091611460179,-10.117212020166527,29.170007340740028
-7.682395223721369,-9.812929995522055,29.647932854232355
-7.74631126687539,-9.472964052327333,30.10532159097314
-7.798110850438948,-9.098954979195415,30.5380736567559
-7.837136174301642,-8.693071969427262,30.942239515697533
-7.86281424815541,-8.257996889699136,31.31410500851462
-7.874669727401722,-7.796892786271494,31.650274914484967
-7.872336419167815,-7.3133567188398665,31.94775172125861
-7.855567028157976,-6.811357808872985,32.20400624848691
-7.824240751579427,-6.295162196644046,32.417036964205735
-7.778368394931365,-5.769247357238203,32.585415240531525
-7.71809476380057,-5.238208867895979,32.70831440118704
-7.643698186923433,-4.706663190498726,32.78552118152518
-7.555587137030692,-4.17915029000281,32.81742909866667
-7.454294031619855,-3.660039926732889,32.80501414942864
-7.3404664084732465,-3.153445234031914,32.74979414574771
-7.214855773240006,-2.663146741824257,32.653773792403946
-7.0783045022975335,-2.1925293706726277,32.51937825093227
-6.931731248348786,-1.744534155219844,32.349378373581466
-6.776115335554918,-1.3216256251119431,32.14681100902114
-6.612480644241629,-0.9257749421087387,31.914897775592767
-6.441879473177642,-0.558458125371109,31.656965486693018
-6.2653768327434465,-0.2206680429912648,31.376371031170663
-6.084035569050881,0.0870616583042273,31.076433005301798
-5.898902652230228,0.3646228535575305,30.760371812990545
-5.710996887056595,0.6122918108933235,30.431259347681497
-5.521298226118097,0.8306829917526023,30.09197878794486
-5.330738789581976,1.0207000229364143,29.74519451477711
-5.140195625206424,1.1834858655036602,29.393331717581397
-4.9504851804851215,1.3203739172184525,29.038564911722027
-4.7623594075540145,1.432841457798062,28.682814347505918
-4.576503381593453,1.5224665076479682,28.32774914407008
-4.39353428491621,1.5908888439569009,27.97479592142324
-4.214001591050017,1.639775619957608,27.625151715414855
-4.038388274719788,1.6707917749473404,27.27980002754604
-3.867112873229774,1.685575210076548,26.939528968136127
-3.7005322307305843,1.6857165392841487,26.604950582517926
-3.5389447676301424,1.6727431040237226,26.27652059283778
-3.3825941314805266,1.648106860196987,25.954557932353662
-3.231673101730201,1.613175700224186,25.639263587096575
-3.086327637671569,1.5692277560893466,25.330738386037815
-2.946660975858742,1.5174482341800535,25.028999492243237
-2.812737699557578,1.4589283539215006,24.733995442375363
-2.6845877179532054,1.3946659944140722,24.445619660131324
-2.562210106582187,1.3255676921857718,24.1637224315375
-2.445576772619148,1.2524516752869552,23.888121377843355
-2.3346359191819652,1.1760516616216177,23.618610496805825
-2.2293152917578576,1.0970211906922915,23.354967867317413
-2.129525197284353,1.0159382965207775,23.09696212748631
-2.035161292470199,0.9333103645872614,22.844357844198175
-1.9461071427584753,0.8495790467952868,22.5969198944775
-1.8622365570718624,0.7651251356061757,22.354416977019664
-1.7834157062915212,0.6802733216924093,22.116624367266862
-1.7095050354520034,0.595296778975567,21.88332602232942
-1.6403609810191764,0.5104215370671304,21.654316133693655
-1.5758375054765872,0.4258306142900284,21.42940021662395
-1.5157874618835887,0.34166789500807376,21.208395815927926
-1.4600638011768388,0.2580417433033212,20.991132898654833
-1.408520634842434,0.1750283514686074,20.777453995582388
-1.3610141652531027,0.09267482664334804,20.567214145179303
-1.3174034954962093,0.011002022498672562,20.360280686209272
-1.2775513299563628,-0.06999287457984908,20.156532938318207
-1.2413245762950673,-0.15033399364591016,19.955861803835095
-1.2085948588155926,-0.23006464944515875,19.758169318606395
-1.1792389525344795,-0.3092454219560825,19.563368174945477
-1.1531391466171277,-0.387952432211468,19.371381235670658
-1.130183545184958,-0.46627580147392916,19.182141054680034
-1.1102663128736272,-0.5443182811190416,18.995589416516673
-1.0932878719209895,-0.6221940409959897,18.811676904861585
-1.0791550569932395,-0.7000276045392786,18.630362507802992
-1.0677812334196206,-0.7779529194579657,18.451613266019695
-1.059086384000771,-0.8561125534018621,18.27540396863831
-1.0529971690828037,-0.934657004575063,18.101716900436728
-1.0494469641475714,-1.0137441178192732,17.93054164323117
-1.0483758787577224,-1.0935385972100813,17.761874933667535
-1.049730760311293,-1.1742116066890922,17.595720579208916
-1.0534651857026271,-1.2559404506863134,17.432089433843387
-1.0595394436521377,-1.3389083270645603,17.27099943490609
-1.0679205101545104,-1.4233041450359634,17.112475702396623
-1.078582019200954,-1.5093224009554485,16.956550702259374
-1.091504230653589,-1.597163105082884,16.80326447526526
-1.1066739968864678,-1.6870317525198244,16.652664933375025
-1.1240847295554686,-1.7791393315632476,16.50480822576563
-1.143736367615702,-1.8737023626715679,16.35975917705159
-1.165635347467378,-1.970942961100727,16.217591800623822
-1.1897945758763784,-2.0710889160325325,16.078389890450595
-1.216233406081063,-2.1743737786746102,15.94224769513062
-1.2449776172588694,-2.2810369513509787,15.809270678448621
-1.2760593972816325,-2.3913237690125144,15.679576371149858
-1.309517328433559,-2.505485563864014,15.553295319112273
-1.3453963754964726,-2.623779702914046,15.43057213354135
-1.3837478753189998,-2.746469587188437,15.311566649229954
-1.4246295266750828,-2.8738246000893155,15.196455197296658
-1.4681053788775098,-3.006119990908681,15.085431999121415
-1.514245817238445,-3.1436366777961235,14.978710688412242
-1.5631275430551754,-3.28666095251082,14.87652596843082
-1.6148335453388447,-3.4354840670330353,14.779135411342049
-1.6694530609896705,-3.590401679544095,14.686821406387848
-1.7270815195463032,-3.751713134379889,14.599893263064942
-1.7878204679913108,-3.91972054729598,14.518689474644559
-1.8517774703704508,-4.094727663728922,14.443580146130731
-1.919065976171205,-4.277038453678855,14.374969589019383
-1.9898051504964345,-4.4669554023596065,14.3132990828815
-2.0641196580523298,-4.664777450860431,14.259049800719215
-2.1421393918365728,-4.870797535747577,14.212745891079624
-2.223999136153903,-5.085299670832342,14.174957704878683
-2.309838152194256,-5.308555508298119,14.146305148580044
-2.399799672877372,-5.540820310098894,14.127461137555324
-2.4940302919940174,-5.782328254145479,14.119155113856246
-2.592679230858561,-6.0332869934692415,14.122176580958602
-2.6958974637368813,-6.293871380552383,14.137378593966783
-2.8038366812413464,-6.564216263683501,14.16568112694629
-2.9166480687146112,-6.8444082579906205,14.208074219113994
-3.0344808743928917,-7.13447639130676,14.265620778194481
-3.1574807399003078,-7.434381524980078,14.339458891994816
-3.285787763452701,-7.744004453083201,14.43080346785682
-3.419534264141616,-8.063132591352588,14.540946983898893
-3.5588422139579454,-8.3914451809915,14.671259095784375
-3.703820302968952,-8.728496953860521,14.823184798288796
-3.8545606024956993,-9.073700236503061,14.998240792627021
-4.011134791515921,-9.42630551313935,15.198009659205557
-4.173589913164624,-9.785380524701331,15.424131382605617
-4.341943631510725,-10.149788054865256,15.678291723323271
-4.5161789642113614,-10.518162647656439,15.962206882150097
-4.696238474714714,-10.888886617260324,16.27760386224359
-4.882017918991083,-11.260065851546788,16.626195906408995
-5.073359356967754,-11.629506078166507,17.009652379907614
-5.270043758603717,-11.994690456377565,17.42956249089433
-5.471783159536932,-12.352759577640464,17.88739230174555
-5.6782124520800386,-12.700495199494128,18.38443459703551
-5.8888809345024615,-13.034309292767016,18.921751350958658
-6.103243785250398,-13.350240239701932,19.50010879233491
-6.320653678883944,-13.643958262411022,20.119905412157166
-6.540352816389756,-13.910782363069675,20.781093707894065
-6.7614657027901535,-14.14571118818142,21.483097016880002
-6.982993067351892,-14.34347025084552,22.22472345711584
-7.2038073828567,-14.498577812936787,23.004079755778903
-7.422650495759103,-14.6054313954594,23.81848857711868
-7.638133922750112,-14.658416302429144,24.664413817230315
-7.848742394140483,-14.652036670312297,25.537399147191785
-8.052841222425638,-14.58106836482989,26.43202576946768
-8.248688036697766,-14.440731538038525,27.34189579572609
-8.43444934173799,-14.226878864874621,28.259647732558655
-8.608222227432089,-13.936193479630173,29.177010146001347
-8.768061364998031,-13.566388562415172,30.0848985493128
-8.912011180920546,-13.116398572114349,30.97355883798631
-9.03814280265636,-12.586550522566807,31.83275815688738
-9.144595034253673,-11.978702719801351,32.65202098547658
-9.229618264820102,-11.296338287059202,33.42090462970478
-9.291619865487275,-10.544601826394597,34.12930448520601
-9.329209324314496,-9.730269836984737,34.76777575839177
-9.341241139694603,-8.861649031649591,35.3278552417208
-9.326853376453252,-7.948401295740786,35.80236469430339
-9.285499814031878,-7.001299367202747,36.18567678198621
-9.216973800627004,-6.031922873951661,36.473925653887775
-9.121422272826743,-5.052309530799293,36.66514714831505
-8.99934889056592,-4.074580439439278,36.75933816366638
-8.85160583703212,-3.1105609998335693,36.75843049160161
-8.679374491916162,-2.171419557652743,36.666180785711305
-8.484135843888259,-1.2673444601591062,36.487984613053584
-8.267632102376384,-0.4072768329193919,36.23062799253294
-8.031821444292675,0.40128845908327815,35.90199386279159
-7.778828147191396,1.1524269337552213,35.51074315165356
-7.5108904947629975,1.8418328889696174,35.06599040943826
-7.2303087932510195,2.466796719524729,34.576992453956834
-6.939395627867747,3.0261202479581444,34.05286550929384
-6.6404301515929705,3.5199822644092302,33.50234239802007
-6.335617779112905,3.9497680976810408,32.93357701042331
-6.027056202809087,4.31787726560953,32.35399903048867
-5.716708198756528,4.627522304632886,31.770218150617183
-5.406381283654846,4.882530074695244,31.187974022122777
-5.097713942904344,5.087154524062939,30.612126089774407
-4.792167888895325,5.245907403850547,30.046676243406417
-4.491025630112949,5.363411009871642,29.494816790883846
-4.195392530913411,5.444274889426445,28.958996459873372
-3.9062025083032155,5.492996694345134,28.440997793201248
-3.624226532223765,5.51388603188582,27.942020240613715
-3.350083155300477,5.51100925172732,27.46276431768339
-3.084250383089643,5.488152564442002,27.00351328187739
-2.8270782946636936,5.448800649122792,26.564209782565268
-2.578801926350099,5.396127903457518,26.14452582426877
-2.3395540314558705,5.332999649531509,25.7439251157034
-2.1093774210262493,5.261980872599807,25.361717456248225
-1.8882366722174675,5.185350388908426,24.997105245260403
-1.6760290603836907,5.1051186751155155,24.64922250518146
-1.4725946283187146,5.02304791970816,24.317167007567633
-1.2777253518779084,4.940673159119351,24.00002620364846
-1.0911733965479906,4.859323628541869,23.69689770810448
-0.9126584857952948,4.78014368576926,23.406905084336614
-0.7418744206483582,4.704112855690062,23.129209646511868
-0.5784948023582056,4.6320646957269505,22.863018940051955
-0.4221780174156509,4.564704302375129,22.607592497144786
-0.2725715478219275,4.502624370526086,22.362245394048685
-0.12931567027148708,4.4463197850463105,22.126350067168847
0.007953393388046848,4.396200772469879,21.89933677826471
0.1396008147605018,4.3526046735896635,21.68069305762363
0.2659909305253767,4.315806418611134,21.469962398635026
0.38748539516794944,4.2860277982466695,21.266742428301214
0.504441667260311,4.263445629046056,21.070682735769246
0.6172117861138834,4.248198911284133,20.88148250462545
0.7261413998689908,4.240395074357614,20.698888063957202
0.8315690101036495,4.240115399034386,20.522690447470545
0.9338254017715716,4.247419698920843,20.352723028646842
1.0332332306860497,4.262350335807384,20.188859282428748
1.1301067438396897,4.284935635578615,20.03101070968228
1.2247516105918574,4.315192763450976,19.879124949172322
1.317464845177631,4.353130109636752,19.73318409255111
1.4085348031114047,4.398749229258912,19.593203210484905
1.49824123589583,4.452046373526824,19.45922909217576
1.5868553900247597,4.513013642857535,19.331339195863386
1.674640137609743,4.581639786791994,19.20964080414899
1.7618501270852107,4.6579106701937185,19.094270374937814
1.848731943378466,4.741809420302527,18.98539307625076
1.9355242676861877,4.833316264718183,18.883202490935513
2.0224580275971475,4.932408066279462,18.787920475263803
2.1097565287576168,5.03905755705937,18.699797153401484
2.1976355596066695,5.153232270301226,18.619111027665383
2.286303460927506,5.2748931660673595,18.546169182229995
2.3759611520817017,5.40399294366968,18.481307555423722
2.4668021058293412,5.540474031621026,18.424891252872314
2.559012263603092,5.684266243926971,18.377314870428545
2.6527698830128084,5.8352840900873,18.3390027920022
2.748245309225043,5.993423725273709,18.310409423012253
2.845600661706503,6.158559526897774,18.292019315173945
2.9449894276622413,6.330540284308948,18.284347132671197
3.0465559533616426,6.5091849898221215,18.287937403431282
3.150434824455457,6.694278221853449,18.30336399221972
3.256750126377397,6.88556511485788,18.33122922464473
3.3656145760318115,7.082745916259164,18.372162582978216
3.477128516238632,7.285470137920025,18.42681888608935
3.5913787648890736,7.493330319220203,18.495875856936124
3.7084373115190075,7.705855430817357,18.58003097223423
3.828359855097958,7.922503962995598,18.679997480480033
3.9511841783348873,8.142656760490594,18.7964994669131
4.076928355799558,8.36560968712696,18.930265837860592
4.205588795739381,8.590566228770598,19.082023092951978
4.3371381187303175,8.816630172156238,19.252486752830205
4.4715228803330955,9.042798530137706,19.442351313285968
4.608661149827234,9.267954920676274,19.65227860545064
4.748439962952705,9.490863647028515,19.882884457208842
4.8907126734749795,9.71016476938688,20.134723574881605
5.035296236352337,9.924370502517991,20.408272598124494
5.181968464337306,10.131863318088293,20.7039113265382
5.330465309949836,10.330896172131226,21.021902175265915
5.480478235815277,10.51959531460248,21.362367990175645
5.631651748178894,10.695966165591157,21.725268441986522
5.783581180701262,10.85790275719296,22.110375323115793
5.935810827996013,11.003201236336723,22.51724719036849
6.087832540246234,11.129577896499779,22.945203928877472
6.2390849009338405,11.234692149491973,23.393301954363864
6.388953118390584,11.316174756679946,23.86031091638558
6.5367697675392655,11.371661507136546,24.344692907221155
6.6818165197271835,11.398832354503577,24.844585309614345
6.8233269947704756,11.395455803210721,25.357788519837428
6.9604908590236825,11.359438069441914,25.88175984663667
7.092459275336229,11.288876238109165,26.413614896630264
7.218351784219418,11.182114304004529,26.950137697494963
7.337264659812971,11.037800638445912,27.48780066789658
7.448280739171959,10.85494508274648,28.022795306682916
7.550480669479194,10.632973562394337,28.551074137461985
7.642955456266648,10.371777870504639,29.068404009506782
7.724820128693788,10.071758117416023,29.570430332077304
7.795228268355455,9.733855315912036,30.052751227124034
7.853387079782152,9.359571694791798,30.51099995603959
7.898572618232442,8.950976625526199,30.940933350680922
7.930144738451254,8.5106965136401,31.33852340598231
7.947561291706919,8.041887639205461,31.700048723704473
7.950391082131875,7.54819170329837,32.022182185603484
7.93832510076687,7.033674706242092,32.3020711237887
7.911185588931127,6.502750690795606,32.53740637726272
7.8689325419870615,5.960092760624433,32.726476989024434
7.811667348546183,5.410534559009509,32.86820789790758
7.739633364860083,4.858965996371028,32.962178780456455
7.653213343805412,4.310227391418201,33.00862314609423
7.552923765233795,3.769006302389128,33.00840781250166
7.439406241348455,3.239741158956466,32.96299390710295
7.313416288876695,2.7265353752639143,32.87438147401486
7.175809861468312,2.233084968475534,32.745040541531246
7.027528114678528,1.7626218837588852,32.57783206749877
6.869580927750939,1.317874307614873,32.37592249526041
6.7030297291468575,0.9010443134748878,32.14269571239545
6.528970166676698,0.5138022992129766,31.881666023476505
6.348515130652787,0.15729690707788968,31.596395362073054
6.16277858394554,-0.16782149267198399,31.29041742639821
5.972860581647015,-0.4613660969809282,30.967170785124583
5.779833781288176,-0.7235703189506767,30.62994232352968
5.584731658281011,-0.9550384173242562,30.281821738568297
5.388538556012852,-1.156692629044591,29.92566718834156
5.192181620461129,-1.3297190999986115,29.56408168816752
4.996524598847337,-1.4755145952475743,29.199399440571955
4.80236342302449,-1.5956356063644237,28.833680996455108
4.610423452142823,-1.6917510928846131,28.468715965765757
4.421358215792,-1.7655997245475115,28.106031916969865
4.235749477581814,-1.8189521514112252,27.746908109320884
4.0541084287120235,-1.8535785336235975,27.392392771976812
3.8768778198419547,-1.8712213188732902,27.043322760692615
3.704434845680497,-1.8735730652840021,26.700344568814135
3.537094608351562,-1.862258968649741,26.36393582963633
3.3751140010415233,-1.838823660529412,26.034426609766314
3.218695871194395,-1.804721791245217,25.712019948847658
3.067993341321207,-1.7613118919604889,25.396811243577826
2.923114184322756,-1.7098530154516474,25.0888061995768
2.784125168329524,-1.651503679148677,24.787937181555296
2.651056302905178,-1.5873226705312595,24.494077880152677
2.523904933702085,-1.5182713190363653,24.207056283646587
2.4026396461199315,-1.4452168862619459,23.92666599608198
2.2872039501484753,-1.3689367743941068,23.65267598223941
2.177519728412198,-1.2901232992424192,23.384838846438036
2.073490437582559,-1.2093888175593503,23.12289776861181
1.9750040599283019,-1.1272710375485355,22.866592229440407
1.8819358070039967,-1.0442383761907477,22.615662658388022
1.7941505815081542,-0.9606952571322172,22.36985413589213
1.711505206348943,-0.8769872685228686,22.12891927499085
1.6338504321027887,-0.7934061216553931,21.892620399481153
1.5610327354900433,-0.7101943689271463,21.660731126139346
1.4928959223575275,-0.6275498539585296,21.433037448293394
1.4292825490680459,-0.5456298780971335,21.209338407629954
1.3700351762530905,-0.4645550764461715,20.98944643092351
1.3149974686721126,-0.38441300337909173,20.773187398653896
1.2640151545105764,-0.30526143260200395,20.560400503403674
1.216936856897199,-0.22713138052177245,20.35093794760067
1.17361480977463,-0.15002986424742787,20.144664522641513
1.1339054695539683,-0.0739424072318132,19.941457104709205
1.0976700332503948,0.0011646934532504316,19.74120409666219
1.0647748730564806,0.0753423237582124,19.543804840186585
1.0350918965775324,0.1486567187030946,19.349169017916875
1.0084988412412992,0.22118782354956168,19.15721606138672
0.984879510710547,0.2930278362498332,18.967874577410317
0.9641239604767257,0.3642799178954409,18.781081802756116
0.9461286391992871,0.43505705854571286,18.59678309470019
0.9307964917796799,0.5054810865193369,18.414931463180945
0.9180370296218696,0.575681809952838,18.235487148769067
0.9077663730317986,0.6457962801454677,18.058417249469542
0.8999072702452087,0.7159681669049813,17.8836953984443
0.8943890971450018,0.7863472367718037,17.711301494046477
0.8911478413338059,0.8570889256222797,17.5412214830574
0.8901260738624601,0.9283539977296676,17.37344719768582
0.8912729115784763,1.0003082838905946,17.207976246700497
0.8945439727478399,1.0731224917022848,17.044811961000086
0.8999013283164733,1.1469720815001103,16.88396339395981
0.9073134509119825,1.2220372018342633,16.72544537701705
0.9167551634396509,1.298502678676984,16.56927863115427
0.9282075888967709,1.3765580528059123,16.4154899351969
0.9416581028140452,1.4563976600024142,16.264112352156644
0.9571002895296963,1.538220748833249,16.115185515209685
0.9745339033088029,1.6222316308459666,15.968755975298278
0.9939648351349177,1.7086398579984077,15.824877612778089
1.0154050858208223,1.7976604220550245,15.683612115997912
1.0388727459078484,1.8895139705107387,15.545029530189268
1.0643919826459352,1.984427033338748,15.409208880557133
1.0919930341667194,2.082632254492718,15.276238873995878
1.1217122107764994,2.184368621615268,15.146218684402289
1.1535919031016624,2.2898816868010354,15.019258827115294
1.1876805966126436,2.399423770519482,14.895482128573686
1.2240328918298486,2.513254139903664,14.77502479784092
1.2627095292720631,2.631639151537948,14.658037607190208
1.3037774179400397,2.7548523476093916,14.544687189460829
1.3473096658301202,2.8831744928012,14.435157460371943
1.3933856106392526,3.016893537576781,14.329651174392483
1.4420908484473784,3.1563044915016314,14.228391623089458
1.4935172577390061,3.3017091879473437,14.13162448507964
1.5477630156452562,3.4534159188851716,14.039619836751193
1.6049326027424538,3.611738915471883,13.952674332752592
1.6651367921243367,3.77699764672309,13.87111356480541
1.7284926177622992,3.9495159047238837,13.795294606610613
1.7951233163711469,4.129620640509829,13.725608751395006
1.8651582360953074,4.3176405099329145,13.662484446876523
1.9387327043104357,4.513904083482684,13.606390429983758
2.0159878456856033,4.718737668147862,13.557839060391604
2.0970703403594713,4.932462682977959,13.517389847647337
2.182132110638026,5.155392523057665,13.485653161144894
2.271329923010615,5.38782883918755,13.463294105208519
2.3648248904959233,5.630057152758963,13.451036532781496
2.4627818583638144,5.882341717255876,13.44966716035127
2.5653686541305762,6.144919529714282,13.460039733407301
2.6727551803980876,6.417993387607391,13.483079175510067
2.7851123266143665,6.701723879396189,13.519785634499849
2.902610673197821,6.996220190916741,13.571238316015572
3.025418958729389,7.3015296055592165,13.638598966837387
3.1537022781342836,7.617625574719144,13.72311483813284
3.2876199770318295,7.944394237396358,13.82612092104117
3.4273232048427653,8.281619275487103,13.949041203833566
3.572952086962095,8.628965005983497,14.093388650960732
3.7246324745327373,8.985957635040437,14.26076354971564
3.882472229347968,9.351964634152171,14.452849810440954
4.046557001492094,9.72617224834812,14.671408742155945
4.216945458897775,10.10756121358681,14.918269758827098
4.393663931538446,10.494880848917871,15.195317404840488
4.576700439059828,10.88662180218712,15.504474025308923
4.765998079953647,11.280987869725873,15.847677352875314
4.961447773646814,11.675867483861044,16.2268522446175
5.16288036495324,12.068805669615307,16.6438757895033
5.370058124093102,12.45697751452829,17.1005350298092
5.582665705806158,12.837164471636024,17.598476612546488
5.800300668781054,13.205735120365345,18.13914782497698
6.022463702328582,13.558632333785347,18.723728689231216
6.248548761272285,13.891369127533135,19.353055113173312
6.47783337226011,14.199035772452426,20.02753353558381
6.7094694442658795,14.476321007368197,20.747048078035046
6.942474991158949,14.71755034864206,21.510861931897907
7.175727251883442,14.91674450780802,22.31751556484463
7.40795776956118,15.067700738149167,23.16472530993679
7.63775005861882,15.16409947130642,24.04928696436337
7.863540540999447,15.199637812909272,24.96699011097846
8.083623459156742,15.168190288900918,25.912549891371878
8.296160464049068,15.063995640803814,26.87956378098129
8.49919551935171,14.881866464062156,27.860501393829917
8.690675647693023,14.617416125916424,28.846735307601094
8.868477862039725,14.267294810763758,29.828620178102053
9.030442370501447,13.829423919049752,30.795625858125558
9.174411816957896,13.303215662288867,31.73652775672643
9.298275932317825,12.68976288435459,32.63965426891559
9.400020540878929,11.99198326029694,33.49318689437058
9.477779422461468,11.214702423161084,34.28550391515355
9.529887112482458,10.364662510924118,35.00555363455466
9.554930374435708,9.45044622615017,35.64323873508997
9.551795849987142,8.482311668782385,36.18978990472121
9.519711324551,7.471939602102928,36.63810509963573
9.458278172877558,6.432101866816994,36.983031129104376
9.367492883695741,5.376266603008785,37.22156690473973
9.247756095275133,4.318161920156525,37.352972627137696
9.099868270021574,3.2713238633102923,37.37877598304144
8.925011937820235,2.248656340829674,37.30267438545805
8.724721269910518,1.2620297989153975,37.13034048846307
8.500840525780664,0.3219419232653963,36.86914566587702
8.255473567705206,-0.562742032909361,36.52782197870067
7.990927099686769,-1.3849588054484347,36.11608673913246
7.709650522532713,-2.139523698560672,35.64425482323706
7.414175295899911,-2.8231185513364845,35.1228624749989
7.107056480482819,-3.4342015052439114,34.56232289204175
6.790818740911017,-3.972853331767775,33.972629022490054
6.467908578730653,-4.440577490548108,33.36311346366256
6.14065399665229,-4.840071620126876,32.74226983656959
5.811232228148915,-5.174987096126738,32.11763508682174
5.4816456484206455,-5.449691045790657,31.49572821802086
5.153705547594306,-5.669042253802814,30.8820381837767
4.829023113552393,-5.838189176239786,30.281052056809234
4.5090067448586275,-5.962395162236154,29.696314031507608
4.194864687645784,-6.046893225881333,29.13050609117218
3.8876119502399704,-6.096770464747473,28.585542041628315
3.588080477790347,-6.116880541737619,28.06266784404581
3.296931647204508,-6.111781516165158,27.562562569037507
3.014670252303418,-6.085695662613453,27.085435684332687
2.7416592748559117,-6.0424876614092655,26.63111767070283
2.4781348667679564,-5.985657584574972,26.199142070594753
2.2242210932276683,-5.918345343481195,25.78881798228011
1.9799441001264024,-5.843343629597015,25.399292716957543
1.7452454682346998,-5.763116804390784,25.02960485234365
1.5199946000559352,-5.6798236316672615,24.67872826896251
1.3040000531042393,-5.595342163386474,24.34560797377884
1.097019786609518,-5.511295468586612,24.029188629259128
0.8987703289536341,-5.429077224273921,23.728436741177628
0.7089349023568075,-5.349876463812706,23.4423574385381
0.5271705613717221,-5.274701003867058,23.17000672266778
0.3531144144145587,-5.204399249574634,22.910499984548334
0.1863890044948829,-5.139680215118915,22.66301750076892
0.026606927906468986,-5.081131699484766,22.42680752697405
-0.1266252309152681,-5.029236631105129,22.201187518656194
-0.2737035729209639,-4.984387646025194,21.985543925967043
-0.41502409511409083,-4.946899997137518,21.779330933782774
-0.5509803721747937,-4.917022911241541,21.582068451394264
-0.6819616483467961,-4.894949519678935,21.3933395980166
-0.8083512844867602,-4.880825489934985,21.21278788046658
-0.9305255106502069,-4.874756482117423,21.04011421720336
-1.0488524397942234,-4.876814547357535,20.875073927679505
-1.1636913030211227,-4.8870435762301145,20.71747377676691
-1.2753918712173924,-4.905463895222493,20.567169140070682
-1.3842940319375454,-4.932076098790883,20.424061336435148
-1.4907274939431456,-4.966864194106889,20.288095158156978
-1.5950115949480579,-5.009798125540759,20.159256616703775
-1.6974551908658388,-5.060835736454828,20.037570911522604
-1.7983566072335084,-5.119924217108663,19.923100621317023
-1.8980036355297631,-5.187001079465221,19.815944110547573
-1.9966735588478268,-5.261994692453217,19.716234138505314
-2.0946331928559885,-5.3448244047792945,19.62413665381245
-2.1921389292136877,-5.435400276676164,19.539849753356698
-2.289436769637562,-5.533622436997833,19.46360278124674
-2.38676233965837,-5.639380077811746,19.39565554019981
-2.484340871802971,-5.752550095079746,19.33629758468522
-2.5823871485012746,-5.87299538116695,19.285847562021374
-2.6811053954812447,-6.000562772786932,19.24465256435649
-2.7806891168004153,-6.135080656617011,19.213087450973354
-2.881320862994913,-6.276356234252389,19.191554096589098
-2.983171924132637,-6.424172448485541,19.180480517236603
-3.086401939863224,-6.578284574191901,19.18031982090532
-3.1911584188930844,-6.738416479489344,19.19154892540385
-3.2975761607109724,-6.904256566452108,19.214666980935114
-3.4057765728832066,-7.075453405652675,19.250193429735408
-3.5158668778662907,-7.2516110853455675,19.29866562995304
-3.627939204090669,-7.432284304372994,19.360635965914852
-3.7420695570991387,-7.616973248044588,19.436668362293528
-3.858316667827502,-7.805118298495708,19.527334115758055
-3.9767207167475482,-7.99609464551438,19.633206954854987
-4.097301934610553,-8.189206880661697,19.75485723760535
-4.220059082992088,-8.38368367675092,19.89284519717991
-4.344967820804853,-8.578672676367168,20.04771314969816
-4.471978966471722,-8.773235736955135,20.21997658544151
-4.601016669586224,-8.966344705774139,20.410114076422712
-4.731976510671862,-9.156877925218973,20.618555950223715
-4.864723553108275,-9.343617696890504,20.845671703253736
-4.999090377421743,-9.52524896034348,21.091756157034222
-5.134875134909395,-9.700359468281253,21.357014399665875
-5.271839664910551,-9.867441762381969,21.641545602002818
-5.409707727834693,-10.024897270813355,21.94532585472399
-5.548163414124053,-10.171042857319906,22.26819023854343
-5.686849797419929,-10.30412014968717,22.609814414802695
-5.825367907987946,-10.422307959261351,22.96969610651306
-5.963276109526149,-10.523738069734375,23.34713692857841
-6.100089968332395,-10.606514619341187,23.741225117434205
-6.235282707862659,-10.668737223008044,24.150819800544003
-6.3682863433170205,-10.708527877531177,24.57453752975209
-6.498493589343445,-10.724061562294358,25.01074187284968
-6.625260628531972,-10.713600290593053,25.457536907264128
-6.747910818393804,-10.675530184537129,25.912765480142436
-6.865739399378104,-10.608400944386569,26.374013081584287
-6.978019245728358,-10.510966868438432,26.838618114051194
-7.08400767440966,-10.382228362586034,27.303689223902445
-7.182954295054952,-10.221472672660521,27.766130185643753
-7.274109846383118,-10.028312393383231,28.222672594146054
-7.3567359227931215,-9.802720172657677,28.669916327437743
-7.430115450289058,-9.545057956975935,29.10437740051616
-7.493563725489665,-9.256099129786588,29.522542452511313
-7.5464397876185725,-8.937041993679808,29.920928714771254
-7.58815785380041,-8.589513248105442,30.296147920470773
-7.618198515629561,-8.215560419055304,30.644972265405404
-7.636119372732333,-7.8176325992683795,30.96440024464647
-7.641564769528414,-7.398549341317937,31.251719999601775
-7.6342743066821,-6.961458086468553,31.504567739528085
-7.6140898200756935,-6.509781076504574,31.720978868198515
-7.5809605577685595,-6.0471532452277215,31.89942965777188
-7.534946338392334,-5.577353080075301,32.03886766358269
-7.476218540642823,-5.104228843069026,32.138729548633215
-7.405058849715609,-4.631622810666714,32.19894555626925
-7.321855768544142,-4.163296310305056,32.21993049553328
-7.22709898479697,-3.7028582862580866,32.202561741635606
-7.121371763840804,-3.2536999216583387,32.148145357833876
-7.00534160857533,-2.8189374937482885,32.05837197175662
-6.879749485130519,-2.40136517431395,31.935264453208333
-6.745397955806022,-2.003418944335728,31.781119716892217
-6.603138585461914,-1.6271522134654544,31.598447100240747
-6.453858994302021,-1.2742231635954389,31.389905744889877
-6.298469919380823,-0.9458933102300175,31.158243253692163
-6.137892621106299,-0.64303632702233,30.906237626769514
-5.97304693228378,-0.36615582959021126,30.636644129769156
-5.804840199202973,-0.1154105760016354,30.35214834801818
-5.634157310506932,0.10935458559707356,30.05532626404787
-5.461851953623812,0.308573714359329,29.7486117920286
-5.288739183584318,0.48292234384430327,29.434271834662212
-5.11558933776146,0.6332791046785191,29.114388613090412
-4.94312328448826,0.760687698770637,28.790848768602302
-4.772008954990493,0.8663203006761238,28.46533855015611
-4.6028590773204945,0.9514432292786925,28.139344282327382
-4.436230008122519,1.0173855040935458,27.814157248459704
-4.272621542756037,1.065510687262697,27.49088211494422
-4.112477575855475,1.0971922230964932,27.170448054630423
-3.9561874818869156,1.1137923267699636,26.853621789945244
-3.804088087627209,1.1166443444893022,26.5410218594399
-3.656466114663714,1.1070384087126857,26.23313350635562
-3.5135609789624223,1.086210141714061,25.930323687001174
-3.3755678453421276,1.055332115657002,25.632855794442364
-3.242640846512154,1.0155077535248809,25.340903784940252
-3.114896388511043,0.9677673486697282,25.054565477875553
-2.99241647639562,0.9130658874550848,24.773874872903896
-2.8752520054800987,0.8522823758741053,24.498813390118304
-2.7634259740394724,0.7862203939813415,24.229319990112447
-2.656936582998848,0.7156096288609735,23.965300171630847
-2.555760196643053,0.6411081655632147,23.706633875893868
-2.4598541457768652,0.5633053443611673,23.453182349822036
-2.3691593610727244,0.4827250206353917,23.204794036457166
-2.283602829621481,0.39982908987713606,22.96130957107797
-2.2030998720365225,0.31502116421195664,22.722565966957106
-2.127556240949068,0.22865030822160504,22.488400076421893
-2.056870044473948,0.14101476060339496,22.258651411755157
-1.9909335003216277,0.05236558440403409,22.033164407268465
-1.9296345277798579,-0.0370897976599886,21.81179019923324
-1.8728581858762618,-0.12718421473374342,21.59438799478284
-1.8204879667419862,-0.21778752859344422,21.380826094811795
-1.77240695359753,-0.3088035982480568,21.170982629614784
-1.7284988529370457,-0.40016743669670407,20.964746059766945
-1.6886489104498354,-0.49184256319381797,20.762015488722405
-1.652744720032155,-0.5838185504933492,20.56270082791968
-1.6206769349459909,-0.6761087635674861,20.36672284990833
-1.5923398898046357,-0.7687482840596598,20.174013160195535
-1.5676321416322865,-0.8617920130930613,19.98451411417285
-1.5464569377761097,-0.9553129438918723,19.798178701622387
-1.5287226179595825,-1.0494005948790712,19.614970417904452
-1.5143429572671672,-1.1441595934049833,19.434863137972325
-1.5032374563513016,-1.2397083999623362,19.257841006815227
-1.4953315846596327,-1.3361781625967806,19.08389835776484
-1.490556981997747,-1.4337116911776167,18.913039668279826
-1.4888516232731432,-1.532462541211695,18.745279561311595
-1.4901599508112997,-1.6325941969312845,18.58064285911936
-1.4944329781948993,-1.7342793434370898,18.419164695410107
-1.501628369152165,-1.8376992177081266,18.26089069089835
-1.5117104946088438,-1.9430430282819726,18.10587719678216
-1.5246504706190376,-2.050507433345751,17.954191610187642
-1.540426179500839,-2.1602960668457687,17.80591276531835
-1.559022276121187,-2.2726191020089876,17.661131403833586
-1.580430180897821,-2.387692841360212,17.519950727846958
-1.6046480607116926,-2.505739321903212,17.382487038860482
-1.6316807985474382,-2.626985923600242,17.248870465907288
-1.6615399522990224,-2.7516649686207812,17.119245786144145
-1.6942437027886752,-2.8800132980247626,16.993773341089753
-1.7298167906457578,-3.01227181158592,16.872630051620117
-1.7682904412739626,-3.14868495533472,16.75601053468062
-1.8097022766957853,-3.2895001400953574,16.64412832442483
-1.8540962125977725,-3.434967072795503,16.537217200107797
-1.9015223384037043,-3.5853369806296915,16.435532622507402
-1.952036777670484,-3.74086170624777,16.33935327987605
-2.0057015255278023,-3.9017926500112816,16.24898274338504
-2.062584259262307,-4.068379533009213,16.164751230655398
-2.122758117474714,-4.2408689519512235,16.08701747420374
-2.1863014425090093,-4.419502694269275,16.016170689390712
-2.2532974800618173,-4.604515778774615,15.952632633653339
-2.3238340290232014,-4.79613418406562,15.896859745328983
-2.398003033674474,-4.994572223608066,15.849345346122625
-2.475900109372482,-5.200029523078157,15.810621886102583
-2.557623991783652,-5.412687552260599,15.78126320389085
-2.6432758985979605,-5.632705660651423,15.761886767288846
-2.7329587914595646,-5.860216563089321,15.75315585078292
-2.8267765246084573,-6.095321219438914,15.755781596034609
-2.924832865453371,-6.33808305084048,15.77052488940484
-3.0272303710149844,-6.588521434657403,15.798197976621504
-3.134069102924257,-6.846604421408438,15.839665718726069
-3.245445162478782,-7.112240620172202,15.895846375309617
-3.3614490262095846,-7.385270204804813,15.96771178070775
-3.4821636615674416,-7.665455002541751,16.05628675628303
-3.607662401796671,-7.952467640007352,16.162647577312512
-3.7380065589429914,-8.245879740301792,16.28791928660298
-3.8732427543837553,-8.545149189770108,16.43327161927198
-4.013399947445346,-8.849606525482448,16.599913274923313
-4.158486144786459,-9.158440535648895,16.789084245816912
-4.308484776512333,-9.470683216461994,17.00204588411221
-4.463350729710823,-9.785194291460526,17.24006836988406
-4.623006036563313,-10.100645574529423,17.504415226996745
-4.787335222702297,-10.41550554586424,17.796324529369137
-4.956180332397156,-10.728024611880809,18.116986449695116
-5.129335660781665,-11.0362216346044,18.467516831066927
-5.3065422399963476,-11.337872441888726,18.84892651466292
-5.487482146053119,-11.63050116378241,19.262086239762024
-5.671772716584997,-11.911375377484367,19.707687052223463
-5.858960796411979,-12.177506176306583,20.18619632053141
-6.048517157808817,-12.425654396886,20.697809670176543
-6.239831274981133,-12.652344330545235,21.242399411640452
-6.432206666648056,-12.853886293065834,21.819460356079713
-6.6248570554405894,-13.026409413146522,22.428054283584856
-6.816903626171768,-13.165905902102697,23.066754743826422
-7.007373694449695,-13.268287863445137,23.73359431324696
-7.195201119519559,-13.32945736918598,24.426016883561406
-7.379228807009551,-13.345390051906756,25.140837980579345
-7.558213644356467,-13.31223182665871,25.874216467891642
-7.730834189825535,-13.226407564700073,26.62164122550361
-7.89570139107177,-13.084739607602916,27.377936451346077
-8.051372537567705,-12.884572970925229,28.13728905404824
-8.19636855056843,-12.623902999957734,28.893301133271702
-8.329194584050109,-12.301500188550277,29.639069737281787
-8.448363752185115,-11.917025960117543,30.36729492737061
-8.552423618423088,-11.471132557682296,31.070415679649965
-8.639984886600864,-10.965539922058976,31.740771373017306
-8.709751537664607,-10.403082668268386,32.37078465128721
-8.76055147158272,-9.787721085147236,32.95315945743836
-8.791366559989656,-9.124511518483569,33.48108620642326
-8.801360908744474,-8.419533525023189,33.94844459875739
-8.789906087232836,-7.679773698548434,34.34999368513984
-8.756602115572305,-6.912968888785449,34.68153864410286
-8.7012931187687,-6.127414413901718,34.94006443762607
-8.62407675762269,-5.331745523631899,35.12382808200508
-8.525306820602967,-4.534702515158041,35.23240362766416
-8.40558869143962,-3.7448912879346268,35.26667689420634
-8.26576776933447,-2.9705515734208223,35.22879028386962
-8.10691128345706,-2.21934452374972,35.1220412755582
-7.93028428066584,-1.4981698414796694,34.95074115441727
-7.737320847490255,-0.8130203456963605,34.72004287030964
-7.529591832436439,-0.16887905156229233,34.435748434308444
-7.308770449010215,0.43033920490572175,34.10410685323849
-7.076597159392737,0.98180252745732,33.73161328006745
-6.834845168787235,1.4837366421382678,33.32481893749788
-6.58528771445947,1.9353650831449354,32.890159645920185
-6.3296681305313385,2.3368218304106145,32.4338086904107
-6.06967343170308,2.689044009710133,31.961557536839795
-5.806911908460684,2.993652276383774,31.478725771647216
-5.54289498291535,3.2528259733433194,30.99009976339551
-5.27902335422759,3.46917922812303,30.49989803808214
-5.016577276757071,3.6456429874174465,30.01176027604869
-4.756710668831836,3.7853567255657117,29.52875617558973
-4.50044864699991,3.8915723264472346,29.053410146615505
-4.248688017796495,3.967571515578478,28.587737831036733
-4.002200231795246,4.016597267492956,28.133290717146476
-3.7616363068166003,4.041798859685553,27.691205544825127
-3.5275332518215357,4.0461896913516515,27.262255716022445
-3.30032156352634,4.032616618284737,26.846902472068017
-3.0803334180720077,4.003739349191957,26.44534413151974
-2.8678112350540887,3.962018372718302,26.057562169058883
-2.662916346820917,3.9097099071672603,25.683363339340573
-2.465737559201272,3.8488664569647555,25.322417401715935
-2.276299438716291,3.7813416959785995,24.974290281865898
-2.0945702046754446,3.7087985572684867,24.638472719245733
-1.9204691418171267,3.632719575921218,24.314404602521297
-1.7538734802849762,3.554418694988452,24.001495298031767
-1.5946247150267734,3.475053896667074,23.699140338181756
-1.4425343566759579,3.3956401572998343,23.406734866503186
-1.2973891212566842,3.317062343433066,23.12368424194002
-1.1589555773159916,3.24008776665439,22.849412193531617
-1.0269842769968802,3.1653781979999636,22.583366893714725
-0.9012134027469749,3.0935012098307597,22.32502528837663
-0.7813719643696428,3.0249407660700056,22.073895987975728
-0.6671825824564533,2.960107022545508,21.82952098901111
-0.5583638943063945,2.8993453298414504,21.591476460644508
-0.45463261758195916,2.8429444533557446,21.359372798544968
-0.35570530545382806,2.791144040816082,21.132854117774826
-0.26129982506573074,2.7441413777533996,20.911597329161037
-0.17113658898115683,2.7020974775729947,20.6953109192498
-0.08493956698453227,2.665142555903507,20.483733532603235
-0.002437103297891083,2.6333809396584296,20.276632436730697
0.07663743799079854,2.606895460365721,20.073801934149664
0.1525451786620462,2.5857513793199454,19.87506177270009
0.22554136468178318,2.5699998893818305,19.680255594034428
0.29587512042278463,2.5596812350890366,19.489249450916915
0.3637893038627722,2.5548274893677867,19.301930416344504
0.42952044942792267,2.5554650217040473,19.118205301319524
0.4932987865962064,2.561616689252626,18.937999493152525
0.555348323675899,2.573303779102777,18.76125592226633
0.6158869873387054,2.5905477268210113,18.587934162444
0.6751268095231746,2.6133716334759796,18.418009667169848
0.7332741542417588,2.6418016006212275,18.25147314302822
0.7905299776331428,2.675867900162879,18.08833005994164
0.8470901153090349,2.7156059936569674,17.928600297254874
0.9031455916594728,2.7610574133459798,17.772317924225334
0.9588829463100681,2.8122705151339327,17.6195311132949
1.014484573374784,2.86930111168958,17.470302184535676
1.0701290695242278,2.9322129919329294,17.32470777983208
1.125991587196489,3.001078331275412,17.1828391656408
1.1822441895188567,3.0759779951231088,17.04480266351973
1.2390562036869843,3.1570017362899576,16.910720208002754
1.2965945696650736,3.244248285078702,16.78073003178673
1.3550241811274824,3.337825328846857,16.654987478559647
1.4145082155590636,3.4378493758589337,16.533665944103724
1.4752084503680596,3.544445496111058,16.416957946522757
1.5372855617403496,3.657746929577009,16.30507632653485
1.6008994027754493,3.7778945499438676,16.198255578702888
1.6662092571905018,3.905036169360428,16.096753314203397
1.7333740645555995,4.039325666993931,16.000851855211884
1.8025526126287494,4.1809219212650195,15.910859960154376
1.8739036918878376,4.329987522495523,15.827114677876564
1.947586206806068,4.486687239352794,15.749983327140125
2.02375923778247,4.6511862089092375,15.679865595684888
2.102582046916273,4.823647816367951,15.617195750297304
2.1842140199998235,5.004231226559562,15.562444945787753
2.2688145361966154,5.19308852523327,15.516123616373598
2.356542755867715,5.3903614240105195,15.478783927547912
2.4475573159119994,5.596177478734313,15.451022259925042
2.542015920796669,5.810645766957663,15.433481688617972
2.6400748161814986,6.033851966641296,15.426854412228954
2.7418881306952927,6.265852774996739,15.431884074323634
2.847607070024336,6.506669604104488,15.449367907104875
2.957378946046741,6.756281488823102,15.48015861170343
3.0713460223300317,7.014617143040099,15.525165871872504
3.189644155951334,7.281546103061261,15.585357377758221
3.3124012143646318,7.5568689025739575,15.661759213719835
3.4397352450109118,7.840306232968725,15.755455438879439
3.571752374649646,8.131487056823804,15.867586661302857
3.7085444151148708,8.429935662163047,15.999347376736262
3.850186152526316,8.735057671952077,16.151981811165825
3.9967322981090887,9.046125058599955,16.326777973954854
4.148214080923815,9.36226025848725,16.52505959615971
4.304635466250717,9.68241953829824,16.748175598533415
4.465968988412143,10.005375834707278,16.997486707984855
4.632151193800998,10.329701373101344,17.274348822857117
4.803077699180008,10.65375047050827,17.580092720098737
4.978597882319856,10.975643043151658,17.915999705873016
5.15850923714481,11.293249469581877,18.28327284093162
5.342551444117922,11.604177604377586,18.683003429584492
5.530400228925712,11.905762891493193,19.11613255346933
5.721661108802737,12.195062684744764,19.58340756614113
5.915863156080998,12.468856037239812,20.085333649306875
6.1124529425157625,12.723650360093593,20.622120773105657
6.310788865043097,12.955696458254483,21.19362670620556
6.5101360928394385,13.161013508634339,21.79929708861981
6.709662415313286,13.335425530398911,22.43810400834269
6.9084353087658545,13.474610783796269,23.10848500299453
7.105420573016767,13.574165295513522,23.808284922071138
7.299482914691669,13.629681319472539,24.534703606373146
7.489388866835095,13.636840980753657,25.284252829551235
7.673812430252652,13.591524604178574,26.052726351456293
7.85134379547043,13.48993229897598,26.835187192478035
8.020501450575596,13.328716277146384,27.625976283122068
8.179747895372719,13.105120170253977,28.41874640264248
8.327509063619157,12.81712035006375,29.20652472992847
8.462197402212494,12.463563054369224,29.98180634147572
8.582238371777196,12.044290098047103,30.736679587070913
8.686099923565294,11.560245255855781,31.462982477602964
8.772324283534008,11.013553186103593,32.152487107159786
8.839561150611095,10.40756315511755,32.797106836712686
8.886601210746289,9.746850914015845,33.38911867773064
8.912408701844376,9.037173901050727,33.921391262287905
8.916151657820565,8.285377441382154,34.38760722282308
8.897228431327413,7.499252644808218,34.782467968691336
8.855289157731837,6.687350023434144,35.10186892745537
8.790250983702906,5.858756156704543,35.34303441974556
8.702306138892956,5.022843675066627,35.504603446245575
8.591922264978166,4.189007079830366,35.58666064526544
8.459834809423732,3.366398189908492,35.59071027078624
8.307031710838276,2.563675136097574,35.51959489397207
8.134731013596054,1.7887777767051884,35.37736425155085
7.944352416489329,1.0487402959773404,35.169102869601296
7.737484052873969,0.34954880970845026,34.900727465951455
7.515845995579003,-0.30395162639203155,34.578766474700146
7.281252066919872,-0.9080997567090409,34.210134273812464
7.035571512211004,-1.4604130703162177,33.80191189876927
6.780691974735188,-1.9595401730096118,33.361144373845804
6.518485010302844,-2.405177837211873,32.89466254685437
6.250775124877403,-2.797961178415906,32.40893476459605
5.9793130357786035,-3.13933579104235,31.90995115560594
5.705753570973975,-3.431420347808327,31.40314092985922
5.431638353410507,-3.676867283025573,30.893321131530428
5.158383184317424,-3.878727925764012,30.384673786666305
4.887269851014981,-4.040327005883354,29.880747399711606
4.619441945308031,-4.165149984229599,29.384478242073538
4.355904187421903,-4.256745282204931,28.89822677419631
4.0975247033330975,-4.318642289863972,28.4238247604589
3.8450396935371853,-4.354285061773974,27.962629078178544
3.5990599508778507,-4.3669808797814165,27.51557879840179
3.360078725958073,-4.3598623607864875,27.083252750511065
3.128480493355736,-4.33586148876711,26.665925415340112
2.9045502338920506,-4.297693818131874,26.26361958029171
2.6884829123313327,-4.247851091917044,25.87615470864228
2.4803928922038816,-4.188600606940337,25.503190410808386
2.2803230872295552,-4.121989806671818,25.144264754962947
2.088253700412514,-4.049854764810812,24.79882742219853
1.9041104464558143,-3.9738314178563616,24.466267905989053
1.7277721905264491,-3.8953685984228112,24.145939087777215
1.5590779668579713,-3.8157421026491445,23.837176601537394
1.3978333647727579,-3.736069188720884,23.539314441127495
1.2438162881679486,-3.6573230462657462,23.251697275065283
1.0967821081349378,-3.5803468974213475,22.973689922554257
0.9564682379682492,-3.50586749044035,22.704684419148634
0.8225981661159912,-3.434507827474443,22.44410506594583
0.6948849863082782,-3.366799031852578,22.191411816882457
0.5730344657634525,-3.3031913091277154,21.946102317722115
0.4567476925167175,-3.244063992781383,21.70771286987349
0.3457233419577745,-3.189734691967941,21.47581855374396
0.23965960094000305,-3.1404675770462425,21.250032710829863
0.13825578560041568,-3.096480850621074,21.030005951658765
0.04121368651377097,-3.057953458871033,20.815424828216184
-0.05176132784777315,-3.025031101291384,20.606010284581746
-0.14095942105108145,-2.997831597618382,20.401515978001765
-0.22666558634810047,-2.9764496694124998,20.201726544285837
-0.30915910884003245,-2.960961191176576,20.00645586593851
-0.3887131713101288,-2.951426962441809,19.815545388510866
-0.4655945850440792,-2.9478960483224963,19.62886251997037
-0.5400636289424317,-2.9504087318772236,19.446299139144383
-0.6123739820304754,-2.958999117402332,19.26777023221895
-0.6827727360916311,-2.9736974196468626,19.093212670620243
-0.7515004765982881,-2.9945319699556885,18.92258413914925
-0.8187914213990102,-3.021530966564259,18.755862219783864
-0.8848736077539676,-3.054723992704346,18.593043633935167
-0.949969119302479,-3.0941433228372324,18.434143643996986
-1.0142943454085216,-3.139825034198185,18.27919561363093
-1.0780602660722114,-3.19180993789424,18.128250725272213
-1.1414727562268723,-3.2501443410213264,17.981377852728475
-1.204732903770706,-3.3148806486281264,17.838663586392
-1.2680373361164285,-3.3860778118228545,17.70021240842283
-1.3315785503876214,-3.463801625864765,17.56614701522247
-1.3955452426519357,-3.5481248796745795,17.436608784548238
-1.460122631762615,-3.639127355808004,17.311758384664405
-1.5254927734839767,-3.73689567753647,17.19177652293858
-1.5918348606055515,-3.841522997243416,17.076864831222647
-1.6593255047046873,-3.9531085178495617,16.96724688515872
-1.7281389950990336,-4.071756836406158,16.863169354172463
-1.7984475303382472,-4.197577096324296,16.764903278306285
-1.8704214173178286,-4.330681931928393,16.67274546714611
-1.9442292327561455,-4.471186186125946,16.58702001484535
-2.0200379413572396,-4.619205378973329,16.508079923578514
-2.098012964485722,-4.774853901797401,16.436308825587204
-2.1783181926050728,-4.938242908324414,16.372122791226293
-2.261115934076653,-5.10947787100459,16.31597220698109
-2.346566792184491,-5.28865576745329,16.268343703200685
-2.434829461442555,-5.475861858729903,16.22976210616069
-2.5260604333611756,-5.671166018142041,16.200792382903334
-2.6204136009046017,-5.87461856652582,16.18204153996881
-2.7180397498732383,-6.086245567682906,16.17416042848763
-2.819085924407528,-6.306043536067923,16.177845398007275
-2.92369465275734,-6.533973508187605,16.193839729739505
-3.032003018420248,-6.7699544298319365,16.22293476651357
-3.1441415607625984,-7.013855813617943,16.265970641506616
-3.2602329883482586,-7.2654896258828,16.323836490739474
-3.380390687474295,-7.524601369301142,16.39747001538013
-3.5047170079291003,-7.790860338407519,16.487856239183746
-3.633301307843453,-8.063849040267083,16.59602528413608
-3.766217739816162,-8.343051792744381,16.723048963937263
-3.9035227614040084,-8.627842539150272,16.87003597095828
-4.045252354736396,-8.917471951547432,17.038125408582527
-4.191418942640728,-9.211053936743477,17.22847839859963
-4.34200799246381,-9.507551710048164,17.442267474135154
-4.496974303991341,-9.805763663156728,17.68066345453172
-4.656237984766303,-10.104309324757388,17.94481949222868
-4.819680124966036,-10.401615795977985,18.23585198618403
-4.987138195096394,-10.695905137337869,18.55481807551627
-5.158401203363638,-10.985183288390314,18.90268946517656
-5.3332046659144385,-11.267231213558015,19.280322397464822
-5.511225462343746,-11.53959908418482,19.688423674291016
-5.692076670998978,-11.799604422192424,20.127512760528084
-5.8753025035347815,-12.044335237490866,20.59788016350858
-6.060373485553464,-12.27065927963096,21.099542491615917
-6.2466820593757895,-12.475240581771342,21.63219484818512
-6.4335388150476565,-12.654564487057419,22.195161514988747
-6.620169585207949,-12.804972297045152,22.787346217988937
-6.805713666563065,-12.92270655055547,23.407183637212334
-6.989223453082837,-13.003967710933853,24.052594206641206
-7.1696657808183675,-13.044982693526055,24.720944625658703
-7.345925288199598,-13.042085190986752,25.409016839693532
-7.516810085283212,-12.991807146939836,26.112988505449827
-7.681059997132911,-12.89097999452399,26.828428090277047
-7.837357597054643,-12.736843435917132,27.550307716972064
-7.984342172220518,-12.5271586299094,28.273036606452152
-8.120626665951184,-12.26032173411244,28.990517449856448
-8.24481751799602,-11.935472892618105,29.696227231429628
-8.355537179234684,-11.552595061000055,30.383322919021577
-8.451448915687646,-11.112596620101465,31.04477106531965
-8.53128334682006,-10.617371648980006,31.67349878122076
-8.59386599588486,-10.069832092519981,32.26256185276798
-8.638144978783913,-9.473906928037922,32.80532411028208
-8.663217837261532,-8.834504820729158,33.29564068477823
-8.66835644676556,-8.157438616561958,33.72803667539358
-8.653028911859453,-7.44931224727028,34.097872164849335
-8.616917411921778,-6.717373049687042,34.401484585691826
-8.559931081054735,-5.969334918125377,34.636300227777134
-8.482213196166855,-5.213179876898701,34.80090818048823
-8.38414219658881,-4.4569473490426486,34.89509213014156
-8.266326351162425,-3.708521413826517,34.91981801221098
-8.129592203042348,-2.9754265646249354,34.87717831495851
-7.974967233889825,-2.2646418638508643,34.77029657781393
-7.8036574727886565,-1.5824420029861832,34.603198058642846
-7.617021008694582,-0.9342717621181736,34.380654431675
-7.41653853129729,-0.32465794081368693,34.10801156375709
-7.203782113582782,0.242839747686048,33.79100982939488
-6.980383457744717,0.7656398121986985,33.435606084792454
-6.748002759646414,1.2421153139139,33.04780542914791
-6.508299217439604,1.6715402518299394,32.633509399195525
-6.262904033361518,2.054011993541067,32.19838546407453
-6.013396552554441,2.3903562866716666,31.747760809444575
-5.761283967377658,2.682021391406393,31.286541598813645
-5.507984806614136,2.930967431216642,30.819157314400773
-5.254816239479212,3.139556285555433,30.349528500458543
-5.002985063728173,3.3104463714853547,29.881055301913
-4.7535821206717666,3.4464955995215982,29.416623611385727
-4.507579789065965,3.5506747420445057,28.95862537666327
-4.265832153132651,3.6259924951913813,28.50898962584877
-4.02907741368293,3.675432695652024,28.06922097586023
-3.797942110402881,3.701903496604663,27.640442737505992
-3.572946742192655,3.708197816611388,27.223442158346906
-3.3545124054285336,3.6969640414735783,26.81871580368076
-3.14296811202147,3.6706857622313747,26.42651352824849
-2.9385584957938846,3.6316692482352613,26.04687990996656
-2.7414516634730104,3.582037356851082,25.679692385633743
-2.5517469928632877,3.523728646542932,25.324695639071788
-2.369482723681101,3.458500566390526,24.98153204290625
-2.194643224978952,3.387935724818651,24.64976814905815
-2.027165856485024,3.3134503796073664,24.328917365716194
-1.8669473694022523,3.236304429933016,24.01845905729206
-1.7138498154221942,3.15761232228316,23.717854366298656
-1.5677059512910336,3.0783544012523616,23.42655908967847
-1.4283241407147318,2.999388341179314,23.14403395363142
-1.2954927662579103,2.9214603845730487,22.86975262634426
-1.1689841717329816,2.8452161886043403,22.60320779212958
-1.048558160922862,2.7712111426029677,22.343915587311916
-0.9339650818170872,2.699920068892854,22.09141867084663
-0.8249485272957889,2.6317462579861255,21.84528817345773
-0.7212476837373315,2.567029818743341,21.605124739725735
-0.6225993586629113,2.5060553461193478,21.370558849219943
-0.5287397175194435,2.4490589249504064,21.141250576215068
-0.439405758245348,2.3962344991350073,20.91688892321125
-0.3543365505239373,2.3477396425830137,20.697190841608876
-0.2732742647307288,2.303700772351853,20.481900033527975
-0.19596501361825133,2.264217846194198,20.270785611845454
-0.12215952782387784,2.229368586908199,20.063640680916357
-0.051613684381915534,2.199212274885876,19.860280887967974
0.015911094396118222,2.173793148470687,19.660542984605847
0.0806475560183553,2.1531434494478816,19.464283429039618
0.1428224328212411,2.1372861484162606,19.271377052318773
0.20265634428909168,2.126237382085451,19.081715805869106
0.26036377542298245,2.1200086318213978,18.895207602759857
0.3161531211149349,2.118608670101718,18.71177526124536
0.37022678758453836,2.1220452989917193,18.531355556067645
0.4227813429267538,2.130326902340607,18.353898380648513
0.4740077097091694,2.143463831139673,18.179366021528473
0.5240913933520845,2.1614696393829123,18.007732545127617
0.5732127407330094,2.1843621858205093,17.838983296026264
0.6215472240856345,2.212164615186496,17.67311450541888
0.6692657458186603,2.2449062307994176,17.510133008122587
0.716534960368083,2.2826232688627175,17.35005606646985
0.7635176096229219,2.3253595833119123,17.19291129954005
0.8103728688335916,2.37316724865003,17.03873671645029
0.8572567002280848,2.4261070868623307,16.88758085280089
0.9043222118271121,2.484249123187079,16.73950300982972
0.9517200191679112,2.5476729742220345,16.594573596349523
0.9995986078195349,2.6164681705472996,16.45287457410463
1.048104694701368,2.6907344147249592,16.314500007770416
1.0973835863020756,2.7705817741750756,16.17955672141539
1.1475795319382656,2.856130807006128,16.048165063836112
1.1988360701903014,2.9475126173754562,15.920459785744336
1.251296366605856,3.0448688353504867,15.7965910323174
1.305103540668195,3.1483515145125596,15.67672545509888
1.360400979883526,3.258122938669178,15.561047447636476
1.4173326386470955,3.374355326993834,15.449760509543577
1.4760433192974975,3.497230424670805,15.343088743841552
1.5366789324586967,3.626938963660574,15.241278492446929
1.599386733394753,3.7636799754947328,15.144600114470167
1.6643155306577524,3.9076599350328727,15.053349911540963
1.731615862789006,4.059091710844817,14.967852203609596
1.8014401382306802,4.218193294298938,14.888461557523643
1.8739427329127278,4.385186275524804,14.815565169060063
1.94928003919109,4.5602940301658785,14.749585396904346
2.027610458920334,4.743739576244558,14.690982444193748
2.1090943324400606,4.935743055539379,14.640257179543688
2.1938937941330403,5.136518788652197,14.597954084796436
2.282172543968615,5.346271847474191,14.56466431088719
2.3740955230737826,5.565194083126869,14.541028816007298
2.469828479875375,5.793459541780455,14.527741551425107
2.5695374117325276,6.031219195209839,14.525552649643807
2.673387865236847,6.278594907773357,14.535271556751878
2.7815440765129424,6.53567255700596,14.557770035556151
2.894167930927733,6.802494221615443,14.593984948070272
3.0114177196483642,7.079049348883667,14.644920704854776
3.133446668525423,7.365264813967198,14.711651244281164
3.2604012128886763,7.660993787187756,14.795321376779683
3.392418990117649,7.966003333112075,14.897147297368681
3.529626520407482,8.279960678260398,15.018416034220893
3.6721365451430694,8.602418104096786,15.160483561857875
3.820044991911681,8.932796450223341,15.324771265205838
3.9734275356610307,9.270367251339287,15.5127603959882
4.1323357271313785,9.614233582660754,15.725984117049936
4.29679266279726,9.963309754412101,15.96601668510559
4.466788175545705,10.316300079042652,16.234459280753878
4.642273532650614,10.671677037255341,16.53292196003083
4.823155637788756,11.027659292710908,16.86300117902098
5.00929074743642,11.382190151731484,17.22625233812329
5.200477729565272,11.73291723378116,17.624156812868364
5.396450914691749,12.077174309701267,18.058082992510794
5.596872616542035,12.411966474172424,18.52924094609048
5.801325432270946,12.733960040249507,19.03863048939691
6.009304470510303,13.03947876686134,19.586982646853155
6.220209699400834,13.324508240042533,20.174694800852862
6.4333386556200844,13.584710405156164,20.801760206788924
6.6478798081061665,13.815450364411177,21.467693030469988
6.8629069247953165,14.01183757967637,22.17145063533991
7.077374844441748,14.168783517970049,22.91135550053319
7.290117104647598,14.281077505852055,23.68501986599208
7.499845916683731,14.343482079035278,24.48927694131426
7.705155001554278,14.350848389457585,25.320123226915907
7.904525803191377,14.298251239756476,26.17267710709251
8.09633756628833,14.181142049888537,27.041159294673268
8.278881700796337,13.995516546121559,27.91890083284037
8.450380746156092,13.738092259257876,28.79838408278075
8.609012091549147,13.406489130661276,29.67132134511843
8.752936402722511,12.999404801291538,30.528774401978097
8.880330454679582,12.516774692064315,31.361316292947823
8.989423781801124,11.959905993882726,32.15923408494136
9.078538248163571,11.331574399244385,32.912768377787096
9.146129332695995,10.6360730253084,33.61238200996374
9.190827643474368,9.87920463778863,34.2490471846788
9.211478953303796,9.068211020655413,34.814537383637294
9.207180915324345,8.211637049290534,35.30170835940977
9.177314599343331,7.319131466507544,35.704751555053654
9.121569105358258,6.401191143547247,36.01940376012405
9.039957766503928,5.468860239713987,36.243098796247544
8.93282484070023,4.533399620987316,36.37505046426434
8.800842084108842,3.605944663873954,36.41626060709346
8.644995161501795,2.6971707805562257,36.369451496530424
8.466560430073427,1.816985468408842,36.238927265041646
8.26707318122349,0.9742634515891058,36.030374165079714
8.048288889334458,0.17663781040165782,35.7506134959497
7.812139356966474,-0.5696446658921522,35.407323682259126
7.560685836280715,-1.2598007582673916,35.008749010297514
7.296071238444272,-1.8905225319509569,34.563411942698856
7.020473425332415,-2.459929586219979,34.07984395256189
6.736061334985843,-2.9674712207290526,33.5663468101538
6.444955358314396,-3.413789963796538,33.030792660525904
6.149192998651068,-3.80055873567354,32.48046749472734
5.85070044662133,-4.130303636789181,31.92195912809641
5.551270324119015,-4.406223187344452,31.361087843491006
5.252545518775111,-4.63201308235608,30.802875604842594
4.956008760741176,-4.8117034512931465,30.251548253207798
4.662977394380146,-4.949513476872626,29.710564326088747
4.374602668242563,-5.0497262308614514,29.18266398826949
4.091872801269442,-5.116584858963656,28.669931889952586
3.815619071462449,-5.154209863185061,28.173868426855257
3.546524203423024,-5.1665362074794885,27.69546472806382
3.2851323910959485,-5.1572682913288626,27.235277623706306
3.031860370623204,-5.12985045179643,26.79350175633508
2.787009045950615,-5.087450510715872,26.370036835851476
2.5507752592506208,-5.03295392046749,25.96454876155105
2.3232633838590773,-4.968966223547108,25.57652393052277
2.1044964956368917,-4.897821779930771,25.205316518389548
1.8944269473698618,-4.821596993631382,24.85018886548447
1.6929462291398245,-4.742126556982098,24.510345344088698
1.499894045556167,-4.661021507942121,24.184960237920343
1.3150665789512184,-4.57968814931901,23.873200251481425
1.1382239371031115,-4.499347102237077,23.574242300694728
0.9690968059229059,-4.421051956739576,23.287287231956764
0.8073923430430314,-4.345707140353595,23.011570086336242
0.6527993585411326,-4.274084752934716,22.74636747877059
0.5049928351968571,-4.2068402163847916,22.491002606132223
0.36363784364940765,-4.144526664618683,22.24484833838998
0.22839290840136495,-4.087608056226205,22.007328787613385
0.09891287946253782,-4.036471033217063,21.777919692813587
-0.025148637917850186,-3.9914355772825205,21.556147906157825
-0.1441372460987903,-3.95276453297197,21.341590218777302
-0.25839606470498566,-3.920672077443395,21.133871722532124
-0.36826434508713796,-3.8953312209649593,20.932663867664903
-0.4740763513634726,-3.876880422701853,20.737682344998117
-0.576160473503624,-3.8654294037676404,20.548684894802804
-0.6748385414115444,-3.861064235019761,20.36546912221047
-0.7704253122197909,-3.863851771367679,20.187870380554937
-0.8632281059942276,-3.87384349798233,20.015759768822658
-0.9535465677538707,-3.8910788471382145,19.849042276991245
-1.0416725361354011,-3.9155880377573435,19.687655103016816
-1.1278900011840594,-3.9473944832384653,19.531566157204168
-1.2124751356456915,-3.986516806958101,19.380772763315864
-1.2956963857850639,-4.032970498983431,19.235300560745408
-1.3778146091810148,-4.0867692420661665,19.09520260813306
-1.4590832481675693,-4.147925929890902,18.960558685712435
-1.5397485286192694,-4.216453395814187,18.831474791244748
-1.620049674635117,-4.292364865924652,18.708082822454266
-1.700219130373803,-4.375674146148073,18.59054043727429
-1.7804827808470312,-4.466395549281235,18.479031081817176
-1.8610601639000572,-4.564543564233761,18.373764174678474
-1.9421646659100684,-4.670132266361057,18.274975434869507
-2.024003693923598,-4.783174464563834,18.182927339249343
-2.1067788170428052,-4.903680577798099,18.09790969370643
-2.190685869865464,-5.031657230781918,18.02024030043786
-2.2759150106929575,-5.167105556010953,17.950265701408284
-2.3626507270524972,-5.310019186726857,17.888361975361804
-2.451071780842728,-5.460381923259832,17.834935562530013
-2.541351085115241,-5.6181650532458995,17.790424087351973
-2.633655504159161,-5.783324304678457,17.755297145022684
-2.72814556817474,-5.955796409694146,17.730057012445997
-2.8249750934203224,-6.13549525654361,17.715239238122116
-2.924290698314021,-6.322307607517786,17.711413058596236
-3.026231205590134,-6.516088361883319,17.719181581295715
-3.1309269202789296,-6.716655345357521,17.739181664873897
-3.2384987730312873,-6.923783611595141,17.77208341857531
-3.349057318188203,-7.137199246879822,17.818589231698407
-3.4627015760489517,-7.356572677068807,17.879432233072727
-3.579517709079547,-7.581511486227877,17.95537406877405
-3.699577522393997,-7.811552769748435,18.047201874351735
-3.82293677981463,-8.046155061520775,18.15572430602778
-3.9496333282658145,-8.284689895419564,18.281766484175296
-4.079685025280427,-8.526433086401093,18.426163692586506
-4.213087467114047,-8.770555846336284,18.5897536694771
-4.349811518490714,-9.01611588464203,18.77336732194056
-4.489800649475254,-9.262048684017307,18.977817695991785
-4.632968090511516,-9.507159187117207,19.20388704100159
-4.7791938234096865,-9.750114180484106,19.452311822044848
-4.928321434121919,-9.989435716773272,19.723765558513488
-5.08015486260146,-10.223495974011671,20.018839404505922
-5.234455095943766,-10.450514009416557,20.33802043831248
-5.39093686334795,-10.668554922500157,20.681667697047576
-5.549265405122517,-10.8755319942271,21.049986080180684
-5.7090534027956545,-11.069212411311723,21.442998353957552
-5.869858173051137,-11.247227211751424,21.860515618248648
-6.0311792442121455,-11.407086092803572,22.302106747796785
-6.192456449669888,-11.546197698396599,22.767067489117395
-6.35306868713169,-11.661895941444607,23.254390078292218
-6.512333504761077,-11.751472809672617,23.762734436891094
-6.6695076839084235,-11.812217943956519,24.29040219360938
-6.823788991709867,-11.841465059997647,24.835314955085476
-6.9743192737585,-11.83664500423919,25.39499839475591
-7.12018904567292,-11.795344894126677,25.966573824705378
-7.260443721126533,-11.71537239728549,26.54675894150927
-7.394091581411302,-11.59482376667976,27.131879371719485
-7.520113546969355,-11.432153789583976,27.717892466013836
-7.637474754247794,-11.226245355363911,28.300424487194572
-7.745137872281278,-10.976475936131491,28.87482189718846
-7.842078014196784,-10.682777946611804,29.43621687298774
-7.927299012169235,-10.345689749299979,29.97960648491457
-7.999850734283157,-9.966394041300969,30.499944181363773
-8.058847033493691,-9.546740536924213,30.992241386444704
-8.103483838596608,-9.089250269846097,31.45167618913551
-8.133056831534093,-8.597099487421403,31.873705353910733
-8.146978111210712,-8.07408198215444,32.254175287547135
-8.144791227339024,-7.5245497611757335,32.58942722643899
-8.126183983354125,-6.9533331290297795,32.8763918230196
-8.090998457724394,-6.3656424667013605,33.112668547829884
-8.039237777993703,-5.766955131815005,33.29658589615664
-7.9710692986083425,-5.162891879519239,33.427239272791894
-7.88682397603567,-4.559087917809392,33.504504569592676
-7.786991894288882,-3.9610640928341487,33.529026762887085
-7.672214060245239,-3.3741037076323934,33.502184235094795
-7.543270749666854,-2.803140107146851,33.42603085180807
-7.401066830391254,-2.2526594467180425,33.30321899106458
-7.246614608881058,-1.7266220681043025,33.13690763226666
-7.081014832657755,-1.2284047293654816,32.93066020297141
-6.905436529558987,-0.7607646792616021,32.68833712203313
-6.721096374050065,-0.3258253402718506,32.413987872878515
-6.529238243036718,0.0749177376166662,32.11174702928048
-6.331113563617117,0.4405728933787577,31.78573800141239
-6.127962969907241,0.7708132399896541,31.439987451187942
-5.920999683610334,1.0658257093166192,31.078352426762354
-5.711394921822525,1.3262516849266182,30.704461365618258
-5.500265523620051,1.553122561003263,30.32166928057859
-5.2886638810813515,1.7477932932596731,29.933026723010375
-5.077570165851121,1.9118766046547968,29.541261543163685
-4.867886762735943,2.0471800273894316,29.14877205164621
-4.6604347590321815,2.155647451192672,28.75762992556708
-4.455952292725436,2.239306346462186,28.369591083213834
-4.255094533549807,2.300221369734621,27.98611274989537
-4.058435056451274,2.3404546584204597,27.608375028633294
-3.866468365005122,2.3620327925552607,27.237305446009277
-3.6796133302783103,2.3669201464531167,26.87360514085399
-3.4982173259763676,2.356998169554054,26.517775580219517
-3.322560861110455,2.3340500162855453,26.170144906077038
-3.152862534788575,2.2997498798736262,25.83089322469642
-2.989284162348709,2.2556563642386114,25.500076340093077
-2.8319359465510896,2.20320924099505,25.177647598238952
-2.6808815909247055,2.1437289755795463,24.86347764778309
-2.5361432739295777,2.0784184593518,24.557372035839627
-2.3977064219311366,2.0083664463077535,24.25908664552027
-2.26552423588397,1.934552258434403,23.968341047806035
-2.1395219410544186,1.8578513887181787,23.6848298870573
-2.019600741161241,1.7790416925865813,23.408232450092918
-1.9056414681488063,1.6988099153078093,23.138220586382943
-1.7975079266451077,1.6177583535811548,22.874465154307984
-1.69504993823832,1.536411493810749,22.61664116812532
-1.598106095276848,1.4552225073913774,22.36443181436714
-1.5065062371968012,1.3745795150685347,22.117531496633006
-1.4200736646288412,1.2948115585714404,21.87564805553694
-1.3386271079328327,1.2161942388626543,21.638504297031727
-1.2619824675289681,1.1389549971431046,21.405838948294875
-1.189954343588806,1.0632780278314655,21.177407146434934
-1.122357372446198,0.9893088227006059,20.95298055189398
-1.0590073865917937,0.9171583527467575,20.7323471658672
-0.9997224144116372,0.8469068996728526,20.515310919506195
-0.9443235349891025,0.7786075525055818,20.301691092205903
-0.892635602364262,0.7122893871929004,20.09132160692033
-0.8444878526775471,0.6479603483433164,19.884050242189183
-0.7997144066469212,0.5856098528159213,19.679737793335363
-0.7581546788630359,0.5252111348499697,19.478257209042297
-0.7196537044516457,0.46672335199409626,19.2794927241591
-0.6840623927582734,0.41009347038336563,19.08333900502534
-0.6512377168640242,0.3552579470145387,18.889700319769037
-0.6210428469476673,0.3021442256603471,18.698489742828233
-0.5933472347694269,0.2506720619976898,18.50962840029902
-0.5680266558664133,0.20075469244308553,18.32304476054783
-0.5449632154171283,0.15229986012030103,18.138673972776374
-0.5240453231510055,0.1052107103496309,17.956457254833822
-0.5051676421459864,0.05938656705868421,17.77634133047844
-0.4882310158698463,0.014723600578411378,17.598277915453096
-0.4731423773763986,-0.028884603590666545,17.422223251113888
-0.45981464416282664,-0.07154656627736158,17.248137683902872
-0.44816660182626267,-0.11337251840178462,17.075985288652983
-0.43812277932352833,-0.15447407970521781,16.90573353352958
-0.429613318334979,-0.19496400580677112,16.737352984325625
-0.42257383895913275,-0.2349559975500729,16.570817045817275
-0.41694530371686095,-0.274564567161338,16.406101737937814
-0.41267388162019525,-0.31390495625535075,16.243185504626886
-0.4097108138592499,-0.35309310120143633,16.082049053348193
-0.4080122824795155,-0.39224564180040655,15.922675223433325
-0.40753928325914224,-0.4314799696285435,15.765048881595028
-0.4082575038502243,-0.470914312778425,15.60915684315471
-0.4101372081180703,-0.5106678540710203,15.454987817741785
-0.41315312749665883,-0.5508608801309247,15.30253237844381
-0.4172843600756868,-0.5916149590085006,15.15178295361379
-0.4225142780436712,-0.6330531443004282,15.002733840773463
-0.42883044403137394,-0.6753002039648393,14.855381242288
-0.4362245368293779,-0.7184828722496479,14.709723322728328
-0.444692286891986,-0.762730123353482,14.565760288082714
-0.45423342198583083,-0.8081734656180437,14.423494487230242
-0.46485162329479723,-0.8549472552088249,14.282930536346397
-0.4765544922522181,-0.9031890283775833,14.144075467177085
-0.48935352833597906,-0.953039851514269,14.006938900393576
-0.5032641180313278,-1.00464468828722,13.871533245529474
-0.5183055351390046,-1.0581527832371134,13.737873929304037
-0.5345009525819479,-1.1137180612305775,13.605979654456743
-0.5518774658414067,-1.1714995421913106,13.47587269155853
-0.5704661281319039,-1.2316617705071828,13.347579206628733
-0.5903019974031622,-1.2943752584576715,13.221129627776339
-0.6114241952347975,-1.3598169429129079,13.096559054503144
-0.6338759776651408,-1.4281706544185544,12.973907713757985
-0.6577048179677433,-1.4996275975936746,12.853221467318827
-0.6829625013565213,-1.5743868415245696,12.734552375606587
-0.7097052315615627,-1.652655818527803,12.617959323604424
-0.7379937491705499,-1.7346508292704086,12.503508715172178
-0.7678934615735457,-1.8205975517629347,12.391275242710407
-0.7994745842792274,-1.9107315511679404,12.281342739844858
-0.8328122932858888,-2.0052987866769745,12.173805125571802
-0.8679868880876214,-2.104556110884536,12.068767449128643
-0.9050839647715287,-2.2087717561066866,11.966347045732281
-0.9441945985115835,-2.3182258009302403,11.866674814257882
-0.9854155345841432,-2.43321060890735,11.769896628908988
-1.0288493868138395,-2.5540312296973102,11.67617489794922
-1.0746048421003436,-2.6810057510651424,11.585690283615502
-1.1227968693692876,-2.8144655879326006,11.498643598397281
-1.173546930926187,-2.954755692093399,11.415257893924093
-1.2269831937612035,-3.102234663196449,11.33578075972578
-1.2832407378442607,-3.257274738107752,11.260486850076978
-1.3424617578521656,-3.42026163171562,11.189680657959117
-1.4047957540680693,-3.591594197570406,11.1236995558038
-1.4703997073731394,-3.77168387136752,11.062917123036586
-1.5394382322929707,-3.9609538541036637,11.007746780413848
-1.6120837009472915,-4.159837984668575,10.958645750603264
-1.68851632945893,-4.368779243582893,10.916119363233888
-1.768924216882649,-4.588227820462248,10.880725720527458
-1.8535033249900368,-4.818638667488538,10.853080736364086
-1.9424573852649918,-5.060468449623651,10.833863556921601
-2.0359977171957517,-5.314171789451682,10.823822364481105
-2.1343429393634294,-5.58019669035988,10.82378055715739
-2.237718551893323,-5.85897900629371,10.834643285649104
-2.3463563655253346,-6.150935809648069,10.857404312967983
-2.4604937488490166,-6.456457491187655,10.893153143747357
-2.580372661119176,-6.775898407566315,10.94308234527765
-2.70623843351259,-7.10956587356593,11.008494951878925
-2.8383382567141906,-7.457707278372066,11.090811806486473
-2.9769193273639267,-7.820495089133926,11.191578647177401
-3.1222266002170267,-8.198009492209069,11.312472690509601
-3.274500086976788,-8.590218414859113,11.455308396658573
-3.433971636813258,-8.996954670347327,11.622042022158045
-3.6008611278192797,-9.417889980739941,11.814774473493138
-3.7753719934068997,-9.852505658449122,12.035751868135458
-3.9576860033581664,-10.300059774891926,12.287363088732022
-4.147957216504179,-10.759550718888375,12.572133481893124
-4.346305021575705,-11.229677156042376,12.89271370758175
-4.552806185609705,-11.70879455190951,13.251862592645741
-4.767485836598699,-12.194868625750512,13.652422689338952
-4.990307320273254,-12.68542636812484,14.097287096970037
-5.221160891708801,-13.17750559435597,14.589355986656745
-5.459851232788217,-13.667604425587745,15.131481195385431
-5.706083828572202,-14.151632595435377,15.726397252154646
-5.959450291578098,-14.624867073630437,16.37663729864019
-6.219412795039668,-15.081915170917828,17.084432609116167
-6.485287866316013,-15.516689022242861,17.8515948449021
-6.7562299009938185,-15.922396102173845,18.679380846866582
-7.031214887029219,-16.291551150818957,19.568340724807662
-7.309024974942911,-16.616015498186233,20.51815128740395
-7.588234690640211,-16.887070159571316,21.527438497132728
-7.867199754708144,-17.095529094949597,22.59359462824274
-8.144049634915389,-17.231898517824895,23.71259810498425
-8.416685101402674,-17.2865869265013,24.878846492264316
-8.682782156155632,-17.250168442992745,26.08501561372553
-8.939803744760745,-17.113698948805087,27.32196000506324
-9.185020600882075,-16.86908034800396,28.578671504504964
-9.41554239329573,-16.509463138610474,29.84231329460343
-9.628360015655172,-16.029671582054224,31.098345662378797
-9.820399362647144,-15.426629591095589,32.33075669500236
-9.988586269500598,-14.699759701871116,33.52240576209422
-10.129921472471713,-13.851323047111244,34.65547988370396
-10.2415635197109,-12.886666108717693,35.71205323243767
-10.320916597381103,-11.814341164360831,36.67472879521067
-10.365719334390494,-10.646072479753812,37.52732980536231
-10.374129928751394,-9.396549697254828,38.25559850069575
-10.344802521806496,-8.083043137917752,38.847852790101705
-10.276949740289833,-6.7248517197191795,39.29554911257071
-10.170386799672713,-5.342611051228994,39.59370325278956
-10.025553527219401,-3.957504673506679,39.74113042937371
-9.843512061608019,-2.5904330079658147,39.740480874464595
-9.625919689998753,-1.2612003459933314,39.59806565130694
-9.37497810967859,0.012220938004720017,39.32348712722917
-9.093362138248091,1.2142978396998596,38.92910654569414
-8.784132338909652,2.3323785300515274,38.42939498023637
-8.450637012840817,3.3569485870462197,37.84022181370996
-8.096409444844205,4.28170008310338,37.1781360557739
-7.725066159005777,5.103428698425339,36.45969072528788
-7.340211313282844,5.821787109201936,35.700850574703956
-6.945351360608301,6.438931112912586,34.916510592932035
-6.543822886402674,6.959098034765407,34.12013909734341
-6.138735258767632,7.388155460645429,33.3235466564838
-5.73292853718524,7.733153370539005,32.536771885683756
-5.328946079953512,8.001905654992754,31.768068010422986
-4.9290205279051245,8.202619102173548,31.02397009259544
-4.535071339002764,8.34358032569213,30.309421612297484
-4.148711789061917,8.43290451015629,29.62794007617737
-3.7712633000853706,8.478344683749889,28.981803771842408
-3.4037750605703128,8.487156591740018,28.372245032610984
-3.0470471110010027,8.466012035315396,27.799638862863677
-2.701655336611511,8.420952523386577,27.263679099095967
-2.367977100811568,8.357374975288023,26.76353719486341
-2.04621653852858,8.28004172596163,26.298001097270998
-1.736428790593874,8.193107973746725,25.865593503104595
-1.438542687663656,8.100160876947768,25.46467008237297
-1.1523815807253133,8.004265605355073,25.093499109564913
-0.8776821651429016,7.908014692107411,24.75032443596082
-0.6141112594253922,7.813577954812901,24.433413957031703
-0.3612805829982434,7.72275103768919,24.1410957554769
-0.11875963437762038,7.637001264305315,23.871783997949667
0.1139131925828677,7.557509991947573,23.623996483191267
0.33722109656380883,7.4852110394528895,23.39636551927095
0.5516607948504813,7.420825039287608,23.1876435748256
0.757735722183595,7.36488976067813,22.99670492147354
0.9559503433384311,7.317786581334843,22.822544272874904
1.1468054304783235,7.279763366171066,22.664273236095198
1.3307941685491058,7.250954055336126,22.52111522534347
1.5083989651527165,7.231395281337182,22.39239934682262
1.6800888546382504,7.221040334268944,22.277553644944188
1.8463173990271713,7.2197707815306265,22.17609800233973
2.0075210005022748,7.227406028615005,22.087636906425615
2.1641175513456568,7.243711084050772,22.01185223117737
2.31650535732681,7.268402766805683,21.948496131804312
2.4650622796111765,7.301154570083316,21.897384109971412
2.6101450483253408,7.341600372562968,21.85838827615493
2.7520887080524696,7.389337167409769,21.83143081198567
2.8912061618331886,7.443926961186631,21.816477617650023
3.027787785813792,7.504897979284104,21.81353211645771
3.162101091617901,7.571745301655243,21.822629179647684
3.2943904179190215,7.643931042408068,21.843829128689375
3.424876636653693,7.7208841790103815,21.87721176921591
3.5537568629243936,7.802000131298379,21.92287040991377
3.681204160975613,7.886640186918028,21.98090582092602
3.8073672417538855,7.974130868007325,22.05142008943876
3.9323701505414888,8.063763333565205,22.134510335027468
4.0563119460322,8.154792912739907,22.23026225401662
4.179266375033431,8.246438865867079,22.33874347057011
4.301281549758441,8.337884472121754,22.45999668252328
4.422379637429341,8.428277544704791,22.59403260213759
4.542556574647604,8.51673147610544,22.74082270603927
4.661781821691339,8.602326916663857,22.90029182459179
4.779998174540515,8.684114188852336,23.07231061878937
4.89712165496987,8.7611165368146,23.25668801230363
5.013041501425212,8.832334305134166,23.453163667322087
5.12762028553648,8.89675013192047,23.66140061490986
5.240694180928,8.953335228496261,23.880978173278606
5.352073412355048,9.001056800681521,24.111385309864602
5.461542914004842,9.03888664442905,24.352014624626207
5.5688632259175685,9.065810921047348,24.60215715141369
5.673771656771462,9.080841084317504,24.860998190412975
5.775983739597843,9.083025893600649,25.127614396147308
5.875195004217927,9.071464403987756,25.400972350863672
5.971083086211022,9.04531977748491,25.67992885082753
6.063310186949238,9.003833709393195,25.963233121646358
6.151525892622557,8.946341213114648,26.2495311569475
6.23537035223732,8.872285456716828,26.537372341545137
6.314477805371705,8.781232298245017,26.82521847506367
6.388480440157905,8.672884126835703,27.11145525482385
6.457012550758239,8.547092586212607,27.39440620831607
6.51971495182187,8.403869739224751,27.672348987249585
6.5762395954439565,8.24339722962326,27.94353384929696
6.626254324469335,8.066033012755925,28.206204063428203
6.669447685117933,7.872315262091183,28.458617884114783
6.705533712427131,7.662963114337872,28.69907165328636
6.734256594484453,7.438873992122948,28.925923511756277
6.755395116413608,7.2011173381341225,29.137617139008643
6.768766783065223,6.950924705354503,29.33270489660608
6.774231520733901,6.689676270197223,29.509869730211932
6.7716948632178005,6.418883963498206,29.66794519144057
6.761110536226212,6.140171542064887,29.80593297515828
6.742482366401372,5.855252043940235,29.92301743047961
6.715865456727538,5.565903176851899,30.01857659274584
6.68136658833127,5.273941275122661,30.09218939562748
6.639143828935011,4.9811945203024015,30.143638851915462
6.589405349676033,4.6894761511137535,30.172911131998212
6.532407473719164,4.40055838698188,30.1801906130515
6.468452001117046,4.116147756457973,30.165851111877565
6.397882873777274,3.8378624592891777,30.13044364268033
6.321082261342631,3.5672123026391054,30.074681151255515
6.238466162581525,3.3055816434611436,29.999420763829512
6.150479627007914,3.054215646788676,29.905644148495046
6.057591707601337,2.8142100407992148,29.79443661813072
5.960290257597273,2.586504420999154,29.666965606015353
5.859076682499329,2.371879034312373,29.524459120972335
5.754460753053721,2.1709548648406347,29.368184741199098
5.646955576407328,1.9841967509348508,29.199429639450873
5.537072811643154,1.811919190869339,29.019482052130172
5.425318203019939,1.6542944432579172,28.82961451649544
5.312187490227079,1.511362498401716,28.631069108892106
5.198162740472318,1.3830424868070386,28.425044827375263
5.08370913286236,1.2691450989849575,28.212687178335617
4.969272211846038,1.1693856134926977,27.995079951858635
4.855275613895437,1.0833971647651783,27.773239106680666
4.742119260421529,1.01074392526428,27.54810863395634
4.630178000366812,0.9509339246106528,27.320558229970274
4.5198006780941276,0.9034312787202635,27.09138258104592
4.411309596112912,0.8676676520248168,26.861302048297173
4.305000337790269,0.8430528235770829,26.63096453421034
4.201141912363874,0.8289842717011715,26.40094831577098
4.099977183143993,0.8248557308052075,26.171765638298613
4.001723539573829,0.8300647074341506,25.943866878672495
3.906573774609639,0.8440189703873386,25.71764510467686
3.81469713048297,0.8661420518485338,25.49344087737997
3.726240478123937,0.8958778132972494,25.271547164603945
3.6413295981791363,0.932694141971466,25.05221425467152
3.560070534492906,0.9760858514146158,24.835654579976893
3.4825509940005572,1.0255768637908944,24.62204737896469
3.4088417700942673,1.08072175282371,24.411543142439232
3.3389981695761506,1.1411067250064026,24.20426780554359
3.273061426239058,1.2063501137076085,24.000326660149028
3.2110600868631147,1.276102456439176,23.79980797378469
3.1530113579503967,1.3500462202972445,23.60278631069304
3.098922403820802,1.4278952347822143,23.409325558249662
3.0487915887496446,1.5093938851389568,23.21948166800092
3.002609657641324,1.5943161132609451,23.03330512513213
2.960360851309913,1.682464267242075,22.850843163470916
2.922023953787878,1.7736678349611608,22.67214174534092
2.8875732702230765,1.867782091729734,22.497247326885706
2.8569795348682763,1.9646866870744246,22.32620843004365
2.830210749434461,2.0642841911853904,22.15907704231721
2.807232952686989,2.166498617446543,21.995909864971843
2.7880109226297756,2.2712739337613117,21.836769429430593
2.772508812963722,2.3785725720785846,21.681725100492397
2.7606907257371676,2.4883739425794658,21.53085398367109
2.7525212222424367,2.600672956374801,21.38424175248883
2.7479657742664076,2.7154785582524155,21.24198341000928
2.746991157785988,2.832812268968086,21.104183997297504
2.7495657911214506,2.9527067347630442,20.97095925986976
2.7556600194306986,3.075204280183203,20.842436281562243
2.7652463472532736,3.2003554588441774,20.71875409361145
2.778299620601001,3.3282175955078745,20.600064265100148
2.794797159848207,3.4588533116912212,20.486531479277918
2.8147188444034974,3.592329025999816,20.378334098603602
2.838047149851387,3.7287134194578453,20.27566471966536
2.8647671379395807,3.8680758552839984,20.17873071739576
2.894866399459913,4.010484741839874,20.08775477619455
2.928334949731312,4.156005826856393,20.002975403679596
2.9651650760450643,4.304700410534519,19.924647420783504
3.005351136079748,4.456623464734929,19.853042419777207
3.0488893059394035,4.611821645239544,19.788449179507644
3.0957772761184077,4.770331184015829,19.731174024663275
3.1460138933553305,4.932175648580145,19.681541113206993
3.199598746012075,5.097363555985573,19.639892633223944
3.25653169031128,5.265885829708166,19.606588887308696
3.3168123144931867,5.437713088839316,19.582008239255668
3.3804393377235704,5.612792760586915,19.56654689422054
3.4474099404094707,5.791046009231431,19.560618479702114
3.5177190224741297,5.972364477472804,19.564653390681023
3.59135838612409,6.156606839648604,19.57909785808976
3.6683158397298254,6.343595170721053,19.60441269554527
3.748574219659562,6.533111140345554,19.641071675045715
3.832110327280142,6.724892047876262,19.689559478243957
3.9188937788980254,6.9186267219649835,19.750369166126625
4.008885767190034,7.11395131759258,19.82399910665762
4.102037733702111,7.310445054047336,19.91094929744684
4.198289953312467,7.507625949618357,20.011717019090955
4.2975700332016435,7.704946622652161,20.126791754875153
4.399791330885159,7.901790244121661,20.256649314455682
4.5048512982822535,8.097466743899782,20.40174510345672
4.612629761650779,8.291209391340274,20.562506488162693
4.722987150541464,8.482171890249964,20.739324215266812
4.835762692732718,8.669426148444765,20.93254286157749
4.95077259640408,8.851960902194039,21.14245030832222
5.067808245577778,9.028681395146412,21.369266259829224
5.186634440064837,9.198410328737964,21.61312985744111
5.306987716725031,9.359890315305789,21.8740864769155
5.428574794682453,9.511788074609147,22.15207384147856
5.551071193080254,9.652700617395954,22.44690763300562
5.674120075809725,9.781163654035154,22.758266840002108
5.797331383156488,9.895662449909473,23.085679142143498
5.920281315159078,9.994645320024551,23.4285066955019
6.042512235305042,10.076539911026869,23.785932747944713
6.163533065576696,10.139772357696447,24.15694957748446
6.2828202443402885,10.182789321654363,24.54034830375044
6.399819316659711,10.204082821928345,24.93471116965236
6.513947221817769,10.202217650635166,25.33840692148156
6.624595334682291,10.175861034195794,25.749589925484095
6.731133305667696,10.123814054641203,26.16620364156434
6.8329137281369015,10.04504419195056,26.585989024784517
6.929277642051312,9.93871819415186,27.00649833812588
7.019560858614328,9.804234336109223,27.425114732478473
7.103101062939175,9.641253001089797,27.839077781098037
7.179245621083694,9.449724422976143,28.24551494768812
7.247359985140467,9.22991237329912,28.64147872505223
7.3068365567852265,8.982412577356397,29.023988913807717
7.357103837402361,8.708164706939526,29.39007923055319
7.397635663488476,8.408456929895133,29.736847158069224
7.427960301480676,8.084922200858239,30.06150569508352
7.447669158462003,7.739525749683879,30.361435449618035
7.456424856198659,7.374543555131919,30.634235367392286
7.4539684171666565,6.9925319660326055,30.877770312394414
7.440125323632635,6.596289029910301,31.090213733578825
7.414810234820965,6.1888084852103376,31.270083766777393
7.378030182332646,5.77322774100969,31.416271334084463
7.329886109092957,5.352771480725474,31.528059105970115
7.270572670241933,4.930692759952732,31.6051305681276
7.200376272933257,4.5102136044867525,31.647568862705043
7.119671392879861,4.094467141418771,31.655845524314064
7.028915265336028,3.686443211148918,31.63079967482938
6.928641103710415,3.2889392174595353,31.573608647697476
6.8194500471228885,2.9045176910791666,31.485751355717454
6.702002076441577,2.535471690991471,31.36896597521327
6.577006164878074,2.183798773321529,31.225203680838977
6.445209943131378,1.8511838481964882,31.056580223980475
6.307389160283331,1.5389908480517756,30.86532710719027
6.1643372109163845,1.2482627708014287,30.65374397804614
6.016854977712936,0.9797293574085177,30.424153664736206
5.8657412091038035,0.7338214287246474,30.178861022698193
5.711783615692429,0.5106907474033356,29.920116478417146
5.555750829643756,0.31023418727747487,29.650084864070017
5.398385330372768,0.132120979434648,29.370819853862823
5.240397399844624,-0.02417814821205791,29.084244054896338
5.082460133402924,-0.1593610249883643,28.79213458329714
4.925205498651185,-0.2742642411384993,28.496113776900955
4.769221406457495,-0.3698343042263742,28.19764456164656
4.615049735136979,-0.44710038902371957,27.898029899224507
4.463185231412158,-0.5071491602947789,27.598415694912827
4.31407519966095,-0.5511019957666935,27.299796531540192
4.168119883798121,-0.5800947996239504,27.003023611700584
4.025673443295458,-0.5952604788072023,26.708814328895574
3.8870454256323788,-0.597714057003275,26.417762942592844
3.7525026411533093,-0.5885403246551228,26.13035189625581
3.622271352179056,-0.5687838665525977,25.846963386066317
3.4965396956171064,-0.5394412697013119,25.567890857151703
3.3754602666575537,-0.5014552908181316,25.293350170450537
3.259152799933283,-0.45571075235581704,25.023490244649413
3.14770689336461,-0.4030319357994621,24.758403032457917
3.041184728489688,-0.3441812486395163,24.498132738107717
2.9396237491758117,-0.2798589546998184,24.24268422315469
2.8430392680595427,-0.21070377448278294,23.992030580626594
2.751426976783273,-0.13729418131424426,23.746119883772497
2.664765342040347,-0.060150239074947806,23.504881135792537
2.583017874606888,0.020264152762114573,23.26822946171059
2.506135262951545,0.10353872190478823,23.036070593781467
2.4340573667201424,0.18931409101873106,22.808304708264117
2.3667150684491,0.2772789313139017,22.584829674760158
2.304031984335044,0.3671670680436616,22.365543780261596
2.2459260368463023,0.45875459104432736,22.150347989142652
2.1923108934722433,0.551857012157938,21.93914779805672
2.143097277032814,0.6463265016947298,21.73185474147008
2.0981941537726714,0.7420492278783065,21.52838759971394
2.0575098059958403,0.8389428163305628,21.32867335723426
2.020952796305882,0.9369539409422378,21.132647954374615
1.9884328306449726,1.0360560527864626,20.940256871700438
1.9598615273092173,1.1362472499212344,20.751455581680922
1.9351530989875778,1.237548287856939,20.566209898570428
1.9142249546536587,1.3400007280136021,20.384496253628654
1.896998227854457,1.4436652195492858,20.206301919420547
1.883398237605302,1.5486199084088952,20.03162520385734
1.8733548877294097,1.6549589662370625,19.860475631880945
1.8668030100846393,1.7627912308468354,19.692874130246054
1.8636826567075053,1.8722389491751839,19.52885322870255
1.8639393454815356,1.9834366130337278,19.368457289003423
1.8675242635081013,2.0965298774334764,19.21174277153641
1.8743944319258625,2.211674550787582,19.058778547973812
1.8845128354917142,2.3290356458437578,18.90964626712636
1.8978485198022754,2.4487864797405483,18.7644407801442
1.9143766586004236,2.5711078110956045,18.62327063030163
1.934078593175279,2.696187001499278,18.48625861180168
1.9569418454249992,2.8242171881858567,18.353542401311636
1.982960105707825,2.9553964539725355,18.225275265259814
2.0121331961557662,3.089926979779846,18.101626845254994
2.044467009664489,3.228014164165706,17.98278402329957
2.079973424299525,3.369865693309562,17.868951867720238
2.118670192369826,3.515690543766386,17.76035465989846
2.160580802911723,3.665697899068292,17.657237000906218
2.2057343157964198,3.82009595988301,17.559864995997163
2.2541651651190175,3.9790906259459984,17.468527513520684
2.305912928943827,4.142884026374063,17.383537513164068
2.361022061866734,4.311672873256587,17.305233436427734
2.4195415862084295,4.485646611627108,17.233980649836568
2.48152473697099,4.664985337074161,17.17017292851687
2.547028554974085,4.84985745039889,17.114233964347267
2.616113421836829,5.040417016926035,17.06661887884099
2.6888425296895053,5.236800796400438,17.027815716148933
2.7652812776908333,5.439124907951186,16.998346885996177
2.8454965865986437,5.64748109350435,16.97877051988601
2.929556121805815,5.861932542428174,16.969681696431618
3.0175274144244857,6.08250924029366,16.971713483120134
3.1094768692005608,6.309202805662485,16.985537732099697
3.2054686472944187,6.541960781055035,17.011865556651728
3.3055634113072374,6.780680348039157,17.05144740284023
3.409816919409195,7.025201442108599,17.10507261743431
3.518278455090177,7.275299251144445,17.173568398655565
3.630989078971805,7.530676092291824,17.257798000765362
3.7479796893714057,7.790952676617629,17.358658047241565
3.8692688789887923,8.055658789576826,17.477074790697316
3.9948605763064333,8.324223438779041,17.613999141332965
4.124741462180611,8.59596454950439,17.77040027035908
4.258878154800325,8.870078323540252,17.947257581503244
4.397214159862522,9.145628418802549,18.145550833723146
4.539666587630723,9.421535156332565,18.36624819322591
4.686122644691778,9.696565017862174,18.610291994827563
4.836435915886891,9.969320761113998,18.878582003938586
4.990422461243704,10.23823255076424,19.171955993759685
5.147856763929321,10.501550579313838,19.491167490669792
5.308467578390856,10.757339731924732,19.83686059757776
5.471933742996873,11.003476929486055,20.209541883568566
5.637880038591549,11.237651860453292,20.609549431740305
5.805873193247401,11.457371878619774,21.03701926846981
5.975418153808572,11.659971893677758,21.49184955833656
6.145954766004648,11.842630105402181,21.973663140016992
6.316855026186574,12.00239042031971,22.481769198000087
6.487421088010568,12.13619233049642,23.015125108548588
6.656884225285143,12.24090891579026,23.57229975799325
6.824404966000297,12.31339344220614,24.151439895060083
6.989074620286472,12.3505347602151,24.750241329662554
7.149918424484331,12.349321351757764,25.36592700676178
7.305900512302534,12.306913432130827,25.995234139322267
7.455930899897383,12.220721989410702,26.63441264941572
7.598874632582782,12.088493055255437,27.279237109920587
7.733563185262962,11.908394873629456,27.925034171058716
7.858808135913956,11.679105006862748,28.566727071250877
7.97341704204242,11.39989384157152,29.198898255019632
8.076211346028293,11.070700489742684,29.815870350808044
8.166046020339724,10.69219678735371,30.411804816337373
8.241830543350144,10.265835037952197,30.98081647841459
8.302550678188206,9.793875386463235,31.517101041318327
8.347290419436456,9.27938927606724,32.015071498224856
8.37525338513538,8.726236348510174,32.46949835526598
8.385782874036623,8.139013371950057,32.87564777688684
8.378379788974026,7.522975258847483,33.229411288578504
8.35271765307023,6.88392987093981,33.52742061430951
8.308654019606317,6.228109970023485,33.76714163372138
8.246237698118833,5.5620272148625745,33.94694232675403
8.165711383621145,4.89231437720799,34.06613088845811
8.067509473428752,4.22556282217741,34.124961851595735
7.952251073891211,3.5681626742328216,34.12460991406462
7.8207284219014594,2.926152923719274,34.06711306950384
7.673891156955994,2.3050880319379745,33.95528841218241
7.512827063205454,1.7099264334305637,33.79262547470353
7.338740044312207,1.1449448288145163,33.58316303580817
7.152926187847276,0.6136804584135968,33.33135593008758
6.956748815964266,0.11890180652116811,33.04193848100628
6.751613405680973,-0.3373934393625584,32.71979079621354
6.538943200329667,-0.7539557341713974,32.369813387569515
6.320156232294635,-1.1302399402082006,31.996814516480722
6.0966443471195495,-1.4663448060471511,31.605413441294964
5.869754672524548,-1.7629402579524707,31.199961479154858
5.640773824610238,-2.021187063902492,30.78448159619833
5.4109149979548565,-2.2426531096620654,30.362626189389324
5.181307954726349,-2.429229998362044,29.937651874032625
4.952991816133697,-2.583053028383475,29.51240946814857
4.726910470798182,-2.7064268925254757,29.089346968364858
4.503910349898472,-2.801758736573155,28.670523122513924
4.284740277304324,-2.8714995647692674,28.25762918957308
4.070053082042116,-2.91809441493287,27.852016599263063
3.8604086571328664,-2.9439412640515683,27.454728441598558
3.6562781594973335,-2.951358270822633,27.06653299376422
3.4580490665877344,-2.9425587102317543,26.68795779596197
3.26603083328315,-2.9196327959382784,26.319323093989386
3.080460924406507,-2.8845355045199668,25.9607737557155
2.9015110315387127,-2.8390794957254384,25.612309029090977
2.7292933157207884,-2.7849322493212854,25.27380973403744
2.5638665487695262,-2.7236165978611373,24.945062666968987
2.405242054370606,-2.6565139137466147,24.62578214543
2.2533893753270897,-2.584869298580508,24.315628734142063
2.1082416151098617,-2.5097982155721623,24.014225276660337
1.969700420189401,-2.4322940962411117,23.721170413457756
1.8376405846964856,-2.3532365372362305,23.436049802289276
1.7119142710385042,-2.273399779535848,23.158445274604222
1.5923548495212736,-2.1934612295218776,22.88794216659455
1.478780367149979,-2.114009839148914,22.624135058667942
1.3709966609610122,-2.0355542109477573,22.36663214562031
1.2688001348037492,-1.9585303335694983,22.11505844389996
1.1719802207525518,-1.8833088858589404,21.869058023948458
1.080321547554207,-1.8102020730064996,21.62829543607103
0.9936058389373857,-1.7394699781391283,21.39245647866136
0.9116135644250903,-1.671326427703448,21.16124843860539
0.8341253646612342,-1.605944380021784,20.934399915798572
0.7609232723207436,-1.543460854223635,20.71166032722447
0.6917917485244123,-1.4839814220302752,20.49279917111328
0.6265185534077716,-1.427584288158444,20.277605118374908
0.5648954681607852,-1.3743239868771828,20.065884986760313
0.5067188845096461,-1.3242347228823672,19.857462642972994
0.4517902762878857,-1.2773333844548798,19.652177869127186
0.39991656646560275,-1.2336222560855576,19.44988522240917
0.35091040178906796,-1.1930914565742767,19.250452910415383
0.3045903460381676,-1.155721127188585,19.053761699287254
0.260781001841365,-1.1214833929097316,18.85970386731384
0.2193130699988321,-1.0903441181821683,18.668182213013186
0.18002335435340208,-1.0622644769749912,18.479109123723916
0.14275471941355028,-1.037202355400743,18.29240570834312
0.10735600716912147,-1.0151136036450783,18.10800099594749
0.07368191884469547,-0.9959531525562043,17.92583120055491
0.04159286670266847,-0.9796760089342279,17.745839051155762
0.01095480043356158,-0.9662381423504958,17.56797318530769
-0.01836098784996014,-0.955597275214769,17.392187603994405
-0.046478076470904406,-0.947713586790049,17.218441185054058
-0.07351514178047874,-0.9425503409258511,17.04669725224911
-0.09958619775483991,-0.9400744464345395,16.8769231969461
-0.12480084521523091,-0.9402569582653835,16.70909014937391
-0.14926452860673547,-0.9430735269305723,16.54317269651128
-0.17307879855645059,-0.9485048030000058,16.379148643800555
-0.19634157868975724,-0.956536802901,16.216998818079833
-0.21914743541609452,-0.9671612417292584,16.0567069093586
-0.24158784960548943,-0.9803758382930927,15.8982593493226
-0.2637514892661175,-0.9961845971688843,15.741645224735159
-0.28572448250320054,-1.014598072137489,15.58685622419868
-0.3075906901922292,-1.0356336149943526,15.433886617047795
-0.32943197793629286,-1.0593156133764863,15.282733263461541
-0.35132848699949865,-1.08567572092329,15.13339565520466
-0.3733589040172124,-1.1147530827818457,14.985875986736655
-0.3956007293801514,-1.14659455917713,14.840179256761662
-0.41813054427406077,-1.1812549494900277,14.696313400633183
-0.44102427643053976,-1.2187972190174643,14.554289454376418
-0.4643574647081475,-1.2592927303256127,14.414121751448981
-0.48820552267667144,-1.3028214808450416,14.275828153730286
-0.5126440014217225,-1.3494723480915667,14.139430318613087
-0.5377488518218179,-1.3993433436238332,14.004954004470292
-0.5635966865758784,-1.452541876563164,13.872429417188972
-0.5902650422754969,-1.5091850271972855,13.74189160090452
-0.6178326418231506,-1.5693998308607873,13.613380876534276
-0.6463796574942796,-1.633323571924375,13.486943332204708
-0.6759879749271824,-1.7011040873239631,13.36263137019264
-0.7067414582990859,-1.7729000786100773,13.240504315562019
-0.7387262169084156,-1.8488814309872779,13.120629092276154
-0.7720308733307815,-1.9292295372301786,13.003080973203646
-0.8067468332477634,-2.0141376236932014,12.887944411116443
-0.8429685569611266,-2.1038110748595127,12.775313958501675
-0.8807938324980782,-2.198467751982381,12.66529528477559
-0.9203240500826073,-2.2983383003385747,12.558006300296753
-0.9616644775902863,-2.4036664384145596,12.453578397424062
-1.0049245364150146,-2.514709220954955,12.352157819747815
-1.0502180769512128,-2.6317372661880327,12.253907171531203
-1.0976636526283174,-2.755034935669982,12.15900708032326
-1.1473847911195674,-2.8849004530185742,12.06765802662609
-1.1995102609765376,-3.0216459452932463,11.980082355396704
-1.2541743315060387,-3.165597387872673,11.89652648500691
-1.311517023197038,-3.3170944303272725,11.817263330034367
-1.3716843454109449,-3.476490076921793,11.742594954863286
-1.4348285173562703,-3.6441501909456004,11.672855475469554
-1.5011081675639502,-3.820452786983736,11.608414226869838
-1.5706885061465437,-4.005787069434146,11.549679213424477
-1.6437414630451717,-4.200552168966584,11.497100858370539
-1.720445784222814,-4.40515552112673,11.45117606746498
-1.8009870763299316,-4.620010822837875,11.412452619242012
-1.88555778872517,-4.845535493072102,11.381533890893946
-1.974357119855578,-5.082147553397405,11.359083923880071
-2.067590832861833,-5.330261832423663,11.345832826703338
-2.165470962848688,-5.590285385371065,11.34258250345103
-2.268215395524359,-5.862612006122868,11.350212685177103
-2.3760472938423143,-6.147615694325649,11.36968722642807
-2.489194345856814,-6.445642924588726,11.40206061050464
-2.6078878032187713,-6.757003548967046,11.448484583632576
-2.7323612755912197,-7.081960148220415,11.51021480921282
-2.8628492417700957,-7.420715632585587,11.58861739776347
-2.9995852334945603,-7.773398880025297,11.685175125007227
-3.1427996428904823,-8.140048190543407,11.801493098703025
-3.29271709932007,-8.520592331042167,11.939303573179506
-3.449553356271733,-8.91482894875775,12.100469538095291
-3.613511624046313,-9.322400145606176,12.286986623922095
-3.784778279693109,-9.742765034621947,12.500982770584464
-3.963517882340974,-10.175169147745143,12.744714997750526
-4.149867420303099,-10.618610637098815,13.020562496502341
-4.343929716806971,-11.071803316125594,13.331015134855122
-4.54576592478653,-11.533136729923179,13.67865633794217
-4.75538704894063,-12.00063363391355,14.066139174090637
-4.972744446489818,-12.47190550497301,14.496154359967669
-5.197719278244314,-12.944107017353199,14.971388804737995
-5.43011091041758,-13.413890793789632,15.494473262528157
-5.669624306918742,-13.877364193972118,16.067917677407944
-5.915856503530343,-14.33005042711185,16.694032914134947
-6.168282321237789,-14.766856864423923,17.374837805145074
-6.426239557533373,-15.182054062229195,18.11195084846437
-6.688913992674248,-15.56926965428823,18.9064665037728
-6.955324662522667,-15.921501882312894,19.758816895197945
-7.224309979116374,-16.231158034523872,20.668620873310484
-7.4945154207785984,-16.490123358348175,21.634523834191636
-7.764383658905686,-16.68986598630551,22.65403343384654
-8.03214812872768,-16.82158292603185,23.72335832684204
-8.295831172646805,-16.876391068963564,24.837259201789262
-8.553247969536308,-16.84556532773221,25.98892352088823
-8.802017490282186,-16.720823313027292,27.169877260030514
-9.039581664964539,-16.49465236630571,28.369948279962053
-9.263233786004774,-16.160670340782886,29.577296368166643
-9.470156882648118,-15.714006480503548,30.778524079537227
-9.65747237058378,-15.15168347310446,31.958879904995033
-9.822298703659401,-14.47297681980517,33.10256075103845
-9.961819047143774,-13.679723812549543,34.19311415808072
-10.073356190105947,-12.776552462905848,35.21393234885513
-10.154452078289944,-11.771001494611745,36.14882066377084
-10.202948560779598,-10.67350660924288,36.98261316303827
-10.217065302233497,-9.497235914300145,37.701799420380354
-10.195470420595496,-8.25776839335167,38.29512022144777
-10.137339359778181,-6.972622716166768,38.75408735317874
-10.042397860469839,-5.660658068569711,39.07338490666176
-9.910945666712834,-4.3413821510287764,39.2511168623617
-9.743858761242313,-3.034212065390763,39.288877719910914
-9.542569360366766,-1.7577397625607496,39.191638280880056
-9.309024472432586,-0.5290539790153026,38.967455434088365
-9.045625357630067,0.6368350382237624,38.62703064412639
-8.755151545754453,1.7274324469141906,38.18315462598129
-8.440674025974394,2.733036015274532,37.650083751143605
-8.105462724736926,3.646847878178957,37.042896252570365
-7.7528934066494495,4.4649299252569445,36.37687339465101
-7.386358706692258,5.186024092201387,35.66694340291773
-7.009187222725449,5.811267173458338,34.92721562682308
-6.624573590839935,6.34383382267056,34.17062087435437
-6.23552136843462,6.78854140913979,33.40866272554742
-5.844799485107388,7.15144713557298,32.65127514812001
-5.454912086486977,7.439462362402107,31.90677465128111
-5.068080853020304,7.660002542719933,31.181890773191977
-4.686238351148097,7.820684527128201,30.4818567432516
-4.311030664799808,7.929076979646952,29.810542258186498
-3.943827435466405,7.9925047017720585,29.17061189557647
-3.585737471349251,8.017903979386912,28.563695183411276
-3.2376282278271664,8.01172363107905,27.990557244171484
-2.9001476720599797,7.979865096857479,27.451261845914456
-2.5737472889924558,7.927654444168387,26.94532135561527
-2.2587052369976304,7.859839346044155,26.471830350721643
-1.9551488995063768,7.780604683240219,26.029581444285725
-1.663076292023979,7.693601253192695,25.617163223003555
-1.3823759656674788,7.601982991525272,25.23304113232881
-1.1128451969516964,7.5084490267284405,24.87562273521655
-0.8542063702412923,7.415287732089638,24.54330909350487
-0.6061215471713643,7.324420676399528,24.23453414239059
-0.36820528046423756,7.237444992928752,23.94779390904155
-0.1400357722624479,7.1556731854042255,23.681667315316478
0.07883549646755231,7.080169779610261,23.434830139957555
0.28887552496183355,7.011784523690897,23.20606352555448
0.49056279492370547,6.951182054736452,22.99425821965094
0.6843813727180879,6.898868099049576,22.798415550422384
0.8708159745080325,6.8552123725274186,22.617645963116445
1.050347866448614,6.8204684079422835,22.4511657879117
1.2234514826934242,6.794790567625571,22.298292774437208
1.3905916552413886,6.778248511298901,22.158440812638364
1.552221360923114,6.770839385952728,22.031114162681625
1.7087799016740024,6.772497992655325,21.915901436317363
1.8606914444034421,6.783105167657907,21.812469506493958
2.008363856101076,6.802494594827797,21.720557468948517
2.1521877782628778,6.830458245196279,21.63997073701478
2.29253589227088,6.866750618562284,21.570575317197097
2.429762334059622,6.911091942512377,21.512292286588398
2.5642022223132046,6.963170466440715,21.465092472613907
2.69617126963703,7.022643972484957,21.428991319731697
2.825965450722468,7.089140611878301,21.404043915689417
2.953860705557143,7.162259164086125,21.39034014097734
3.0801126593130124,7.24156880720856,21.387999898645674
3.204956343749879,7.326608481402383,21.39716837722291
3.328605907879454,7.416885922393428,21.418011296757104
3.4512543083148732,7.511876439383403,21.450710086783
3.573072972246929,7.611021510658779,21.49545694516468
3.6942114283992846,7.713727270828973,21.552449728222282
3.814796903672175,7.819362965686496,21.621886625334575
3.9349338855326046,7.927259454003986,21.703960575383128
4.054703652586746,8.036707839946699,21.798853388078985
4.174163778207545,8.146958324934252,21.90672954053224
4.293347614609346,8.257219373439119,22.027729628551988
4.412263767374239,8.366657293016171,22.16196346326908
4.530895573143497,8.474396334411644,22.309502816916513
4.649200595981542,8.579519422428561,22.47037383711384
4.767110160774952,8.681069631785007,22.644549166862603
4.884528944905254,8.778052523877333,22.83193982767475
5.001334652274417,8.869439459472328,23.032386945725776
5.117377796490354,8.954171998167814,23.245653425417608
5.232481622540678,9.03116748721466,23.47141570085723
5.346442198480897,9.099325929218312,23.709255722918034
5.45902871040302,9.15753819960773,23.958653366945896
5.569983995079161,9.204695659940937,24.21897947275915
5.679025345025014,9.239701181633313,24.489489753086012
5.785845620123263,9.26148155630355,24.769319827464685
5.890114698208672,9.269001223701492,25.05748165417395
5.9914812939734565,9.261277196576334,25.352861641086594
6.089575171051543,9.237395004800861,25.65422071549163
6.1840097660640225,9.196525420064171,25.96019662100102
6.274385235684027,9.13794165953837,26.26930868490634
6.360291928399657,9.061036704757228,26.57996526038877
6.441314271690384,8.965340313707625,26.890473993946888
6.517035052950901,8.850535253471207,27.19905499913988
6.587040058966511,8.716472241603144,27.503856933990974
6.65092302444561,8.563183060810413,27.80297588293416
6.708290825536554,8.390891307201267,28.094476837921682
6.758768839986495,8.20002025069565,28.37641746128419
6.80200638230777,7.991197329507352,28.646873700247948
6.837682110723757,7.765254870101326,28.903966715621365
6.8655092935050845,7.523226719338517,29.145890491570174
6.8852408162800876,7.266340594550414,29.370939416242116
6.896673809628197,6.996006096107134,29.577535070545608
6.899653778222565,6.7137984799536214,29.764251439990364
6.894078119274497,6.421438447344105,29.92983777607483
6.879898929116585,6.120768367223678,30.073238381255113
6.857125012259798,5.813725494424688,30.19360867479289
6.825823026724745,5.502312875186219,30.290327013067284
6.786117722178589,5.188568732388243,30.363001882173513
6.738191252484879,4.874535189730091,30.411474245627794
6.682281570602235,4.5622272223707,30.435815006925207
6.618679940155289,4.253602709286232,30.43631772574543
6.547727623229218,3.95053441049868,30.413486897741404
6.469811826847302,3.654784603758823,30.368022261625388
6.385361010154647,3.367982995973509,30.300799725548917
6.294839669729213,3.091608382264509,30.212849601346957
6.198742731105272,2.8269743688588926,30.105332896212946
6.09758968023788,2.5752193143341566,29.979516435450666
5.991918569260768,2.3373004861005944,29.836747578250492
5.882280026765963,2.1139922834890386,29.67842924431407
5.769231394467655,1.905888252050973,29.505995897729978
5.653331100195155,1.7134065104822156,29.320891042133475
5.535133362503767,1.536798134789842,29.124546674842
5.415183305672349,1.3761579948282805,28.91836503436667
5.294012546347027,1.2314375152687564,28.70370286201862
5.172135295414678,1.1024588341165944,28.481858289957184
5.050045001575736,0.9889298536554512,28.254060369534375
4.928211547138127,0.8904597171026049,28.02146116848265
4.807078992237061,0.806574294941194,27.785130295398687
4.687063851318185,0.7367313235387979,27.546051655933603
4.568553875484803,0.6803349012720306,27.30512220692119
4.45190730625842,0.6367491104726233,27.063152451350316
4.337452560384846,0.605310594240859,26.82086840700848
4.225488301400526,0.585339973363195,26.578914782806574
4.116283851559406,0.5761520387139957,26.33785910707639
4.010079897174044,0.5770646977190445,26.09819656933564
3.9070894411903936,0.5874066893410811,25.860355359079204
3.8074989586349144,0.606524110674227,25.624702310224503
3.711469713196094,0.6337858199906421,25.39154868632005
3.61913919639993,0.6685877965834913,25.161155968212334
3.530622654405437,0.710356547750745,24.93374153153871
3.446014671205796,0.7585516585872754,24.709484125425263
3.3653907808272407,0.8126675817295167,24.4885290856146
3.288809084854309,0.8722347626239692,24.27099323463275
3.216311855187399,0.9368201919991447,24.05696943840086
3.147927105291751,1.0060274716577176,23.846530802913907
3.08367011628273,1.0794964730267809,23.63973450635176
3.0235449069850513,1.1569026605704906,23.436625271433297
2.9675456395926143,1.2379561445522314,23.237238490191416
2.9156579547414028,1.3224005200213398,23.04160301887723
2.867860231699801,1.410011541507769,22.849743664644002
2.82412477099404,1.5005956758894685,22.66168338825884
2.784418898140903,1.5939885693519351,22.477445248571513
2.748705988277234,1.6900534583452553,22.29705411504504
2.716946412379275,1.7886795489856113,22.12053817450921
2.689098406477465,1.889780384444947,21.947930257599246
2.6651188658164893,1.993292215505139,21.779269009227285
2.644964066307149,2.099172385589617,21.61459992602129
2.628590315885623,2.2073977381858008,21.453976282049766
2.6159545385546283,2.317963051591274,21.297459962408297
2.6070147939457278,2.430879503308863,21.145122222434335
2.6017307352266217,2.5461731641346237,20.997044388484248
2.6000640080938617,2.663883519983961,20.85331851438279
2.6019785934505646,2.7840620177433544,20.714048005859606
2.607441096179348,2.90677062988078,20.57934822353108
2.616420982190391,3.0320804311632954,20.449347073270953
2.628890765659578,3.160070179586118,20.32418559113609
2.6448261480773745,3.290824892489154,20.20401852836423
2.6642061104097277,3.424434407804192,20.08901494032458
2.6870129593315615,3.5609919194234774,19.979358781661027
2.713232328134319,3.700592474797526,19.875249508200074
2.742853132534215,3.8433314220513037,19.776902684476784
2.7758674812197275,3.989302793152943,19.684550593935423
2.8122705405777237,4.138597608983343,19.59844284695859
2.852060352629892,4.291302091549627,19.5188469798395
2.8952376047974844,4.447495768078553,19.446049035605768
2.9418053496959162,4.607249451342883,19.380354115198898
2.991768672745325,4.770623080347939,19.32208688488035
3.0451343049734034,4.937663405479487,19.271592022844153
3.101910177988586,5.108401502440499,19.229234584840086
3.1621049177221434,5.2828500998466135,19.19540026512841
3.2257272731858775,5.461000706284441,19.170495525280263
3.2927854761788344,5.64282052405201,19.154947559198952
3.36328652761503,5.828249138799906,19.149204058269785
3.437235405950576,6.017194976992592,19.153732735768184
3.5146341930818363,6.209531526644598,19.16902056460477
3.595481113088719,6.405093321302351,19.195572677224373
3.6797694793351283,6.603671692899017,19.23391087109526
3.767486545742045,6.805010306076751,19.2845716578551
3.858612258552086,7.008800495023951,19.34810378899435
3.9531179056462418,7.214676433990498,19.42506518618286
4.050964661496569,7.422210184588398,19.51601920026755
4.152102027189324,7.630906676905381,19.62153011994455
4.256466166680806,7.840198697465716,19.742157849569818
4.363978142604353,8.049441975221814,19.8784516760323
4.474542057582877,8.257910477029531,20.030943047672277
4.588043110166276,8.46479204632013,20.200137294567785
4.704345578250892,8.669184542663446,20.3865042298932
4.823290747183268,8.870092665174386,20.590467587297468
4.944694804723002,9.06642566858632,20.812393270210432
5.068346730638901,9.256996206381437,21.052576416516988
5.194006214911178,9.440520559415136,21.31122731693332
5.321401645246296,9.61562052945708,21.588456268339975
5.45022821177262,9.780827293106057,21.884257494711743
5.580146184212623,9.934587520380997,22.19849232823825
5.710779424297674,10.075272061386613,22.53087191139167
5.841714203410342,10.201187490981011,22.880939756101434
5.972498402037463,10.310590772369,23.248054577117575
6.102641173147409,10.401707253062094,23.63137390046676
6.231613155544849,10.47275213798524,24.029839030997717
6.358847325018061,10.521955492512868,24.442162040666034
6.483740570042905,10.547590711618053,24.86681550563462
6.6056560742901596,10.54800625014669,25.30202576870953
6.723926579565855,10.521660245222893,25.745770526601756
6.837858589535567,10.467157478803408,26.195781531175896
6.946737556213602,10.383287932716817,26.64955314260871
7.049834067508699,10.26906598906555,27.104357373574455
7.1464110251554045,10.123769137163142,27.557265912350804
7.235731768515636,9.946974878066063,28.005179407006803
7.317069061802149,9.738594384759455,28.44486403419523
7.389714821490869,9.498901396371645,28.872995070634914
7.452990418737292,9.228554813959972,29.286206844295045
7.506257350593972,8.92861353666886,29.68114808192445
7.5489280361762185,8.600542239569439,30.05454131100754
7.580476462278015,8.24620705158963,30.4032446422835
7.600448379957363,7.867860439700306,30.724313980437127
7.6084707417496515,7.468115031812856,31.015063511959266
7.604260070451548,7.049906595215893,31.27312222399536
7.587629466194478,6.616446901870606,31.49648423397954
7.558493989264762,6.171167722840707,31.68355086638119
7.51687420127204,5.717657664946397,31.83316269911574
7.462897705182271,5.259593957255238,31.94462020605799
7.39679859274446,4.800671581268894,32.01769212073532
7.318914782400193,4.344532292317683,32.05261120749355
7.229683307697718,3.894696086920051,32.0500577115872
7.129633691074387,3.4544975301086405,32.01113132735294
7.019379606245415,3.0270290789332437,31.93731303384337
6.89960909042605,2.615093145918586,31.830418565346694
6.7710736120908255,2.221164170566982,31.692545584112136
6.63457632884511,1.8473614450197076,31.52601678930549
6.4909598823303485,1.495432910382467,31.333321226551924
6.341094073171912,1.1667496394789998,31.117055964566497
6.185863740161125,0.8623102809600534,30.879870097158587
6.026157136385093,0.5827543819441601,30.624412735184592
5.862855053751865,0.32838324574941646,30.35328630260787
5.696820899511791,0.0991868225639484,30.069006073300887
5.528891877203356,-0.10512492955034111,29.773966508205262
5.359871373000745,-0.28508774858935687,29.470414599432385
5.190522599353042,-0.44144727287787455,29.160430116813487
5.0215635031861146,-0.5751230266022944,28.8459123951824
4.853662907292462,-0.6871732769894701,28.528573103228293
4.6874378217640045,-0.7787616444782788,28.209934297741945
4.523451837776736,-0.8511261350331667,27.89133098689986
4.362214498592438,-0.905551060779314,27.573917396233906
4.204181531811286,-0.9433421305329428,27.258676142606095
4.049755821940959,-0.9658048315013171,26.946429565546374
3.899289002337691,-0.974226090507884,26.6378525324986
3.753083549552324,-0.969859098241967,26.333486116368533
3.611395270118495,-0.953911102085254,26.03375163293489
3.4744360789523827,-0.9275339195892074,25.7389646161837
3.342376978996135,-0.891816892444408,25.449348396875134
3.2153511628529188,-0.8477819862076645,25.165047030398522
3.0934571683811014,-0.7963807405139672,24.88613739214255
2.9767620311142493,-0.7384927845782391,24.61264032111609
2.8653043866434746,-0.6749256504208807,24.344530745091085
2.759097485531544,-0.6064156388030154,24.08174676337208
2.658132091801507,-0.5336295181693992,23.824197697096277
2.56237924350238,-0.4571668632610575,23.571771142651528
2.4717928602994768,-0.3775628661855029,23.324339082412642
2.3863121885049274,-0.2952914776954027,23.081763119619
2.3058640785189177,-0.21076875960994632,22.84389891189895
2.2303650933750516,-0.12435635034898543,22.610599881663376
2.1597234500633307,-0.03636496426442758,22.381720282217163
2.093840797633498,0.05294213818237463,22.157117696734165
2.0326138378499645,0.14334575825953633,21.936655043855225
1.9759357954622516,0.23466748172436808,21.720202159135027
1.923697746050115,0.32676654339550726,21.50763701631538
1.8757898099704768,0.41953685215333353,21.29884664678237
1.8321022212359626,0.5129041882323943,21.09372780983631
1.7925262802458555,0.6068235792321214,20.892187460763363
1.7569551992154435,0.7012768569525393,20.694143058288194
1.7252848489475563,0.7962703937794302,20.499522747904436
1.6974144152925126,0.8918330147365853,20.308265452885923
1.6732469732758348,0.9880140793485803,20.12032090050954
1.6526899864580171,1.0848817259920296,19.935649607182683
1.6356557386440376,1.1825212703502186,19.754222842761237
1.622061704595223,1.2810337488352308,19.576022591352796
1.6118308659224232,1.3805345973273695,19.401041523302066
1.6048919778645716,1.4811524552405293,19.229282990823506
1.6011797921858504,1.5830280847016325,19.06076105784937
1.6006352409613238,1.6863133944887525,18.895500573067746
1.6032055855671468,1.7911705582700446,18.733537293802307
1.6088445347482336,1.897771216594095,18.574918067301503
1.6175123352036094,2.0062957519766935,18.41970107512869
1.629175837706802,2.116932626288045,18.26795614564629
1.6438085413642392,2.2298777694497227,18.119765139037845
1.6613906182068037,2.345334008186105,17.975222408883663
1.6819089199061827,2.463510523226047,17.834435343972444
1.7053569680057787,2.5846223229037513,17.697524993765686
1.731734928652718,2.7088897205504976,17.564626780708302
1.7610495724096513,2.8365378023889476,17.435891302370674
1.7933142193090301,2.9677958718274056,17.311485226187177
1.8285486688845813,3.102896855091228,17.191592279294852
1.8667791144707808,3.2420766520116193,17.076414335642536
1.9080380405970059,3.385573414507991,16.966172602100997
1.9523641018143354,3.5336267338396836,16.86110890472114
1.9998019807750957,3.6864767160584897,16.76148707551753
2.0504022228335974,3.844362923259744,16.667594439150903
2.104221043846382,4.007523156204811,16.579743397591702
2.1613201072171346,4.176192051674199,16.498273109205662
2.2217662655508468,4.350599465517138,16.423551256642444
2.2856312615498355,4.530968609807407,16.355975895350113
2.3529913819975627,4.717513909824361,16.29597737139338
2.423927057832367,4.910438543794313,16.24402029342215
2.498522402411225,5.1099316255099065,16.20060553900919
2.5768646791041854,5.316164987175363,16.16627227003036
2.659043688346321,5.529289517211992,16.14159992516748
2.745151063212291,5.749431005443367,16.127210149833626
2.835279461479223,5.976685446245552,16.123768614709874
2.929521641022213,6.211113749125789,16.131986663497393
3.02796940426532,6.452735806071444,16.152622718291564
3.130712396319504,6.701523866244761,16.186483357054566
3.2378367404172614,6.957395171619481,16.234423961906856
3.3494234933533282,7.220203812480137,16.297348819330498
3.4655469029271324,7.489731769945571,16.376210533900394
3.5862724489376854,7.765679124547394,16.47200859595229
3.7116546492059768,8.047653426207123,16.585786920909314
3.841734612516011,8.335158242627308,16.71863015424602
3.97653732141935,8.62758093114357,16.871658511918557
4.1160686297110765,8.924179714539395,17.046020902461954
4.260311962255926,9.224070185287207,17.24288605512653
4.409224708946865,9.52621141618744,17.463431360085938
4.562734310164082,9.829391919337601,17.70882911407413
4.7207340384392875,10.13221577042152,17.980229860517504
4.883078490398755,10.433089301688643,18.27874252063473
5.049578814737451,10.73020886428694,18.605411035003232
5.2199977162239355,11.021550267531149,18.961187278241315
5.394044292763152,11.30486061676204,19.3469000777165
5.571368782483118,11.577653388707999,19.76322026584262
5.751557320669864,11.837207697874412,20.21062182982677
5.934126831986,12.080572811466878,20.689339397438495
6.118520211370426,12.304579053284451,21.199322516126973
6.304101976627847,12.505856285941938,21.740187447264965
6.49015460590727,12.680861160303268,22.311167506108617
6.675875802539149,12.825914253736267,22.91106332571166
6.860376956075063,12.937248066206173,23.538194798574143
7.042683089378997,13.011066587066564,24.190356835672677
7.221734594309624,13.043616769754976,24.864781453591128
7.396391059572985,13.031271745516003,25.558109023665782
7.565437480151275,12.970624968025351,26.26637175176313
7.7275931047874975,12.85859371740143,26.98499255698635
7.881523123165915,12.692529528835006,27.708802432895038
8.025853315335988,12.470332190284642,28.43207905829588
8.159187681584449,12.190563037226644,29.148608837240293
8.280128942253715,11.85255244087291,29.851773666517072
8.38730164721229,11.456495735024063,30.53466255490442
8.479377469846643,11.003531458746867,31.190206784851853
8.55510208951365,10.495795806755451,31.811335684403804
8.613322901030903,9.936447658570383,32.39114837393459
8.653016643757088,9.329659549958862,32.923095211919836
8.67331593094314,8.680571456727485,33.40116125346445
8.67353359671667,7.995206223743402,33.820043027983054
8.653183775527472,7.280347770179741,34.17530949564639
8.61199869536704,6.543385656479151,34.4635382727411
8.549940304200403,5.7921319877608415,34.682419177382506
8.467206054707216,5.034618712777583,34.83081881290273
8.364228434449327,4.27888493071702,34.90880216525343
8.241668129337357,3.532764659707132,34.917609853653296
8.10040102524845,2.803685544549556,34.85959249416034
7.941499560827483,2.098488173000504,34.738106341814174
7.766209219192674,1.4232741123148247,34.557376707438884
7.575921165986339,0.7832886385134744,34.32233738568947
7.372142190162153,0.18284163845102874,34.03845534158849
7.1564631736108195,-0.374732424657259,33.71155013374204
6.930527305662777,-0.887077029978417,33.34761704443444
6.695999175593542,-1.3527822287303801,32.95266175820518
6.454535733463825,-1.7713245845763348,32.532552853739766
6.2077599239226195,-2.1429846183152965,32.09289654693526
5.957237587655482,-2.4687483625592423,31.6389362411543
5.7044580091490396,-2.7501995202973437,31.17547767334375
5.450818283265648,-2.989408185697403,30.706838919807133
5.197611489196757,-3.188821248828811,30.23682332266163
4.94601850705599,-3.351158594690167,29.76871254983594
4.6971031940036045,-3.4793181364006127,29.305276500043405
4.451810554091478,-3.576291687120778,28.848796571728553
4.21096748685511,-3.6450927439239207,28.40109887523893
3.9752856799317393,-3.688696472013961,27.96359421617419
3.7453662153733682,-3.709991558581703,27.53732205138433
3.521705482154716,-3.7117431526530527,27.122996060442162
3.304702023110483,-3.6965658075407215,26.721049437747254
3.094663988190947,-3.666905174706622,26.331678458342374
2.89181691330402,-3.6250271368255094,25.954883279836196
2.696311591800134,-3.5730130879463093,25.590505299183253
2.5082318514077406,-3.5127601460219164,25.238260680124586
2.327602091484851,-3.445985197058847,24.89776990447726
2.15439447282854,-3.3742318038744714,24.568583381913488
1.9885356845274496,-3.298879152968379,24.25020328461126
1.8299132394025746,-3.2211523509238638,23.942101862618934
1.6783812716927815,-3.142133510748257,23.64373655066186
1.5337658282195503,-3.062773184836877,23.35456220477926
1.3958696578278575,-2.98390180293751,23.074040814226567
1.2644765140048966,-2.9062408601443575,22.80164902619772
1.139354992780419,-2.8304136720737127,22.536883802818803
1.020261932834795,-2.756955573090702,22.279266505301504
0.9069454076570301,-2.6863234802269784,22.028345672031076
0.7991473410205099,-2.6189047818508975,21.783698727872036
0.6966057773343677,-2.5550255378216615,21.544932832665296
0.5990568378796868,-2.4949579982849928,21.31168504882981
0.5062363927947464,-2.4389274628164235,21.08362198185056
0.4178814771264113,-2.387118511489052,20.86043902362141
0.3337314774679474,-2.339680645662626,20.641859307288627
0.2535291137740302,-2.296733379720063,20.42763246342894
0.1770212389692074,-2.258370826322292,20.217533251011293
0.10395947701046242,-2.224665817582181,20.011360122483904
0.03410071817268312,-2.195673603324601,19.808933770309874
-0.0327925114722354,-2.171435165653621,19.610095692139314
-0.09695179109767696,-2.1519801866576658,19.41470680334373
-0.15860264296447663,-2.1373297034497694,19.222646118645326
-0.21796445477903542,-2.127498482008978,19.03380951885741
-0.2752504755959337,-2.122497138563875,18.84810861413558
-0.33066787548497195,-2.1223340346099127,18.66546971146263
-0.38441786025872016,-2.127016969123147,18.485832891210944
-0.43669583352465297,-2.1365546891490803,18.309151195418877
-0.4876915991933858,-2.150958237717499,18.13538992877318
-0.5375895983491091,-2.170242155962981,17.964526072112953
-0.5865691750775253,-2.1944255544094724,17.796547807481268
-0.6348048664574837,-2.2235330665943014,17.631454153278646
-0.6824667124615882,-2.2575956965473587,17.469254707859893
-0.7297205819841613,-2.2966515700879335,17.309969499912196
-0.7767285116272745,-2.3407465984368168,17.153628944116466
-0.8236490542315608,-2.3899350612459753,17.000273900890306
-0.8706376344419932,-2.4442801148034214,16.849955839410104
-0.917846908852836,-2.5038542298577546,16.702737103586664
-0.9654271284829836,-2.5687395622060927,16.558691281201728
-1.0135265014946768,-2.6390282578815545,16.41790367698332
-1.0622915541862832,-2.7148226934427333,16.280471890989052
-1.1118674883639768,-2.7962356504880224,16.146506504262735
-1.162398533227698,-2.883390422072124,16.016131874315928
-1.2140282898930308,-2.9764208471698805,15.889487043546163
-1.2669000666113364,-3.0754712676922966,15.766726764221618
-1.3211572026437652,-3.1806964007890266,15.648022644118408
-1.376943378588123,-3.2922611172476364,15.533564417270478
-1.4344029107479086,-3.410340114698686,15.423561344557546
-1.493681026866432,-3.535117472032572,15.318243748983612
-1.5549241202214161,-3.6667860689041296,15.217864690450966
-1.6182799786818975,-3.805546851419283,15.122701784568765
-1.6838979848640192,-3.951607922040347,15.033059169498955
-1.751929282979309,-4.1051834283902995,14.94926962397293
-1.8225269073416386,-4.266492221962001,14.871696838335184
-1.8958458667802494,-4.435756253730981,14.800737838696728
-1.9720431783887713,-4.613198669322525,14.736825561906565
-2.0512778431167837,-4.799041561697693,14.680431575951395
-2.133710754674211,-4.993503334315252,14.632068936428952
-2.2195045320634423,-5.196795622432837,14.592295164743962
-2.3088232647745244,-5.409119714691753,14.561715327458494
-2.4018321582720414,-5.630662411479485,14.540985188576217
-2.4986970658682646,-5.861591250917983,14.530814397213105
-2.599583891419756,-6.102049027873966,14.531969661840852
-2.7046578455133825,-6.352147526386242,14.545277848797591
-2.8140825359395683,-6.611960381694201,14.571628926740605
-2.928018871312207,-6.881514985071919,14.611978659857698
-3.0466237547249984,-7.160783343486189,14.667350930654203
-3.170048542387834,-7.449671807411263,14.738839547714703
-3.298437240338537,-7.748009584822714,14.827609364781074
-3.431924410673062,-8.055535968524337,14.934896504664055
-3.5706327574086005,-8.371886218815131,15.06200744493175
-3.7146703612507963,-8.696576065588204,15.210316682224422
-3.8641275323809183,-9.028984825016806,15.381262648954213
-4.019073251159995,-9.368337168001519,15.57634151098264
-4.17955116866524,-9.713683632701668,15.797098429070443
-4.345575142586333,-10.063880044063529,16.045115822570764
-4.517124289630649,-10.417566091623451,16.32199813391959
-4.694137543690434,-10.773143425198995,16.62935256089344
-4.876507720135691,-11.128753758191424,16.96876520544239
-5.064075101277362,-11.48225762119037,17.34177208956106
-5.256620576874752,-11.83121458430924,17.749824517924676
-5.453858397097787,-12.172865963369569,18.194248333078434
-5.655428624085941,-12.504121238464364,18.67619672225834
-5.8608894025172935,-12.821549636141297,19.19659640674628
-6.069709209526014,-13.121378546999958,19.756087286541916
-6.281259289650232,-13.39950065258112,20.354955935760525
-6.494806530538159,-13.65149179719345,20.993063755909915
-6.709507088537817,-13.872641734035252,21.669771099110818
-6.92440112790274,-14.057999867192661,22.38385926863226
-7.138409090081438,-14.202437963749627,23.13345297731039
-7.350329956291484,-14.300731482801671,23.915946570154766
-7.55884200208679,-14.347660621314146,24.727938054602397
-7.762506560663611,-14.338131377732715,25.565175671417133
-7.959775305175684,-14.267315863792312,26.42252230357603
-8.149001521934183,-14.130809755701364,27.293943365377825
-8.3284557689472,-13.924803201216417,28.172523833777774
-8.496346191915276,-13.646259761482971,29.05051967096625
-8.650843599002307,-13.29309618292995,29.91944794584021
-8.790111176520137,-12.864354127356718,30.770218426632024
-8.912338465045234,-12.360353638901946,31.593307272301615
-9.015778920260935,-11.782817319340644,32.378970751354075
-9.098790072233326,-11.134954140418351,33.1174938039305
-9.159874994278876,-10.421492729751483,33.799464967767314
-9.197723526343054,-9.648655936155302,34.41606602467274
-9.211251498637422,-8.824071509681575,34.95936206144166
-9.199636098968746,-7.956617679925049,35.422575860003626
-9.162345546397436,-7.056206993351034,35.800329973742905
-9.099161389806044,-6.133516554268025,36.08884074120536
-9.010192044739904,-5.199677294271595,36.286050903936626
-8.895876602225854,-4.265938541288183,36.39169130481787
-8.756978460397724,-3.3433265035255992,36.40726702032948
-8.59456890169156,-2.4423159995060035,36.335968731900685
-8.410001314625992,-1.5725337296989013,36.18251557595626
-8.20487728707818,-0.7425087051751245,35.95294052753731
-7.981006229621088,0.04051855218154354,35.65433305036743
-7.74036048616701,0.7707212576898148,35.29455593168999
-7.485028033851305,1.4437443773833056,34.88195376868438
-7.2171648615142665,2.0566985229799544,34.42506955961325
-6.93894895997944,2.608096873257126,33.93238354090932
-6.652537584982343,3.097745204938165,33.412085194638095
-6.360029101284728,3.5265968183680823,32.871885678646215
-6.063430323695144,3.8965846336468943,32.318874237926565
-5.764629874974883,4.210442172350549,31.759418801282308
-5.46537771355512,4.4715237780958095,31.199108205933623
-5.1672706688055925,4.683632552937787,30.64273145984992
-4.871743572153291,4.850862375020617,30.094288174108836
-4.580065393738074,4.977458254357224,29.55702371641868
-4.293339684295216,5.067697357127709,29.03348263625892
-4.012508573052528,5.125791398973664,28.525574348182786
-3.7383595738917417,5.155809829358315,28.034645785380352
-3.47153449179424,5.161622308707824,27.56155661715908
-3.2125397877791784,5.146858389735347,27.10675355220455
-2.9617578424537427,5.114882005116328,26.67034114309161
-2.7194586470266406,5.068778277229606,26.252147312741904
-2.485811539298953,5.0113502431217825,25.851782510455756
-2.260896685826331,4.94512327553572,25.46869196273299
-2.0447160869854697,4.872355233545132,25.102200914859047
-1.8372039473695516,4.795050658452068,24.75155307443508
-1.638236309194903,4.714977615933407,24.41594268371528
-1.4476398914410538,4.633686056114263,24.09454078160349
-1.2652001130143942,4.552526808335267,23.786516285995006
-1.0906683053739044,4.472670541235695,23.491052548810988
-0.9237681399756164,4.395126199647864,23.207360023325826
-0.7642013097869119,4.320758578582769,22.9346856475485
-0.6116525131358215,4.250304813817486,22.67231949742275
-0.46579379332722226,4.184389661690488,22.41959920623888
-0.326288289676691,4.123539511433369,22.175912586843708
-0.1927934556433892,4.0681951254545226,21.940698834429273
-0.06496379821045187,4.018723139929684,21.7134486321203
0.05754680993375223,3.9754263829585184,21.493703430607837
0.17508319712449522,3.9385530831004414,21.281054127366417
0.28798729370377363,3.908305049559441,21.07513933075109
0.39659682637944366,3.884844908492417,20.875643359385492
0.5012442688428329,3.8683024793484315,20.68229409740848
0.6022560151580009,3.8587803719698184,20.494860800913635
0.6999517458623554,3.856358880295229,20.313151929806423
0.7946439598953416,3.861100242573448,20.137013061817704
0.8866376483756848,3.8730523315209084,19.96632493106264
0.9762300888700415,3.892251831189434,19.80100162186457
1.0637107411396232,3.9187269506978137,19.640988939156593
1.149361227426369,3.952499718580982,19.48626296925553
1.2334553821610073,3.993587895420194,19.336828838842482
1.3162593575587829,4.042006536686695,19.19271967529145
1.3980317729326202,4.097769232376856,19.05399576781081
1.4790238967159473,4.160889045033,18.920743925982787
1.5594798511654588,4.231379163110679,18.79307703001483
1.6396368305238154,4.309253282341333,18.671133765189808
1.719725324078341,4.394525723716312,18.555078531475736
1.7999693360674802,4.487211292951497,18.445101517904867
1.8805865947740008,4.5873248827510595,18.341418930043503
1.9617887434133126,4.69488081584892,18.244273357546817
2.043781505586381,4.809891923649052,18.153934267333344
2.126764818128261,4.932368352300885,18.07069860623424
2.2109329241534397,5.062316085234481,17.994891494989126
2.296474418985871,5.199735168554396,17.9268669930924
2.3835722414729266,5.344617623278119,17.86700891116234
2.4724036029270824,5.496945026247704,17.815731644132043
2.563139845626701,5.656685739703563,17.77348099457059
2.655946222449007,5.823791768070875,17.74073495076111
2.750981588817663,5.998195219579723,17.718004378720874
2.8483979977405247,6.179804350056088,17.705833581085646
2.9483401883099916,6.368499166749853,17.70480066864607
3.0509449576631873,6.564126571610634,17.715517682285082
3.1563404060816107,6.766495026223666,17.738630394113414
3.2646450446858726,6.975368724958181,17.77481770676048
3.375966755094042,7.190461269084652,17.82479055912079
3.4904015905137604,7.411428843052668,17.88929023551179
3.6080324080899278,7.637862905196361,17.96908596337438
3.728927323003121,7.8692824192921424,18.064971672645598
3.8531379758917916,8.105125671100993,18.177761778176407
3.9806976067480675,8.34474173575925,18.30828583562159
4.111618930618403,8.58738168809471,18.457381911830048
4.245891813342692,8.8321896790443,18.625888503843907
4.38348074931374,9.078194037642623,18.814634837326906
4.524322147963607,9.324298599686436,19.02442937697905
4.6683214415152925,9.56927451107357,19.256046389897133
4.815350033602041,9.811752805556686,19.510210419796067
4.96524211676068,10.05021811240018,19.78757855761743
5.117791396629865,10.283003907787833,20.08872043458446
5.272747771964604,10.50828978272268,20.414095919546494
5.4298140322873465,10.72410125670147,20.764030575741124
5.5886426490197705,10.928312716820576,21.13868902485679
5.748832751053794,11.118654101355801,21.53804647991871
5.909927391562855,11.292721969396743,21.96185884357465
6.071411228897872,11.447995596974144,22.40963192406132
6.232708759940159,11.581858707670197,22.880590494979128
6.39318325837206,11.691627373871038,23.37364811226619
6.552136581837029,11.774584505616724,23.887378795041094
6.70881001955042,11.828021170275502,24.419991865842512
6.862386354072172,11.849284752684568,24.969311416570076
7.011993306030544,11.835833669630357,25.532762002327754
7.156708516938539,11.785297996584216,26.107362246931867
7.29556620132791,11.695544956132917,26.68972804993068
7.42756556397206,11.564747771086406,27.276086994312116
7.55168103018549,11.39145592303955,27.862305347374434
7.666874276971112,11.174664409318277,28.44392870990281
7.772107980941526,10.913879195002899,29.016236893939652
7.866361117363367,10.60917575459959,29.57431300094539
7.948645556480454,10.261247434521179,30.113125947368502
8.018023612821676,9.871440385110418,30.62762487613835
8.073626115990338,9.441772044041839,31.112843048380732
8.114670493831884,8.974930622557709,31.56400799145696
8.140478297693658,8.474253754044085,31.976653958612964
8.150491561384172,7.943685389562974,32.34673220676628
8.144287376229537,7.387711120538128,32.67071429203786
8.121590088558795,6.811273304223116,32.945683573299775
8.082280585028725,6.219668572951908,33.16941043514721
8.02640222466642,5.618431422486605,33.340407396320565
7.954163100601026,5.013208496827219,33.45796122704318
7.865934462487812,4.409628827383352,33.52214039518357
7.762245293434678,3.813175577760496,33.53377750483268
7.643773201964453,3.2290647586633496,33.49442777159947
7.511331948665419,2.6621359154404365,33.40630588058026
7.36585606766867,2.116758996205448,33.272204687307834
7.208383155524773,1.596760556368387,33.09540006139468
7.040034477550082,1.1053712437396588,32.879546679760054
6.861994580535769,0.6451952455357529,32.62856972962665
6.675490600485769,0.21820117036905923,32.346557295112916
6.481771917582267,-0.17426722402190925,32.037657720779926
6.282090743334142,-0.5314628948190294,31.705985539583924
6.077684134189547,-0.8531930015523548,31.355538702868404
5.86975782011729,-1.1397653769104974,30.990128940150356
5.659472124206457,-1.3919274177392176,30.61332618340666
5.447930137948086,-1.6108006922894105,30.228417177376453
5.236168213040961,-1.7978142484412416,29.838377709225178
5.025148739196495,-1.9546391783985226,29.445857353926524
4.815755101668644,-2.0831265002939037,29.053175254358123
4.608788653609768,-2.1852499028572576,28.66232523110243
4.404967496915757,-2.263054403733875,28.2749884292155
4.204926839896268,-2.318611523077495,27.892551734001348
4.009220689007055,-2.3539811894691836,27.51613029841452
3.818324632652768,-2.371180283725796,27.14659269456684
3.632639485161411,-2.372157489018117,26.784587406763066
3.4524955759360254,-2.358773948635808,26.43056960309915
3.2781574901988706,-2.332789127768093,26.084827340845177
3.109829091659862,-2.2958512228670704,25.74750656591425
2.947658682224054,-2.2494914509123705,25.41863445102516
2.791744178229961,-2.1951215709123097,25.0981407764562
2.642138205755693,-2.1340340319429227,24.785877190030625
2.4988530386247345,-2.06740419796772,24.481634289648525
2.361865321526961,-1.9962941631043651,24.18515655413047
2.231120536988021,-1.9216577368776893,23.896155209035136
2.1065371887720494,-1.8443462436264024,23.614319156526687
1.9880106858000959,-1.7651148410731021,23.33932412544971
1.8754169199939,-1.6846291185328057,23.070840212538037
1.7686155388380986,-1.6034717844797892,22.80853799088455
1.667452919138562,-1.5221492959314704,22.552093359834508
1.5717648526864612,-1.441098318455851,22.301191303367506
1.4813789575521918,-1.3606919359460805,22.055528713471688
1.3961168307472436,-1.2812455541735401,21.814816422320757
1.31579595919962,-1.203022462152419,21.57878057327253
1.240231406559059,-1.126239031170668,21.347163446594543
1.169237293427167,-1.0510695435949715,21.119723841951092
1.102628088316503,-0.9776506528297436,20.896237106448016
1.0402197260821155,-0.9060854826344844,20.676494884679826
0.9818305698206176,-0.8364473788491781,20.460304655907496
0.9272822313605237,-0.7687833298483535,20.247489113282416
0.8764002645242573,-0.7031170740834555,20.037885430934246
0.829014744366026,-0.6394519141654681,19.83134445672772
0.7849607446100811,-0.5777732573191039,19.62772986150888
0.7440787245522056,-0.5180509018951966,19.42691726963098
0.7062148357587835,-0.46024108910959255,19.228793390391317
0.6712211580127322,-0.4042883384027668,19.033255165635854
0.6389558731202672,-0.3501270838756642,18.840208945112757
0.6092833844103893,-0.29768312822296467,18.64956969809582
0.5820743890313888,-0.2468749295065145,18.46126026727641
0.5572059094752516,-0.197614735026375,18.27521066886605
0.5345612901402028,-0.14980957548114285,18.09135744119583
0.5140301641715624,-0.10336213158070967,17.909643042784424
0.49550839529899426,-0.0581714842948041,17.730015299821925
0.4788979989111803,-0.014133758996036347,17.552426902235354
0.4641070461739638,0.02885732711023401,17.376834946923996
0.4510495546020519,0.07091000568453804,17.203200526343213
0.43964536813452654,0.11213407824586749,17.03148836034459
0.4298200294378668,0.15264061031843235,16.86166646902225
0.42150464686428374,0.1925416922354164,16.69370588424823
0.4146357582254177,0.23195026069613478,16.527580397585673
0.4091551932995392,0.27097997572106425,16.36326634233196
0.40500993677218494,0.30974514815514476,16.200742407552106
0.4021519931136737,0.348360713336771,16.039989482105284
0.40053825472036664,0.3869422469810168,15.88099052683614
0.40013037448818617,0.42560601972360756,15.723730473290612
0.4008946438452488,0.46446908713945007,15.56819614751827
0.40280187714407484,0.5036494123883234,15.414376217735747
0.4058273032014023,0.5432660189525306,15.262261164845714
0.40995046467393614,0.5834391712185286,15.111843275031182
0.4151551258702739,0.6242905809181492,14.963116653874371
0.42142918952171016,0.6659436376860822,14.816077261682635
0.4287646229666413,0.7085236622096551,14.67072296994078
0.43715739414393173,0.7521581806451715,14.527053639050274
0.44660741773896895,0.7969772191524983,14.385071217762121
0.4571185117813748,0.843113617556241,14.244779864962926
0.4686983649546208,0.8907033612774915,14.106186094734495
0.4813585148443069,0.9398859307942145,13.969298945878053
0.49511433732280413,0.9908046679799736,13.834130177376975
0.5099850472425193,1.0436071587386229,13.700694491569237
0.5259937105874024,1.0984456313951216,13.569009787115064
0.543167268211634,1.1554773703176178,13.439097444179273
0.5615365712748135,1.2148651442306766,13.310982644604639
0.5811364284634893,1.276777648630697,13.184694730235119
0.6020056650685056,1.3413899616281124,13.06026760295944
0.6241871939652938,1.4088840124120627,12.937740170489507
0.6477280985186968,1.4794490613560458,12.817156842367913
0.6726797274038173,1.5532821905507113,12.698568081217909
0.6990978012982242,1.630588803254291,12.582031014810939
0.7270425313569062,1.7115831303825735,12.467610115134596
0.7565787493276762,1.7964887417075437,12.35537795130066
0.7877760490990723,1.8855390588836445,12.245416023841477
0.8207089393926095,1.9789778667576992,12.137815688705356
0.8554570072135621,2.07705981862496,12.032679180079384
0.892105091555904,2.180050930148788,11.930120742041035
0.9307434667136905,2.2882290555410996,11.830267879966994
0.9714680343785127,2.4018843382772954,11.733262743605218
1.0143805234954761,2.5213196270610605,11.639263654738274
1.0595886966024437,2.6468508459247984,11.548446793422867
1.1072065610821142,2.7788073052089417,11.461008057867984
1.1573545834059191,2.9175319376607485,11.377165114092406
1.210159904033564,3.0633814409771016,11.297159652554331
1.2657565501418702,3.2167263047263552,11.221259869935098
1.3242856427794047,3.3779506956545426,11.149763195137957
1.3858955943656588,3.5474521708374254,11.082999279269298
1.4507422916598118,3.7256411829009797,11.02133326982447
1.5189892583970468,3.912940335511703,10.965169389402066
1.5908077907104865,4.109783340441745,10.914954838891953
1.6663770572024243,4.316613619645982,10.871184044064103
1.745884154075731,4.533882486851629,10.834403262629317
1.829524104059008,4.762046833062272,10.805215565905382
1.9174997859291059,5.001566229033512,10.78428620490378
2.010021779222238,5.252899345121378,10.772348364589563
2.1073081061992123,5.516499574902117,10.770209301821229
2.2095838502602994,5.7928097336239865,10.778756851523374
2.31708062676121,6.08225568595664,10.798966271358603
2.4300358785370726,6.385238739824667,10.831907376814401
2.5486919643757004,6.702126624652251,10.878751895354245
2.673295004183997,7.033242853584026,10.9407809391255
2.8040934396659978,7.378854250892588,11.019392459571234
2.9413362640027954,7.739156408845265,11.116108502947316
3.0852708683480694,8.114256824174465,11.232582031899105
3.236140447022861,8.504155454851476,11.370603013559313
3.3941808972577197,8.908722435571827,11.532103397775868
3.559617143407143,9.327672698410087,11.719160518896002
3.7326588100572313,9.760537267534856,11.933998350160556
3.91349516378156,10.20663103871532,12.178985920884509
4.102289240029573,10.665016921718829,12.456632073760815
4.29917107048025,11.134466323877515,12.769575594650211
4.504229928082168,11.613416094527699,13.120569593752217
4.717505513075534,12.09992224214756,13.512458861217123
4.938978014947695,12.59161098896112,13.948148771456117
5.168557004168098,13.085628051718233,14.430564182214082
5.406069135594602,13.578587441524798,14.96259668559841
5.651244684772507,14.066521566738484,15.547038543468423
5.903702991231486,14.54483500320852,16.186501710406425
6.1629369515907975,15.00826496019978,16.883320552456468
6.428296791849067,15.45085220178648,17.639437253956707
6.698973454147189,15.86592695051229,18.456269517817923
6.973982059038142,16.24611505073169,19.334561057308946
7.252146048788948,16.58337032653898,20.27421659566458
7.532082777121449,16.86903952843726,21.27412466560007
7.812191479660923,17.09396638916906,22.3319734399313
8.090644726946167,17.248640941073063,23.444067091322754
8.365384613369974,17.32339920639724,24.60515267917833
8.634125051160792,17.308676480556137,25.80827012411116
8.894361594042653,17.195314538251058,27.044640194902122
9.143390182368906,16.974919124547455,28.303607245218135
9.378336050634262,16.64025908551421,29.572654261464887
9.596193741680661,16.185692652344756,30.83750713558596
9.793878709000584,15.607600137531255,32.082342489582075
9.968290351856504,14.904796283605272,33.29010849154187
10.116385529808968,14.078890591126262,34.44296077652894
10.235260681648487,13.134561150579824,35.52280601928199
10.322239695716428,12.079707822201044,36.51193453224154
10.374963739510967,10.925454863382857,37.393711582868924
10.391478473227124,9.68598168813947,38.153286447492846
10.370313569674495,8.378173118643364,38.77827028506165
10.31054935614356,7.021096257963871,39.25933040602453
10.21186576319817,5.6353282363576405,39.590650696984
10.074569637392955,4.242175277288893,39.77021634482661
9.899597806589833,2.8628363378237456,39.79989508382908
9.68849496252685,1.5175718524480155,39.685305416296245
9.443367269224485,0.22493848287189344,39.43548223461043
9.166814405633907,-0.9988559974163751,39.062369179331746
8.861844293542399,-2.140436505062108,38.58018221207573
8.531775869584264,-3.1895590780218437,38.00469823967423
8.18013582115608,-4.139218555522636,37.35252522551268
7.810555189855719,-4.985577673439572,36.640406273481304
7.42667120395686,-5.7277439251710245,35.88460091502937
7.032038750083023,-6.367429939682072,35.10037419715201
6.630054689390071,-6.908537286481122,34.30161031443765
6.223896930113935,-7.356702944116624,33.50055441096267
5.816478933887018,-7.71884320575032,32.70767525815657
5.410419269697899,-8.00272289736761,31.931633616572768
5.008025004685933,-8.216569820244375,31.179336418667337
4.6112871599380245,-8.368746459942168,30.456055183355346
4.221886151341619,-8.467484060052874,29.765587700566712
3.841205044999784,-8.520678614342486,29.110444286662613
3.470348535219516,-8.535744345835255,28.492043106993645
3.110165748787873,-8.519517741161398,27.910902597047933
2.761275244089395,-8.478203973071928,27.366822448329945
2.424090867574555,-8.417357287017152,26.859047676394805
2.098847422936804,-8.341887356080706,26.386412810345153
1.7856253795662786,-8.256084460717043,25.94746519444431
1.484374084357779,-8.163657414390933,25.540567803010873
1.1949331393953178,-8.067779277357932,25.163982909985794
0.9170517668927203,-7.971136973627788,24.815938512687516
0.650406104677105,-7.87598188826655,24.49467967510255
0.3946144648887953,-7.784179343572421,24.198507011346976
0.1492506506349588,-7.697255525895071,23.925804443570883
-0.0861445346609421,-7.616440967019534,23.67505819518174
-0.31205342763169985,-7.542710090321542,23.44486876085869
-0.5289731275123951,-7.476816631168714,23.23395735862327
-0.7374084326220847,-7.419324952763006,23.0411681358093
-0.9378659282263123,-7.3706374210721375,22.865467182296516
-1.1308490730116871,-7.331018091808861,22.705939207538886
-1.3168541435756023,-7.300613012191819,22.56178256559704
-1.4963669096340888,-7.279467461537854,22.432303164898535
-1.6698599261912017,-7.267540456347167,22.316907675541582
-1.8377903420958805,-7.264716834185406,22.21509634448644
-2.0005981368585664,-7.270817211392694,22.12645564540085
-2.1587047090945903,-7.28560608615156,22.050650922612355
-2.3125117504062995,-7.308798333347668,21.98741913505407
-2.4624003478945404,-7.340064312762652,21.936561763975693
-2.608730266840584,-7.379033788634841,21.897937915509086
-2.7518393724944117,-7.425298837245402,21.871457624198506
-2.8920431564369413,-7.478415900342841,21.85707534488521
-3.0296343387541183,-7.537907126086184,21.854783606692116
-3.1648825223740804,-7.603261125786413,21.864606793340496
-3.29803388047645,-7.673933263969431,21.886595007907566
-3.42931086198124,-7.7493455910125375,21.920817976839356
-3.5589119038521786,-7.828886521612552,21.96735894715602
-3.6870111423849896,-7.911910358384982,22.026308532041206
-3.8137581188649894,-7.997736757700699,22.09775846320996
-3.9392774780300606,-8.085650234145069,22.18179521350012
-4.06366866071351,-8.174899800413424,22.27849345999108
-4.187005594904508,-8.264698840685604,22.3879093666253
-4.309336392277941,-8.35422531716569,22.510073675820564
-4.430683060024573,-8.442622411106976,22.644984610947876
-4.551041240557045,-8.528999700799979,22.792600605829154
-4.670379994364333,-8.612434979172857,22.952832893561258
-4.788641643908589,-8.691976812286915,23.12553800492057
-4.905741698959939,-8.766647936518288,23.310510246183416
-5.02156888608669,-8.83544958599014,23.50747424714437
-5.135985307083793,-8.897366832243769,23.716077692028882
-5.248826752838593,-8.951375004619356,23.93588436832998
-5.359903200392015,-8.996447241821974,24.166367690636047
-5.468999521634914,-9.031563202238734,24.406904877365683
-5.575876432053029,-9.055718932460582,24.656771976918616
-5.6802717070652555,-9.067937860063967,24.915139954857462
-5.781901691655217,-9.067282838204141,25.18107206398836
-5.880463126051684,-9.05286912646607,25.453522723157764
-5.975635306064116,-9.023878145588627,25.73133812675774
-6.067082591249851,-8.97957179441446,26.013258793934163
-6.154457267344789,-8.919307067447974,26.297924243102525
-6.237402761347885,-8.842550662879413,26.58387994268085
-6.31555719839383,-8.748893226389626,26.869586642474065
-6.388557279233704,-8.638062838322657,27.153432131988364
-6.456042446006373,-8.509937323906437,27.433745402910922
-6.517659292343375,-8.36455495111781,27.708813114641753
-6.573066162106608,-8.202123081313118,27.97689817653003
-6.621937869682803,-8.023024356209723,28.23626017159686
-6.663970464278611,-7.827820042828433,28.48517725801862
-6.698885951635106,-7.617250216262212,28.721969101089403
-6.726436879573919,-7.392230538137039,28.945020314716594
-6.746410689330813,-7.153845484593497,29.152803832709804
-6.758633733188693,-6.903337988410651,29.343903590853532
-6.762974860845352,-6.642095581095753,29.51703588494575
-6.7593484824528645,-6.371633246843231,29.671068780479118
-6.747717025384575,-6.093573324883947,29.805038987852285
-6.728092714369557,-5.809622913156201,29.918165682671248
-6.700538620333156,-5.521549327763755,30.009860841796943
-6.665168941556074,-5.231154253261563,30.07973577852653
-6.622148500907239,-4.9402472734288265,30.127603689314544
-6.571691464082887,-4.650619497363739,30.153478163179877
-6.514059305081313,-4.364017989798278,30.157567746083306
-6.4495580656228215,-4.082121677796902,30.14026678856235
-6.378534973988044,-3.806519340747021,30.102142928595615
-6.301374504990814,-3.5386902008260424,30.043921666750826
-6.21849397586587,-3.2799875224323,29.96646857220878
-6.130338782262863,-3.03162550786989,29.870769712978294
-6.037377384031074,-2.794669649815712,29.757910930090432
-5.940096152004613,-2.5700305756323987,29.62905657418588
-5.838994184713447,-2.3584613007188118,29.485428295772504
-5.734578198193608,-2.1605577031326777,29.328284431012467
-5.62735758334178,-1.976761943737606,29.15890045770558
-5.517839714153655,-1.8073684877600258,28.97855091627406
-5.406525577361846,-1.6525323360887365,28.78849310331004
-5.293905780123652,-1.5122790477612302,28.589952755701752
-5.18045697815278,-1.3865161275476692,28.384111856065765
-5.066638752634626,-1.2750453621484297,28.172098608987863
-4.95289095092004,-1.1775757124217017,27.954979565330266
-4.839631493765089,-1.093736404068506,27.73375381057773
-4.727254641074191,-1.0230899020555742,27.509349083942027
-4.616129698903633,-0.9651445016197292,27.28261965797989
-4.506600142985116,-0.9193663181420642,27.054345783376693
-4.398983128239824,-0.8851905070943574,26.825234489350873
-4.293569349605461,-0.8620315917096519,26.595921525517227
-4.190623216868587,-0.8492928185732738,26.366974234467616
-4.090383304919727,-0.8463744990023583,26.138895154157268
-3.993063040742206,-0.8526813263399421,25.912126163819988
-3.898851589310138,-0.8676286859552401,25.68705300507918
-3.8079149022094914,-0.8906479959274072,25.464010029840065
-3.720396895021029,-0.9211911324272488,25.243285047304813
-3.6364207221432157,-0.9587340051823131,25.0251241631198
-3.5560901206343885,-1.0027793556886848,24.809736523523284
-3.4794907976860174,-1.0528588546314777,24.59729889588746
-3.406691839394381,-1.108534575910229,24.38796003388811
-3.3377471214898566,-1.1693999233214085,24.181844790483627
-3.2726967055448033,-1.2350800828654944,23.979057954858156
-3.211568206864424,-1.3052320692968904,23.779687800492354
-3.154378122737398,-1.3795444303307633,23.583809340650767
-3.101133111965199,-1.4577366662032794,23.391487294948053
-3.051831218592341,-1.5395584163272575,23.20277877643946
-3.006463034524389,-1.624788458810658,23.017735713053007
-2.9650127972529767,-1.713233562774057,22.836407020325836
-2.927459420218609,-1.804727227832917,22.65884054450566
-2.8937774544470383,-1.8991283398800747,22.48508479630105
-2.863937981010029,-1.9963197674610804,22.315190496068503
-2.8379094346035605,-2.096206918602481,22.149211951150548
-2.8156583591235282,-2.1987162739343593,21.987208285550874
-2.797150096567853,-2.3037939083327363,21.829244541255807
-2.7823494109207996,-2.4114040100741203,21.675392669374904
-2.771221048895399,-2.5215274036162683,21.525732427950373
-2.763730239537025,-2.634160079565123,21.38035220183355
-2.759843134737868,-2.7493117331251895,21.23934975849197
-2.7595271926894878,-2.8670043103267684,21.102832952026247
-2.7627515062186063,-2.987270559547213,20.970920386065032
-2.7694870778184644,-3.110152584265755,20.8437420445831
-2.779707043011883,-3.2357003915864473,20.721439898058946
-2.79338684346912,-3.363970429808913,20.60416849075405
-2.8105043510593135,-3.495024107203207,20.49209551325098
-2.8310399437436304,-3.628926283138744,20.38540236272199
-2.854976533925484,-3.765743721817901,20.28428469169944
-2.8822995495622563,-3.9055434980673174,20.18895294436812
-2.9129968680174083,-4.048391343943784,20.09963287757719
-2.9470587022951995,-4.194349924322139,20.01656606185559
-2.9844774389560076,-4.343477029160563,19.94001035568648
-3.025247426662144,-4.495823669801345,19.870240344131147
-3.06936471395632,-4.651432066486389,19.80754773056777
-3.1168267345322223,-4.810333514277847,19.752241667804473
-3.167631937924591,-4.972546114814564,19.704649012119603
-3.22177936323129,-5.1380723618525925,19.6651144808593
-3.2792681531899293,-5.306896569390226,19.634000691072767
-3.340097005675938,-5.478982132432215,19.611688053284784
-3.4042635594786264,-5.654268612181745,19.598574490898823
-3.4717637110597197,-5.832668639750821,19.595074951909375
-3.5425908589204527,-6.014064635448796,19.60162067561151
-3.616735072216303,-6.198305344453753,19.618658172880373
-3.6941821803834265,-6.385202194309741,19.646647874427487
-3.7749127808012157,-6.574525485348472,19.686062397326854
-3.8589011619376334,-6.766000431934116,19.737384376177037
-3.946114140037528,-6.959303080499855,19.801103801699877
-4.036509808251398,-7.154056139802414,19.87771480659055
-4.130036198197929,-7.349824769766743,19.96771183629558
-4.226629855344993,-7.546112387800667,20.07158514142811
-4.326214331318663,-7.742356565560494,20.189815529114497
-4.428698598345918,-7.937925104816982,20.322868313144422
-4.53397539354005,-8.132112398202567,20.471186407867755
-4.641919503679926,-8.324136199010216,20.635182518898603
-4.752386004539835,-8.51313494353059,20.815230395444352
-4.865208472709558,-8.69816578917252,21.011655125093846
-4.9801971922034465,-8.87820355114625,21.224722472788052
-5.097137382971731,-9.052140738925937,21.454627292032463
-5.215787483650357,-9.218788909944744,21.701481068675147
-5.335877526439188,-9.376881570665931,21.96529869609744
-5.457107647765991,-9.525078862725353,22.24598462554645
-5.579146784214772,-9.661974272434545,22.54331858636451
-5.701631608861365,-9.786103593560668,22.856941127413055
-5.824165768402344,-9.895956353833906,23.1863392919053
-5.946319485965291,-9.989989882937417,23.530832801402276
-6.067629597874455,-10.066646151809149,23.889561188443324
-6.187600094492495,-10.124371448255472,24.261472377979352
-6.305703235105384,-10.161638871028307,24.645313271498587
-6.421381304183072,-10.176973523358209,25.03962292981376
-6.534049070758326,-10.168980168280141,25.442728975676207
-6.64309700368398,-10.136372974137565,25.852747840110553
-6.747895282797588,-10.078006833236085,26.267589451036613
-6.847798629310743,-9.992909585373948,26.684966904226204
-6.942151957992639,-9.880314328387927,27.102411560799442
-7.030296829104498,-9.739690859140834,27.517293879795456
-7.111578650005588,-9.570775171175493,27.92685011863226
-7.185354545640685,-9.373595851059507,28.32821482115929
-7.2510017848032495,-9.148496175792667,28.71845876852179
-7.307926616532932,-8.896150729134101,29.094631801825955
-7.3555733399109675,-8.617575433796093,29.453809650788976
-7.3934334027275215,-8.31413004427298,29.79314363543611
-7.421054301973885,-7.987512362288122,30.10991186692123
-7.438048043783312,-7.639743718767617,30.401570378034297
-7.444098914032842,-7.273145602399731,30.665802482477808
-7.438970314683848,-6.890307689016851,30.900564610457295
-7.422510435913838,-6.494047917076281,31.104126907929064
-7.394656560348712,-6.087365637681766,31.275107023208005
-7.355437832668703,-5.673389216549626,31.412495735455174
-7.304976374185131,-5.255319754530223,31.51567339492926
-7.243486675595483,-4.836372800479049,31.584416527436282
-7.171273259341991,-4.419720038777637,31.618894381546742
-7.08872666272506,-4.008432934432039,31.619655639009913
-6.996317850876269,-3.6054302107655163,31.58760593680035
-6.894591221672947,-3.2134308263192572,31.523977234869022
-6.784156409812336,-2.8349138246419376,31.43029038218627
-6.665679132257225,-2.472086075410067,31.30831246631151
-6.53987134055181,-2.126858533975317,31.16001066730844
-6.407480956354515,-1.8008312465376022,30.987504372352888
-6.269281465060008,-1.4952869459981388,30.793017247807338
-6.126061629488151,-1.2111927419295425,30.57883082268419
-5.9786155628613935,-0.9492091245500548,30.347240928279838
-5.827733369712053,-0.7097052884256424,30.10051808344149
-5.674192527273461,-0.4927796417101492,29.840872634527265
-5.518750140706562,-0.29828429991897754,29.570425173787836
-5.3621361654829345,-0.12585236332108185,29.291182487271442
-5.205047651418079,0.025073165906737055,29.005019037487482
-5.048144026898335,0.1552098688259873,28.713663776879443
-4.892043410026605,0.26540670586587917,28.41869192138835
-4.73731990654983,0.356615880506212,28.121521190910386
-4.584501832938149,0.4298663678670715,27.823411943904144
-4.434070786913993,0.4862395490140086,27.525470592951052
-4.286461476836153,0.5268472455143048,27.22865568122429
-4.142062215165639,0.5528123181336191,26.933786020191302
-4.001215979166662,0.5652518817892976,26.641550329839195
-3.864221943337983,0.5652630973874937,26.352517877924107
-3.7313373921162185,0.5539114298898615,26.067149678498026
-3.602779927456036,0.5322212096928646,25.78580987741036
-3.478729893341569,0.5011682992154027,25.50877701972378
-3.35933294756486,0.4616746460987086,25.236254958085784
-3.244702719754953,0.4146044960714799,24.96838322000798
-3.1349235032801603,0.3607620397941409,24.705246704447642
-3.030052936987931,0.30089027650803346,24.446884623426747
-2.930124640583052,0.23567089097534466,24.19329864253204
-2.8351507746363,0.16572495720575875,23.944460205259567
-2.7451245026810382,0.09161430134697883,23.700317050798986
-2.6600223385601978,0.013843375697608906,23.46079895365676
-2.5798063671324636,-0.06713848480585254,23.225822727234224
-2.5044263306626653,-0.15093453371180954,22.9952965428677
-2.4338215767541396,-0.2371979045667575,22.769123621643363
-2.367922866588518,-0.32562879981955717,22.547205359207883
-2.306654044585449,-0.41597163998996367,22.32944394442693
-2.2499335724475844,-0.5080122235276436,22.115744531640818
-2.1976759319799863,-0.6015749369768495,21.906017023893696
-2.1497929021298923,-0.696520045792227,21.700177521257523
-2.1061947164397625,-0.7927410882971456,21.498149484551302
-2.066791107595484,-0.8901623886947697,21.29986466062255
-2.0314922460284626,-0.9887366995850054,21.105263811109026
-2.000209579635159,-1.088442979960167,20.914297282383643
-1.972856581644909,-1.189284311008269,20.726925450313836
-1.9493494135258098,-1.2912859491149369,20.543119069614896
-1.9296075095934837,-1.3944935131046803,20.36285955399476
-1.9135540896988197,-1.4989713008940497,20.186139210004473
-1.9011166060346767,-1.6048007292499589,20.0129614445361
-1.892227129731135,-1.7120788891752554,19.843340963248274
-1.8868226825144587,-1.8209172085106182,19.677303974839166
-1.8848455182943435,-1.9314402125872592,19.514888414010763
-1.8862433591231311,-2.043784373137764,19.35614419415614
-1.89096958954357,-2.1580970351294484,19.201133499227687
-1.8989834129111465,-2.274535410689141,19.04993112288255
-1.9102499728444864,-2.393265628809166,18.902624861823504
-1.9247404425234267,-2.5144618290349845,18.759315969229693
-1.9424320841187734,-2.638305286812823,18.620119673272647
-1.963308280199595,-2.76498355760121,18.485165764907975
-1.9873585385216435,-2.8946896262070316,18.35459925839144
-2.014578471152205,-3.027621047080124,18.228581127257648
-2.0449697484300424,-3.1639790604784106,18.10728911778762
-2.0785400277914934,-3.303967668488066,17.990918641243187
-2.1153028570123906,-3.44779265384229,17.87968374532557
-2.1552775509172877,-3.5956605233224987,17.773818164382902
-2.198489040089444,-3.7477773562445513,17.673576446805438
-2.2449676895740973,-3.9043475371309615,17.579235156761374
-2.294749085000803,-4.065572350153245,17.491094145891033
-2.3478737829553764,-4.231648411307462,17.40947788873731
-2.404387021805939,-4.402765912578485,17.334736873485873
-2.4643383885291157,-4.579106650580972,17.267249036953547
-2.527781436390671,-4.760841810374807,17.207421229625968
-2.5947732476101955,-4.948129473390555,17.155690692828287
-2.6653739343836063,-5.1411118167330905,17.112526525732658
-2.7396460708540906,-5.339911969646057,17.078431114776052
-2.81765404781785,-5.544630491726446,17.053941492091766
-2.8994633411351076,-5.7553414367165,17.039630582657523
-2.9851396840025495,-5.972087965541137,17.036108291945702
-3.074748132448707,-6.194877472913881,17.044022376849153
-3.1683520126626625,-6.423676193557341,17.064059032486565
-3.266011738089503,-6.65840325717964,17.096943116127207
-3.3677834836622074,-6.898924166174362,17.143437916914756
-3.473717704137572,-7.145043676985364,17.20434436636441
-3.5838574833230057,-7.396498075676772,17.280499569876568
-3.698236701093619,-7.652946851009979,17.372774523966786
-3.81687800559111,-7.913963784846106,17.482070867886357
-3.9397905789687595,-8.179027500601084,17.60931650228173
-4.066967686617729,-8.447511536444107,17.755459892178855
-4.19838400211252,-8.718674041608079,17.921462857767555
-4.333992703297387,-8.991647232186766,18.10829164534909
-4.473722339164068,-9.265426787637466,18.316906063844815
-4.61747347261827,-9.538861421217646,18.548246471223795
-4.765115111076252,-9.810642916804698,18.8032184022261
-4.9164809452481055,-10.07929699061871,19.082674646326232
-5.071365426609224,-10.34317540837295,19.387394615821705
-5.2295197260621356,-10.600449864673585,19.718060891337263
-5.390647630220479,-10.84910820952389,20.07523289914832
-5.554401447599581,-11.086953682897898,20.459317764753592
-5.720378014658531,-11.311607887588336,20.870538502963633
-5.888114910846425,-11.520518286532587,21.30889984863998
-6.05708701211701,-11.71097104571646,21.774152205189697
-6.226703533124994,-11.880110048251169,22.265754389340675
-6.3963057285787785,-12.024962868808771,22.782836077560862
-6.565165442785679,-12.142474409032321,23.32416110562234
-6.732484711773078,-12.229548742554227,23.888093028367003
-6.897396632696513,-12.28309949267961,24.47256459749463
-7.058967718496006,-12.300108758935316,25.07505304231853
-7.216201949709185,-12.277694217094389,25.692563218528488
-7.368046717730741,-12.213183543690661,26.3216207958165
-7.513400822509539,-12.104194771352711,26.958277657079666
-7.6511246409748335,-11.948720586382782,27.59813155001784
-7.7800525193370715,-11.74521396690522,28.23636173958363
-7.899007362764116,-11.492671971970887,28.86778193732153
-8.00681730104032,-11.190713982687953,29.486911123192623
-8.102334201489748,-10.83965032628259,30.088062035236494
-8.184453685233533,-10.440537045568128,30.665446110592416
-8.252136186043572,-9.99521266740765,31.213292568470663
-8.304428480484495,-9.506313219136702,31.725978204185115
-8.34048502264406,-8.977262464573075,32.19816340455731
-8.35958834590193,-8.412235374604457,32.6249290018129
-8.361167756763006,-7.8160941698280935,33.00190795980004
-8.344815549154958,-7.194297796220604,33.32540562576794
-8.310300016566927,-6.552787308306417,33.59250245066179
-8.257574635319111,-5.897851202890997,33.801133710922954
-8.186782932346267,-5.23597612545818,33.95014183877252
-8.098258728139625,-4.573689423711381,34.03929842016553
-7.992521649006777,-3.9174006371227197,34.06929463891758
-7.870268018650256,-3.2732491180588954,34.04170078652877
-7.732357451632515,-2.6469645618138378,33.95889725717282
-7.579795664937954,-2.043746318321083,33.82398104613858
-7.413714184539448,-1.468166057301783,33.64065303051562
-7.235347740722318,-0.9240967901366826,33.41309213545324
-7.046010212204749,-0.41466956659874754,33.14582283032595
-6.847069992836569,0.05774248437704088,32.84358226203214
-6.63992561852016,0.4915145770677769,32.511192771090926
-6.425982412652522,0.8857381600833973,32.153444641058535
-6.206630795470445,1.2401701368260312,31.774992816258838
-5.9832267675015505,1.5551677640505455,31.380270106467776
-5.757074931554987,1.8316137137465964,30.97341819146487
-5.52941427219594,2.070835613893575,30.558236635593193
-5.301406775613255,2.2745239734826135,30.138149189248914
-5.074128853140379,2.4446518213735478,29.71618592931327
-4.848565432904961,2.5833987213697376,29.294979286592998
-4.62560650827672,2.6930811337026417,28.876771716328626
-4.406045879017339,2.7760904295629927,28.46343266297162
-4.1905817897599285,2.8348392692015043,28.05648251837235
-3.9798191579910855,2.8717165494851975,27.657121435004502
-3.7742730867667973,2.889050724541876,27.266261095254844
-3.5743733724275373,2.889081003589025,26.88455782034287
-3.3804697411470404,2.873935725885058,26.512445700039294
-3.1928375771360775,2.84561709175011,26.150168715445343
-3.011683937069492,2.80599137612277,25.797811096484086
-2.837153677673724,2.756783751946469,25.455325393969
-2.669335554785118,2.6995768904222723,25.122557948425452
-2.5082681814288965,2.6358125710888087,24.799271603176393
-2.3539457588533654,2.566795616147868,24.485165639101908
-2.2063235176033285,2.4936995520001086,24.179893006166143
-2.065322825515225,2.4175734902415917,23.883074996430334
-1.9308359360425207,2.3393498059138365,23.594313549348467
-1.80273036378383,2.2598522696768,23.313201407132656
-1.680852884780011,2.1798043611137765,23.039330350019206
-1.5650331674031974,2.09983755185823,22.772297742032674
-1.4550870458253546,2.0204993996204212,22.51171161046418
-1.3508194524619814,1.9422613379179248,22.25719446933468
-1.2520270287505841,1.8655260821003856,22.00838608067109
-1.158500435425055,1.7906346009822605,21.764945329088093
-1.0700263843328355,1.717872625992309,21.52655136614796
-0.9863894140230811,1.6474766871389281,21.29290416213913
-0.9073734309882209,1.5796396781448427,21.063724584877303
-0.832763037714229,1.5145159626112263,20.838754108283695
-0.7623446677044653,1.4522260397247853,20.61775423806395
-0.6959075464815878,1.392860792420146,20.400505727906452
-0.6332444963145358,1.3364853435592332,20.186807647260952
-0.5741526011183228,1.2831425470081708,19.976476350906204
-0.518433746674528,1.232856140822248,19.769344391087436
-0.4658950500496247,1.185633589364981,19.56525940489459
-0.4163491908671866,1.1414686403049532,19.364083002641067
-0.36961465593202236,1.1003436212224458,19.165689677166743
-0.3255159076173883,1.0622314991454944,18.969965749105423
-0.2838834854145018,1.0270977248183397,18.776808359108927
-0.24455404910751657,0.9949018819547533,18.58612451469801
-0.20737037117564847,0.9655991601945726,18.397830196714064
-0.17218128523454182,0.9391416689982716,18.21184952818436
-0.1388415966075574,0.915479608303744,18.028114006706662
-0.10721196046021836,0.894562310444846,17.84656180013481
-0.07715873233306643,0.8763391665991087,17.667137104342896
-0.048553795365101175,0.8607604498941108,17.48978956110758
-0.021274368007324816,0.8477780462567049,17.314473733629082
0.004797204420596078,0.8373461031328207,17.141148636871346
0.029773671381962817,0.8294216053328015,16.969777319706907
0.05376310940048798,0.8239648864622733,16.800326495772982
0.07686916271234154,0.8209400836752183,16.632766219958583
0.09919129034122784,0.8203155428280533,16.467069607527687
0.12082501791583261,0.8220641805151032,16.30321259302421
0.14186219279381074,0.8261638089212701,16.141173726287356
0.16239124127763452,0.8325974289316475,15.980934003119886
0.1824974269072549,0.8413534964854782,15.822476728388375
0.2022631089946016,0.852426166748738,15.665787409586772
0.2217680007272257,0.8658155203017049,15.510853679157654
0.24108942631446006,0.8815277751914095,15.357665244135436
0.26030257678076857,0.899575488380446,15.206213861950094
0.2794807641287589,0.9199777498300947,15.056493341506934
0.29869567369979894,0.9427603721840756,14.908499568936906
0.3180176146543272,0.9679560787667139,14.762230557692606
0.3375157685776988,0.9956046923730972,14.617686522948276
0.3572584362915608,1.025753327106249,14.474869980548252
0.3773132830160014,1.0584565853047068,14.333785871039398
0.3977475820846626,1.0937767614003975,14.194441709620316
0.41862845746413463,1.1317840543483975,14.056847763145987
0.4400231253706625,1.1725567900739693,13.92101725564307
0.46199913531176173,1.2161816551847853,13.78696660412107
0.48462461090795245,1.2627539429937935,13.654715686810633
0.5079684908705276,1.3123778126866699,13.524288146325485
0.5321007705250119,1.3651665622426217,13.395711730631854
0.5570927442765402,1.4212429154733222,13.269018675122178
0.5830172494124437,1.4807393232760673,13.144246129531602
0.6099489116283524,1.5437982788972076,13.021436633909818
0.637964392646418,1.6105726466628403,12.900638648370592
0.6671426402669107,1.6812260032469262,12.781907141890297
0.6975651411563112,1.7559329901023164,12.665304246018309
0.7293161766246914,1.8348796751661018,12.550899979999143
0.7624830815809337,1.9182639213538653,12.438773054491737
0.7971565067741216,2.0062957586625267,12.329011761807214
0.8334306843307738,2.0991977558908506,12.221714961374454
0.8714036964775761,2.1972053870400576,12.116993169983086
0.9111777471944505,2.3005673863510467,12.014969767245127
0.9528594363691485,2.409546084642787,11.91578232765632
0.9965600358173576,2.524417718107903,11.81958409162094
1.042395766286074,2.6454726989615036,11.726545588820485
1.090488074266337,2.773015835288227,11.63685642834451
1.1409639070969937,2.9073664850453316,11.5507272710424
1.193955984435444,3.0488586264057784,11.468392000573377
1.2496030636945539,3.1978408234077516,11.390110110594591
1.30805019648595,3.3546760621525578,11.316169326390023
1.3694489724559482,3.5197414284912814,11.246888479948577
1.433957746137008,3.6934275931852727,11.182620657974672
1.501741841548456,3.876138064833582,11.123756642465366
1.5729737282470098,4.0682881643436595,11.070728663196505
1.6478331613299093,4.270303667288088,11.024014480579048
1.7265072765086547,4.48261905204684,10.984141815692318
1.8091906297748002,4.705675282091208,10.951693141647148
1.8960851693442924,4.939917040040248,10.9273108465019
1.987400125465171,5.1857893191474105,10.911702772410996
2.0833518012756382,5.443733264614924,10.90564812812198
2.184163245175817,5.7141811425888065,10.910003761865756
2.2900637820982066,5.997550298920539,10.92571076852629
2.4012883776028766,6.294235952940535,10.95380138804973
2.5180768048630062,6.604602653838951,10.995406130566096
2.6406725803322844,6.928974209214988,11.05176103674012
2.7693216291987657,7.26762187756985,11.124214948413755
2.904270636649898,7.62075059988684,11.214236623513541
3.0457650355470065,7.988483031219052,11.32342147924324
3.194046575417168,8.370841123084407,11.453497687486283
3.349350411847185,8.767725003686472,11.60633127483691
3.511901649602364,9.178888908435013,11.783929795609142
3.6819112673673433,9.603913931615308,11.988444048643547
3.859571347294782,10.042177405942464,12.222167197313517
4.045049529054213,10.492818775750182,12.487530527144648
4.238482606455092,10.954701918413281,12.787094938346195
4.439969185813838,11.426373995107046,13.123537124363683
4.649561330092634,11.906021084986055,13.499629237558644
4.867255122739437,12.391421085875336,13.918210697503245
5.092980101633515,12.879894659374639,14.382150668110695
5.326587538365748,13.368255367999945,14.894299633542897
5.567837573254774,13.852760603779718,15.457428461736264
5.816385264170522,14.329065444902906,16.074153386949185
6.0717656695924935,14.792182196520386,16.746845504110375
6.3333781654003305,15.236449060938925,17.47752368946117
6.600470292266488,15.65551211495962,18.267730390574407
6.872121546947282,16.042325503759443,19.118390512918754
7.147227665651647,16.389175424795063,20.02965471536484
7.424486098425949,16.687733978793744,21.000729848344324
7.702383534836983,16.92914918693037,22.029701039258725
7.9791865043997845,17.10417726617119,23.113352028428253
8.252936227252926,17.203362451408662,24.24699271225492
8.521449013977598,17.217268081547537,25.424305317190303
8.782323586004697,17.136760174673757,26.63722298518731
9.03295668366477,16.953341206333494,27.87585648603287
9.270568219344831,16.659527273857417,29.128485888774534
9.492236990980208,16.249256423664146,30.3816338708301
9.694947573960727,15.718309973286154,31.620235461128075
9.87564844594049,15.064722729933578,32.827915017939524
10.031320674460282,14.289152861504663,33.98737492392406
10.159055640071614,13.395178744171668,35.08089191988617
10.256139333194616,12.389489372174307,36.09090666239475
10.320139834364007,11.281937727840713,37.00068088845234
10.348993771168308,10.085433399313688,37.79498582910684
10.34108696001267,8.815661685411941,38.460776845106075
10.295324201774648,7.490630733912342,38.987804317643985
10.211183397738779,6.130064486388559,39.369110993281595
10.088749830398273,4.7546753163421265,39.60137201045357
9.92872759497659,3.3853639166942244,39.68504558826248
9.732426684628118,2.0424030177952215,39.62431869376706
9.501725974623131,0.7446642928894476,39.42685088314094
9.23901412417112,-0.49105629810364926,39.103338334850754
8.947112011502877,-1.6505699439965473,38.66693619076282
8.629181552837895,-2.7226536539122126,38.13258848713762
8.288626496635393,-3.699224297222715,37.516319875415185
7.9289909728196495,-4.575333662398262,36.83454179139146
7.553861233763112,-5.3490052114959825,36.10341858040961
7.1667752404053395,-6.020944072642588,35.33832796354235
6.771143661013902,-6.594157732073136,34.553437154870124
6.37018461922129,-7.073525954158132,33.76140289004889
5.966873302019907,-7.465355464658136,32.97319219878
5.563906439019566,-7.776949087108993,32.19801197467063
5.1636807732357095,-8.016211651392709,31.443329683906992
4.768284000496857,-8.191307299324341,30.714964807283074
4.379496261502221,-8.31037571886335,30.01723036382503
3.9988001020912542,-8.381308933966855,29.35310546626237
3.627396831009511,-8.411585828924856,28.724422621391696
3.26622735121148,-8.408158606312229,28.132056797381715
2.915995772485769,-8.377383705752495,27.576106653275286
2.577194388138621,-8.324989093211915,27.05606143203788
2.2501288836981046,-8.25606998630088,26.57094966599409
1.934942917598135,-8.175105745365292,26.11946795391406
1.6316414577092322,-8.085991610036707,25.700089644748815
1.340112465676854,-7.992080024955553,25.311154356925076
1.0601466909578816,-7.896227356045494,24.950939952674528
0.7914554695477803,-7.800842773652367,24.617718960122154
0.5336865222517759,-7.70793692967347,24.309801573718037
0.2864378186940185,-7.619168766565098,24.025567337443523
0.049269621136245,-7.535889367955768,23.763487483251524
-0.1782851485365154,-7.459182204926862,23.52213970427817
-0.3967120602282258,-7.389899465529031,23.30021692130905
-0.60650768238725,-7.32869439624805,23.096531374514456
-0.808173283803074,-7.276049750966779,22.910015155301238
-1.0022095778179851,-7.232302551864546,22.73971809395176
-1.189112367039382,-7.197665431761273,22.584803741883803
-1.3693689589810387,-7.172244860342783,22.444544034252157
-1.5434552360218912,-7.1560565668794505,22.318313088689283
-1.711833275947618,-7.1490384667973235,22.20558048757658
-1.8749494316731092,-7.151061384351801,22.105904302085747
-2.03323279025347,-7.161937842823499,22.01892404384939
-2.187093941830571,-7.181429170091882,21.944353672048752
-2.3369239986784103,-7.209251143240812,21.881974737644196
-2.4830938130152824,-7.245078372429428,21.831629710359145
-2.625953349797707,-7.288547602535849,21.79321550606946
-2.765831177379851,-7.339260091596619,21.766677210929153
-2.903034044806354,-7.3967832081067995,21.752001982622236
-3.0378465197053672,-7.460651374916939,21.749213097547873
-3.1705306653617145,-7.53036647574253,21.75836410471266
-3.301325739673139,-7.605397831084988,21.779533041993066
-3.4304479024154944,-7.685181843491587,21.812816667775287
-3.558089920647777,-7.769121407359342,21.858324660444406
-3.684420865249124,-7.85658517569167,21.916173739558104
-3.8095857945624005,-7.946906775101243,21.986481665671775
-3.933705423978566,-8.039384060649768,22.069361080626432
-4.056875783078702,-8.133278503531573,22.164913156668415
-4.179167864692288,-8.227814806818808,22.27322103108185
-4.300627272956084,-8.32218084713122,22.394343013143995
-4.421273880181338,-8.415528042770664,22.528305562229008
-4.541101505059018,-8.506972251120741,22.675096049841073
-4.660077627440869,-8.595595299457262,22.83465533427326
-4.778143157601361,-8.680447253198817,23.006870194425897
-4.895212280469285,-8.760549523458002,23.191565688959553
-5.011172397758947,-8.834898910908732,23.388497528178867
-5.12588419315344,-8.902472674823134,23.597344568490442
-5.239181847603531,-8.96223470402036,23.8177015624441
-5.3508734332960355,-9.01314284981914,24.049072320572318
-5.460741515791729,-9.054157459388744,24.29086346362259
-5.568543994099639,-9.084251120777342,24.54237896427636
-5.67401520789997,-9.102419598181589,24.80281569482857
-5.776867339608419,-9.107693897781292,25.071260210167974
-5.876792136353605,-9.099153361090275,25.34668700223873
-5.973462973095705,-9.07593963503935,25.627958461415652
-6.066537272954014,-9.037271317106308,25.913826770361087
-6.155659294278583,-8.982459021395368,26.202937935567714
-6.240463286092086,-8.910920559760417,26.493838129817327
-6.320577004302136,-8.822195883409298,26.784982474503835
-6.39562557067535,-8.715961387825425,27.074746334040054
-6.4652356451898525,-8.592043150440785,27.361439125949605
-6.529039870347381,-8.450428649503872,27.6433205711025
-6.586681533722076,-8.291276507075667,27.91861922113284
-6.637819382922683,-8.114923811732721,28.185553007522902
-6.682132515786984,-7.9218906093726025,28.442351463132276
-6.719325258594552,-7.71288120459005,28.687279176774915
-6.749131936974417,-7.488781990343134,28.918659959952578
-6.7713214385754785,-7.25065561863573,29.13490113735369
-6.785701463977286,-6.999731436850474,29.33451732432211
-6.792122363163482,-6.737392238908754,29.51615302966373
-6.79048045943584,-6.465157512084643,29.678603424320055
-6.780720771015305,-6.184663492552384,29.82083264760671
-6.762839052661417,-5.897640468519935,29.941989083187543
-6.7368830951371725,-5.605887881928585,30.0414171251463
-6.702953238740915,-5.3112478714770255,30.11866506694483
-6.661202077722998,-5.015577965458291,30.17348887749411
-6.611833354355057,-4.720723668371147,30.205851772364092
-6.55510006377554,-4.428491688139309,30.215919636712748
-6.491301812506453,-4.140624520781911,30.204052501819135
-6.420781493754717,-3.858777048387316,30.170792411367547
-6.343921360393695,-3.584495718080203,30.116848129861978
-6.261138591124291,-3.319200759816087,30.043077238085047
-6.1728804561850446,-3.0641717759508427,29.95046622539393
-6.079619195778019,-2.8205369029167264,29.8401092238416
-5.98184672699218,-2.5892656123549327,29.713186034576914
-5.8800692935530625,-2.3711650925898744,29.570940074516933
-5.774802167524167,-2.16688003731889,29.41465682428059
-5.666564503618009,-1.9768955714812546,29.245643291400526
-5.555874435653906,-1.8015429676199703,29.065208921213674
-5.443244491612888,-1.6410077512689465,28.874648297186855
-5.32917738940257,-1.495339761124454,28.675225878242873
-5.214162260554227,-1.3644647178414568,28.468162927905034
-5.098671334272844,-1.2481968620499988,28.254626703002252
-4.983157100106158,-1.146252244700026,28.035721891572866
-4.868049954443975,-1.058262287775228,27.81248422277403
-4.753756324443912,-0.9837872772886398,27.58587611736423
-4.640657253029254,-0.9223294999109253,27.35678420610377
-4.529107420435704,-0.8733457865084522,27.126018514877178
-4.419434571417886,-0.836259277632764,26.894313098551223
-4.311939312604332,-0.8104702754594345,26.662327899188103
-4.206895241489986,-0.7953660922044238,26.43065160662073
-4.104549367011419,-0.7903298455435018,26.199805308839895
-4.0051227813673815,-0.7947481863838808,25.970246734424055
-3.9088115435178765,-0.8080179732446617,25.74237490774718
-3.81578773640968,-0.8295519305747812,25.516535058481594
-3.7262006622346333,-0.8587833458993814,25.2930236487308
-3.640178142744576,-0.895169873234396,25.072093402965553
-3.5578278946592703,-0.9381965183461078,24.85395824700181
-3.4792389533698755,-0.9873778858085548,24.638798081968233
-3.404483121343036,-1.0422597690834978,24.426763337168563
-3.33361642077525,-1.1024201636442548,24.217979261715875
-3.26668053306132,-1.1674697800647484,24.012549928699897
-3.203704210471423,-1.2370521295128813,23.81056193744765
-3.144704648042667,-1.3108432486657633,23.6120878092321
-3.08968880606136,-1.3885511250735747,23.417189079709125
-3.0386546756317268,-1.4699148777391033,23.22591909758987
-2.991592481694948,-1.5547037413867633,23.038325543774196
-2.9484858194857027,-1.6427158967461013,22.854452688576412
-2.9093127218035146,-1.733777183298607,22.674343406960645
-2.8740466556483675,-1.8277397254194299,22.498040973052472
-2.8426574477414994,-1.9244804977396388,22.32559065577432
-2.8151121392414438,-2.023899850885091,22.157041137415906
-2.7913757705907534,-2.125920014519107,21.992445776430102
-2.771412097908604,-2.2304835908168865,21.831863734853226
-2.7551842426958526,-2.337552048107854,21.675360989582458
-2.742655276858213,-2.447104221408757,21.523011245380914
-2.733788745194729,-2.5591348239018696,21.374896765985792
-2.7285491275559433,-2.6736529710539423,21.23110913811612
-2.7269022428608833,-2.79068071698721,21.091749981550524
-2.7288155970846733,-2.910251600869961,20.95693161679763
-2.734258677198232,-3.032409199459157,20.8267777002286
-2.7432031928660594,-3.1572056804728104,20.701423834890683
-2.755623267494262,-3.2847003501701315,20.581018163573855
-2.771495579974538,-3.4149581873517483,20.46572194905487
-2.7907994581958544,-3.548048354943549,20.355710144784755
-2.8135169250982854,-3.684042679383443,20.251171957603198
-2.8396326977268402,-3.8230140871827305,20.152311402339464
-2.8691341394105168,-3.9650349872799504,20.059347846374415
-2.9020111648466,-4.110175587147501,19.97251654037029
-2.9382560975156267,-4.2585021300579955,19.892069129400408
-2.977863478491898,-4.410075040482425,19.818274136605666
-3.0208298253516137,-4.564946964296569,19.751417409244223
-3.067153339519962,-4.72316069034364,19.691802514560734
-3.1168335600446726,-4.884746939975968,19.639751070259898
-3.1698709614426113,-5.049722011520953,19.595602991505725
-3.2262664929449616,-5.218085267240716,19.559716633267445
-3.2860210561738343,-5.389816451344633,19.532468803485056
-3.3491349180289585,-5.564872829044149,19.51425461893051
-3.415607055359414,-5.743186138595701,19.50548717180263
-3.485434427856503,-5.924659350857672,19.506596971036902
-3.5586111755465377,-6.109163234199334,19.518031118074546
-3.6351277373061217,-6.296532726762722,19.5402521724784
-3.71496988698982,-6.486563123219892,19.573736658392725
-3.798117684076722,-6.6790060894220185,19.618973158537003
-3.884544336237081,-6.87356552583947,19.676459938354533
-3.9742149719251527,-7.069893309576592,19.74670203930253
-4.067085322054696,-7.267584955133581,19.83020777731783
-4.163100311047063,-7.466175246082498,19.927484580522748
-4.262192559098126,-7.665133903493547,20.0390340996105
-4.364280799429989,-7.86386137231088,20.165346525494005
-4.469268216616416,-8.061684823886061,20.30689405220462
-4.577040714834506,-8.2578544913934,20.464123429240303
-4.687465128131272,-8.451540474620295,20.637447557190765
-4.800387388525943,-8.641830171249183,20.827236094156582
-4.91563067200764,-8.82772651265365,21.033805058893492
-5.03299354722702,-9.008147202643874,21.25740544040151
-5.152248156889526,-9.181925176509303,21.49821085343127
-5.27313846747812,-9.347810513859798,21.756304315570635
-5.39537862886957,-9.504474050636945,22.031664264488235
-5.518651491522591,-9.65051294147052,22.324149983557874
-5.642607335021029,-9.784458421271944,22.63348666010634
-5.766862867608556,-9.904786002385631,22.959250362076048
-5.891000561651868,-10.009928318466196,23.300853284542953
-6.0145683943562975,-10.098290786257175,23.657529685159318
-6.137080066113324,-10.168270199569971,24.028322994308144
-6.258015770117023,-10.218276294389293,24.412074647851412
-6.376823585845191,-10.24675622925113,24.807415243309908
-6.492921565147369,-10.252221810933653,25.212758658887758
-6.605700572520957,-10.233279163456885,25.626299793167732
-6.7145279302490355,-10.188660391387153,26.046016575524195
-6.818751904083179,-10.11725663130841,26.469676857466865
-6.9177070458999355,-10.018151724854182,26.89485071808052
-7.010720386268563,-9.890655591660197,27.318928598638898
-7.097118442430312,-9.734336241529835,27.739145520552643
-7.176234976403298,-9.549049253846846,28.15261143799291
-7.247419404726604,-9.334963481271089,28.556347536081518
-7.310045727022938,-9.092581716099788,28.947328015486484
-7.363521806695244,-8.822755101916485,29.322526616545442
-7.407298805551882,-8.526690187988219,29.678966846260924
-7.440880547024972,-8.20594771287636,30.013774598246275
-7.463832562000514,-7.862432465200385,30.32423161933027
-7.4757905590965095,-7.498373895698489,30.607828097639892
-7.476468059194569,-7.116297531634227,30.862312544443878
-7.465662943367759,-6.7189876522903,31.085737130949322
-7.443262684635435,-6.309442098101858,31.276496730966322
-7.409248067039428,-5.8908204783119915,31.433360112953352
-7.363695239377605,-5.4663873847197815,31.555492014245914
-7.30677600373787,-5.039452486092443,31.642465201718004
-7.238756298208507,-4.6133095478718165,31.694262054674397
-7.159992895698407,-4.191176480764901,31.71126566958008
-7.070928403250401,-3.7761384642393487,31.69424095115323
-6.97208470508007,-3.3710960208485976,31.64430658885566
-6.864055044553125,-2.97871964777608,31.56289919303025
-6.747494982649814,-2.601412263838487,31.451731157346217
-6.6231125010854734,-2.2412803298038586,31.31274400775329
-6.491657535947025,-1.9001140764830697,31.148059085383366
-6.353911232163107,-1.5793768578266794,30.959927393167135
-6.2106752009330135,-1.2802032616676464,30.7506803228031
-6.062761042755053,-1.0034052803716986,30.522682786068994
-5.910980369883553,-0.7494855827405769,30.278290022647628
-5.756135526269263,-0.5186567453572007,30.019809068092055
-5.599011162841902,-0.3108651976783349,29.749465562590032
-5.4403667838869945,-0.12581860611943227,29.469376284083534
-5.280930338553968,0.03698454098966067,29.18152751489797
-5.121392892167659,0.17822429565068318,28.887759111903293
-4.962404376533109,0.29872857813327697,28.58975395437469
-4.804570387893118,0.39944333404260757,28.289032294795703
-4.648449976235046,0.4814042165677807,27.98695043570392
-4.4945543504509615,0.5457103215772088,27.68470309715624
-4.343346410290116,0.5935003429545999,27.38332881918537
-4.195241007692775,0.6259313700841996,27.083717755152737
-4.050605836359465,0.644160423016709,26.786621248083424
-3.90976284857818,0.6493287157896555,26.492662635912357
-3.772990101647145,0.6425485550965954,26.20234879665814
-3.6405239419448328,0.6248927191061072,25.916082015309488
-3.5125614421133045,0.5973861178810663,25.634171826105867
-3.3892630153134733,0.5609995101110965,25.35684655340758
-3.270755139550736,0.5166450380363471,25.08426433896122
-3.1571331342231237,0.4651733407601051,24.816523501436798
-3.048463939973627,0.4073720130095058,24.55367212474972
-2.944788861384133,0.34396518944875104,24.295716814584082
-2.8461262398591463,0.2756140518367723,24.042630597852316
-2.7524740311082687,0.20291807595360956,23.794359968023727
-2.6638122678964122,0.1264168559386571,23.55083110099844
-2.58010539418136,0.04659236444668145,23.311955282271274
-2.501304461422519,-0.0361284729288181,23.077633597340196
-2.427349181767708,-0.12137099171548492,22.847760944472007
-2.3581698360661414,-0.20880987662888956,22.622229432801596
-2.293689037283024,-0.2981661936901243,22.40093122999897
-2.233823351975237,-0.38920442276142875,22.183760922996537
-2.178484784098823,-0.4817295349629982,21.970617453049137
-2.1275821266247483,-0.5755841492123205,21.761405683138324
-2.0810221873023753,-0.6706457934590024,21.556037651789268
-2.0387108954870743,-0.7668242889225533,21.354433563031467
-2.0005542972901385,-0.8640592696183312,21.156522557728657
-1.9664594464599843,-0.9623178445182365,20.962243307000854
-1.9363351984017318,-1.0615924056845059,20.771544464089345
-1.910092914620215,-1.1618985824942913,20.58438500686328
-1.8876470846564373,-1.2632733395094642,20.400734499293943
-1.868915872302028,-1.3657732135239031,20.220573296665496
-1.8538215925386843,-1.4694726837368546,20.04389271606604
-1.8422911252746295,-1.5744626677665166,19.870695190812953
-1.834256271549386,-1.6808491352559085,19.700994424903847
-1.8296540574605817,-1.788751830067543,19.534815561333524
-1.8284269906387907,-1.8983030914585417,19.37219537615692
-1.8305232736633832,-2.0096467641263027,19.21318250848371
-1.8358969783772707,-2.12293718657662,19.057837735134626
-1.8445081846232512,-2.23833824685745,18.906234297444488
-1.856323086490277,-2.3560224942936254,18.75845828663288
-1.8713140687243777,-2.476170295426198,18.61460909325103
-1.8894597555254322,-2.598969021883842,18.474799925422403
-1.9107450335161844,-2.7246122573745444,18.339158399895247
-1.9351610502319352,-2.853299010367923,18.207827209286652
-1.9627051890360148,-2.9852329183280593,18.08096486828908
-1.9933810209147762,-3.120621428541634,17.958746540999027
-2.027198233143582,-3.25967493965617,17.841364950880184
-2.06417253433896,-3.402605886989716,17.729031374154317
-2.1043255349184826,-3.5496277534900127,17.621976716583816
-2.1476846014756283,-3.7009539869040475,17.520452672629222
-2.1942826830384807,-3.8567968022671657,17.424732964787367
-2.244158106615341,-4.017365847237665,17.335114659491623
-2.297354338834011,-4.182866706096308,17.251919554229886
-2.35391970985188,-4.353499216415105,17.175495628447734
-2.4139070950487764,-4.529455570498922,17.106218548286698
-2.4773735493122806,-4.710918171750216,17.044493212187188
-2.5443798879854187,-4.898057214147416,16.990755320782
-2.6149902077702785,-5.091027951123288,16.945472950232965
-2.6892713400708685,-5.289967618362225,16.909148103127357
-2.7672922284196093,-5.494991973509842,16.88231820515573
-2.8491232207723165,-5.706191414637597,16.865557508939393
-2.934835266588275,-5.923626638695984,16.859478358466156
-3.024499007751506,-6.147323801327834,16.86473225853496
-3.118183751558796,-6.377269140549367,16.882010683324044
-3.2159563132285127,-6.613403029243123,16.912045546624586
-3.317879714708951,-6.855613425503493,16.95560924339653
-3.4240117260327874,-7.103728696054361,17.01351415812621
-3.5344032351334347,-7.357509796708016,17.086611520083405
-3.6490964319806722,-7.6166418057107865,17.17578946916268
-3.7681227931925756,-7.880724821444829,17.281970178839995
-3.8915008540401432,-8.1492642560048,17.406105865317244
-4.019233756099083,-8.421660581361438,17.549173494784487
-4.151306560856954,-8.69719861589531,17.71216798474681
-4.287683322508104,-8.97503647674265,17.896093681651763
-4.428303917135141,-9.254194368271262,18.10195388703756
-4.573080630669224,-9.533543429571681,18.33073819987664
-4.721894514636298,-9.811794924326065,18.583407445872055
-4.874591526926991,-10.087490124642278,18.860875977732448
-5.03097848485845,-10.358991315716754,19.163991156850532
-5.190818869784199,-10.62447442910575,19.49350986962409
-5.353828536563845,-10.881923896611813,19.85007199440927
-5.519671397365284,-11.129130400869961,20.23417082136914
-5.687955167470424,-11.363692277841917,20.646120540667752
-5.858227280781569,-11.583021394268076,21.08602105739402
-6.029971104186164,-11.784354371716908,21.55372056607786
-6.202602602212087,-11.964770048597547,22.04877652384651
-6.375467625603651,-12.121214051273743,22.570415896991047
-6.547840018373754,-12.250531273069209,23.117495815690216
-6.718920756014618,-12.34950692294192,23.68846604669473
-6.887838341022437,-12.414916592063527,24.28133497013879
-7.05365068855367,-12.44358548672853,24.89364100547151
-7.215348732498916,-12.432456584139448,25.522431648782185
-7.371861968048132,-12.37866698393696,26.164252430856546
-7.522066118524797,-12.279631161455923,26.81514815008816
-7.66479306981273,-12.133129197620425,27.470678643662968
-7.798843153646961,-11.937397396234589,28.125951103116975
-7.92299978092459,-11.691218045985158,28.775670491645677
-8.036046328876408,-11.394004497457654,29.41420896690004
-8.136785073933845,-11.04587726978272,30.035694357361
-8.224057839809312,-10.647726646355222,30.63411670676012
-8.296767904005689,-10.201257230762497,31.203450737713563
-8.353902583808393,-9.709010267267534,31.73779086606339
-8.394555814312168,-9.17436021810031,32.23149421698224
-8.417949946425813,-8.601483134880658,32.6793260639269
-8.423455942079459,-7.99529572844404,33.076601348232145
-8.410611135670395,-7.361365654105061,33.41931554787427
-8.379133771223435,-6.705795273582323,33.7042582318371
-8.3289336162942,-6.035082886376493,33.92910320591657
-8.26011809439667,-5.3559669832059535,34.092470221152034
-8.172993561060949,-4.675260306824836,34.19395471685022
-8.068061563433865,-3.999681280157474,34.23412389352135
-7.946010154935573,-3.3356905902343486,34.21447940261038
-7.807700567994536,-2.6893403676001713,34.13738892162153
-7.654149761982706,-2.066142505710774,34.00599067556174
-7.486509544294548,-1.4709613132257129,33.824076410489205
-7.306043097362483,-0.9079340205907561,33.59595930549184
-7.1140998250593315,-0.38042083535431137,33.3263337632769
-6.91208945536818,0.10901557131047962,33.02013394362656
-6.701456304567821,0.5586029063906677,32.68239735038104
-6.483654528239066,0.967327534337305,32.31813884718941
-6.260125066361775,1.3348822818189645,31.93223928323455
-6.032274845916353,1.6615984320352921,31.529351590071634
-5.801458647577804,1.9483667585955244,31.113825889915113
-5.568963885392604,2.196552292084233,30.68965393921289
-5.3359984000682985,2.407907083961085,30.260432195950827
-5.103681235547417,2.5844846149330634,29.829341990516024
-4.873036260033002,2.7285587712208996,29.399144714282915
-4.644988409095385,2.8425495566665275,28.972189608842182
-4.420362270122528,2.9289569818814423,28.55043161532381
-4.199882692562409,2.9903039175610653,28.135456789835363
-3.9841770942587047,3.029088145046087,27.728512965248346
-3.773779137079561,3.047743395757049,27.33054359955603
-3.5691334610944625,3.0486088428838736,26.94222305913967
-3.3706011919751124,3.0339062856314643,26.56399191023902
-3.178465967646915,3.0057241348644337,26.19609110970973
-2.992940264571575,2.9660072528652597,25.838594279904616
-2.81417183904847,2.916551702227693,25.49143751178445
-2.642250132810185,2.8590035036828474,25.154446359991226
-2.477212523715394,2.794860575805855,24.827359872518205
-2.3190503307297563,2.7254771193331284,24.509851637588778
-2.1677145072278696,2.652069805959287,24.20154793506303
-2.0231209778322548,2.575725229046377,23.90204315378681
-1.8851555916258957,2.497408166805145,23.61091268480879
-1.7536786788729646,2.417970294067812,23.327723528258453
-1.6285292096847412,2.338159055007299,23.052042863467317
-1.50952856174398,2.2586264753513814,22.78344483165296
-1.396483910631119,2.179937748818697,22.52151577158789
-1.2891912608476246,2.1025794791937384,22.265858133947983
-1.1874381386463837,2.026967497492768,22.01609328171036
-1.0910059695622092,1.9534542040435414,21.771863363770063
-0.9996721643540367,1.8823354090527795,21.532832428153583
-0.9132119371518322,1.8138566633896829,21.298686920747965
-0.8313998791355868,1.7482190848274168,21.06913569596759
-0.7540113102166967,1.6855846947193995,20.84390964764963
-0.6808234300686138,1.6260812867994083,20.62276105193167
-0.6116162885625731,1.5698068541318468,20.40546269901986
-0.5461735942817405,1.516833602745212,20.19180687761082
-0.48428337837093194,1.4672115816069733,19.981604264227325
-0.4257385295715948,1.420971958706117,19.774682759769796
-0.37033721492326344,1.3781299723914746,19.570886307049477
-0.3178831993038213,1.3386875859982204,19.370073715821206
-0.26818607574476006,1.3026358723580864,19.17211751573594
-0.22106141730167467,1.2699571531647702,18.976902852551262
-0.17633086018768132,1.2406269164539905,18.78432643874384
-0.13382212688843115,1.214615533729614,18.5942955662429
-0.0933689970698898,1.191889796573551,18.406727186239717
-0.05481123326058657,1.1724142909514776,18.22154705882808
-0.017994467534224637,1.1561526258900092,18.038688973508005
0.017229945268502384,1.1430685317654772,17.858094040264014
0.05100510286341163,1.1331268421148404,17.67971004994378
0.0834687550409545,1.1262943716555693,17.503490901955736
0.11475352353939294,1.1225407020802973,17.329396096826297
0.14498713889562007,1.1218388861682274,17.157390290866836
0.1742926913137983,1.1241660798220017,16.987442910062242
0.2027888929690444,1.1295041107885957,16.819527820276978
0.23059034950363094,1.1378399920481463,16.653623050956515
0.2578078387799664,1.1491663871479092,16.489710569661405
0.2845485952310047,1.1634820341124055,16.327776104991482
0.3109165983974467,1.1807921339682808,16.1678090157254
0.3370128644645717,1.2011087093768322,16.009802204305224
0.3629357398119395,1.2244509383623343,15.853752073128977
0.3887811957684513,1.2508454676543137,15.699658522469466
0.4146431239250272,1.28032670972119,15.547524989211134
0.4406136314989121,1.312937127155821,15.397358525984657
0.46678333636861935,1.348727507675226,15.24916992068007
0.49324166150781756,1.3877572326118877,15.102973856732117
0.5200771286409397,1.4300945413973036,14.958789114996625
0.5473776510236306,1.4758167941644518,14.81663881847441
0.5752308253178552,1.5250107342188488,14.676550721590974
0.603724222584885,1.5777727517418905,14.538557546207697
0.6329456784595952,1.6342091496885676,14.40269736702523
0.6629835825964643,1.6944364124172746,14.269014049544923
0.6939271674910886,1.7585814771342991,14.137557744281336
0.7258667967803849,1.8267820077407861,14.008385441470823
0.7588942531091969,1.8991866701255262,13.881561591099864
0.7931030256196868,1.9759554073415377,13.757158793684264
0.8285885970713424,2.0572597124253247,13.635258567867943
0.8654487305319618,2.14328289585043,13.515952201578562
0.9037837554915158,2.234220343735027,13.399341694176623
0.9436968531388211,2.3302797619281588,13.28554079776342
0.9852943404025013,2.431681399959697,13.174676166568434
1.028685952189217,2.538658247531207,13.066888624113172
1.0739851210494769,2.6514561947215745,12.962334558638487
1.1213092532596398,2.7703341453520385,12.861187458074557
1.1707800000224118,2.8955640709658645,12.763639596611855
1.2225235221507154,3.027430990590072,12.669903885676439
1.276670746203896,3.166232858817829,12.580215902796517
1.3333576095823139,3.3122803417333895,12.494836112433775
1.3927252915468462,3.465896456745394,12.414052293296638
1.4549204265028026,3.6274160484432607,12.33818218689559
1.5200952951610163,3.797185068085797,12.267576382069675
1.5884079883487596,3.975559619208483,12.202621449817508
1.6600225372745514,4.162904726031959,12.143743341892408
1.7351090029372735,4.359592774805204,12.091411065130883
1.8138435160933115,4.56600157086229,12.046140641206621
1.8964082577363808,4.782511945958387,12.00849935823236
1.982991368383041,5.009504841339205,11.979110316120419
2.073786772571726,5.247357781969568,11.958657261561703
2.168993902853661,5.496440646413925,11.947889700538084
2.268817305160469,5.757110625081654,11.947628266027392
2.373466104758105,6.029706247042489,11.958770305506203
2.4831533090266364,6.314540342585895,11.982295636441176
2.598094920033414,6.611891795458451,12.019272397543508
2.718508826296165,6.921995925727165,12.070862898423986
2.844613439279095,7.245033332134612,12.138329339636499
2.9766260360647605,7.581117012522968,12.223039238086285
3.1147607653585068,7.930277573595612,12.326470348524715
3.25922626960562,8.292446338510263,12.450214819485849
3.4102228716727594,8.667436164551635,12.595982260748666
3.5679392704591257,9.054919795931506,12.765601328612355
3.7325486862232973,9.454405601730047,12.96101935463385
3.9042043936884996,9.865210589919387,13.184299453165108
4.083034579575426,10.286430649820124,13.437614443931713
4.269136461682767,10.716908062493657,13.723236819928596
4.462569609707094,11.155196437412007,14.043523881390247
4.663348414538241,11.599523390747388,14.400897048695422
4.871433663824516,12.047751482492925,14.797814268344878
5.086723198384568,12.497338182803114,15.236734347113506
5.309041647917125,12.945295947836142,15.720072004167589
5.538129276914695,13.388153855272002,16.250142437442662
5.7736300142654144,13.821922679233325,16.82909428136544
6.0150787942144515,14.242065767663387,17.458830014908557
6.261888403417919,14.64347860850887,18.140913192608267
6.513336109570648,15.02048050984748,18.876462349525383
6.768550441578953,15.366822335364082,19.666032106909046
7.026498598392507,15.675714676015613,20.509482906876894
7.2859750807212,15.939881128840215,21.40584194980637
7.545592262164771,16.151641403661472,22.353159297252184
7.8037737364096715,16.303028680815697,23.348364708246944
8.058751384741852,16.385944881172783,24.387132531597306
8.308567189634779,16.392356168728718,25.46376376629588
8.551080859007596,16.314528990762078,26.571096054875987
8.783984302960231,16.145304219714447,27.70045366009353
9.004823900462858,15.878403516450376,28.841650111817486
9.211031288942484,15.508758012351716,29.98305588556057
9.39996309064476,15.032845064797863,31.111741879749058
9.568949549869354,14.449014579617666,32.21370634851638
9.715351500761804,13.757782755904275,33.2741882006081
9.836624438416077,12.962068733333025,34.278063272049316
9.930387767263586,12.067349173345827,35.21031266007615
9.994496609446053,11.081707858725755,36.05654409961831
10.027112946924444,10.015762304121928,36.803539574831184
10.026772427640369,8.882457130381328,37.43979597781266
9.992442968722598,7.696724112334085,37.95602178048058
9.923571403030943,6.475020428311782,38.345552330060684
9.820114873789368,5.234768380471697,38.60465008232444
9.682554478989838,3.9937301535124803,38.73266384984032
9.511889749225517,2.769358510484871,38.73203230919961
9.309613812063297,1.5781674980393114,38.608130314385726
9.077670422642578,0.4351656509282418,38.36897031061683
8.818395279491147,-0.6466120129401336,38.024783511094476
8.534445060718209,-1.656446857924662,37.587514872757794
8.228718303158923,-2.5861402547598895,37.07027117698064
7.904272546421359,-3.4300766912460285,36.486762268722046
7.564242069291337,-4.185156832616532,35.850772035807466
7.211760102234101,-4.850620296426445,35.17568892165079
6.849888690274285,-5.427783965707736,34.47411693318573
6.481558510594824,-5.919724260006194,33.757578603854334
6.109520027476793,-6.330931221067361,33.036312426237615
5.7363064900204686,-6.666959225596129,32.31915979109835
5.364208518551971,-6.934094474101603,31.613530978442476
4.995259428772363,-7.139053993704993,30.92543638219385
4.631230026098042,-7.288725481913803,30.259567750626214
4.273631360857687,-7.389952457613165,29.6194144300817
3.9237238463035613,-7.449365206396125,29.007400959999853
3.5825311747225705,-7.473255043722123,28.42503443139825
3.2508575881692297,-7.467487451913887,27.873052395376394
2.929307236966736,-7.437448555379381,27.351564488946504
2.618304563196353,-7.388019010027737,26.860183125278635
2.3181148559996303,-7.323569511132493,26.39814045515648
2.0288643249856664,-7.247972594779896,25.964390297777893
1.7505592173926994,-7.164626074662551,25.557694864539886
1.4831036586310418,-7.076484204511163,25.176696893752762
1.2263160227367755,-6.986093405682521,24.81997832867568
0.9799437398841967,-6.895630096684795,24.486106962591684
0.743676524787127,-6.806938776969901,24.173672597507736
0.5171580657344161,-6.721569038418177,23.8813142657917
0.29999625260983837,-6.6408106035433,23.6077399867077
0.09177204692524421,-6.565725825852257,23.351740403887074
-0.10795288925808083,-6.497179345319862,23.11219749886232
-0.2996296829399343,-6.4358647825489985,22.888089416697248
-0.48371673592820624,-6.382328490952332,22.67849228377267
-0.66067508857893,-6.336990478430988,22.482579751987593
-0.8309645502744918,-6.300162668428822,22.29962087192433
-0.9950404938191217,-6.272064703275971,22.12897678158936
-1.1533512201028273,-6.252837507260633,21.970096597369597
-1.3063358087175616,-6.242554828351744,21.82251280907694
-1.4544223793065871,-6.241232970191431,21.685836410087756
-1.5980266970331325,-6.24883891311763,21.559751935050002
-1.7375510635156675,-6.265297006964017,21.444012529785716
-1.873383441819118,-6.290494400954304,21.338435139264778
-2.0058967705931736,-6.324285358384529,21.242895868388167
-2.135448428226914,-6.366494586803405,21.157325545471217
-2.262379812984209,-6.416919698599887,21.08170549860355
-2.3870160095526796,-6.475332902621515,21.016063539494045
-2.5096655163447448,-6.541482014861273,20.960470137156513
-2.6306200113002407,-6.615090865448063,20.915034754169813
-2.7501541369246754,-6.695859170174555,20.879902310700285
-2.868525287922172,-6.783461927574294,20.855249735564488
-2.9859733871117355,-6.877548397073937,20.841282558997886
-3.102720637410602,-6.9777407099433715,20.838231498230265
-3.218971239586585,-7.08363216259076,20.846348984280375
-3.3349110672767104,-7.194785241147462,20.865905576469473
-3.450707292492833,-7.310729427207128,20.897186209978596
-3.5665079565342617,-7.43095883697212,20.940486221357865
-3.6824414829473975,-7.554929749862288,20.996107097311683
-3.7986161309548443,-7.682058087789257,21.06435189345503
-3.9151193896598766,-7.8117169127085235,21.145520272232563
-4.032017315351336,-7.943234017618669,21.23990311302503
-4.149353816419356,-8.07588969472957,21.34777665288404
-4.267149892768662,-8.20891477386628,21.46939612361328
-4.385402839201591,-8.34148903404447,21.604988860347653
-4.504085425046878,-8.472740101201573,21.754746868674854
-4.623145065331518,-8.601742954859153,21.918818851988426
-4.742503002017347,-8.727520175488756,22.097301718418613
-4.862053517221489,-8.849043071907632,22.290231607558653
-4.981663203862073,-8.965233833380129,22.497574501401196
-5.101170322747615,-9.074968853372017,22.719216511404877
-5.220384278666347,-9.177083370125853,22.95495396423763
-5.339085251410133,-9.270377562347019,23.20448344208941
-5.457024020738239,-9.353624225224731,23.467391968849817
-5.573922026872834,-9.425578131687185,23.743147569941424
-5.689471710017265,-9.484987155217727,24.03109046988423
-5.803337173373278,-9.530605192927407,24.330425226080273
-5.915155213959903,-9.561206880357146,24.64021412782807
-6.02453676395182,-9.575604032539841,24.959372213850727
-6.131068782009461,-9.572663679586663,25.286664277023036
-6.234316628936777,-9.551327490523205,25.6207042287187
-6.33382695478437,-9.5106322981045,25.959957184457412
-6.429131115083974,-9.449731352541669,26.30274460468061
-6.519749122207705,-9.367915847012913,26.647252777311905
-6.605194123951861,-9.264636176886565,26.991544860743566
-6.684977385539902,-9.139522322859278,27.33357661649736
-6.758613733659484,-8.992402691326689,27.6712158507619
-6.8256274023895,-8.82332070907303,28.00226545553625
-6.8855582015900065,-8.632548459392586,28.324489797100085
-6.937967909324084,-8.420596667937263,28.63564404758102
-6.982446772082479,-8.18822040257933,28.93350590170031
-7.018619980997385,-7.936419944271826,29.215908973874207
-7.046153979895618,-7.666436414923072,29.48077704011999
-7.064762452946442,-7.379741910729612,29.726158184285058
-7.074211836679937,-7.078024079546286,29.950257838075785
-7.074326203965928,-6.7631652903736885,30.151469676933345
-7.064991376558161,-6.437216761284786,30.328403354518446
-7.046158138099959,-6.102368226815346,30.47990813004839
-7.01784444076142,-5.760913923952886,30.605091564178483
-6.980136525257165,-5.4152158445884915,30.703332626085878
-6.933188904837104,-5.067665330231136,30.774288758914654
-6.8772231975989255,-4.720644162935054,30.81789668173537
-6.81252582655901,-4.376486329061044,30.834366950367485
-6.739444641634071,-4.037441597858811,30.82417254232692
-6.658384550320813,-3.7056419671813594,30.78803195832965
-6.569802272826629,-3.3830718900833054,30.72688753097936
-6.474200361344329,-3.071543018102365,30.64187978959562
-6.37212064104707,-2.772673991616894,30.534318840876495
-6.264137241564165,-2.487875588115583,30.405653784196492
-6.1508493919607075,-2.2183413190120147,30.257441187593457
-6.032874149772247,-1.965043357381521,30.091313609249585
-5.910839226000525,-1.7287334934380347,29.908949065896376
-5.785376054023651,-1.5099486599222731,29.712042232680556
-5.65711323220061,-1.3090204511484227,29.502278018552946
-5.526670448769044,-1.1260879795819294,29.281308007521545
-5.394652974693431,-0.9611133720451698,29.050730099041026
-5.261646786613983,-0.8138992011604008,28.812071529165827
-5.128214359050375,-0.6841071718302262,28.566775315038303
-4.994891143433771,-0.571277431636821,28.31619004410501
-4.862182732079862,-0.4748479416595258,28.061562829501224
-4.730562688367252,-0.39417342399634425,27.804035175829217
-4.600471010436125,-0.32854348828541946,27.544641444993957
-4.472313184771603,-0.2771996265626173,27.284309578479263
-4.346459778025333,-0.23935084960923636,27.023863718141367
-4.22324651017285,-0.21418781531246145,26.76402836936658
-4.102974749327038,-0.20089536826419638,26.505433765108315
-3.985912367895153,-0.19866346857122244,26.248622113689677
-3.872294900915435,-0.20669653614610672,25.99405444431705
-3.762326949972355,-0.22422127473876477,25.742117799303436
-3.656183779715347,-0.2504930682772275,25.49313255875747
-3.5540130583722034,-0.2848010616643997,25.24735972010156
-3.4559366984709694,-0.32647205016977654,25.00500798982248
-3.3620527590219336,-0.3748733071870126,24.766240577316324
-3.272437375466886,-0.42941448062028176,24.531181609910277
-3.187146688621488,-0.48954868466644047,24.29992211377066
-3.1062187485028367,-0.5547729073178282,24.07252552732549
-3.0296753732672865,-0.6246278454299861,23.849032732110956
-2.9575239474321675,-0.6986972694442972,23.629466600797407
-2.8897591470925312,-0.7766070094503095,23.413836073853304
-2.8263645829632646,-0.8580236437059003,23.202139785207322
-2.767314354785544,-0.9426529603753777,22.994369263734402
-2.712574512953239,-1.030238253362076,22.790511741785338
-2.662104425165504,-1.1205585038817791,22.590552604650878
-2.6158580475269924,-1.213426490954068,22.394477516122773
-2.5737851008298045,-1.3086868663320599,22.20227425547599
-2.535832153794872,-1.4062142225558252,22.013934300503404
-2.5019436158577006,-1.5059111767784645,21.829454189905178
-2.4720626426853234,-1.6077064877320566,21.64883669655402
-2.4461319580367253,-1.7115532186148834,21.472091841075734
-2.4240945958540703,-1.8174269547249169,21.29923777292432
-2.4058945666201956,-1.925324081267429,21.13030154378816
-2.3914774520596125,-2.035260123856644,20.96531979581132
-2.3807909322135234,-2.1472681517448566,20.804339384806
-2.3737852487994635,-2.261397241683604,20.64741795640499
-2.370413608585988,-2.3777109984915126,20.494624490980783
-2.3706325302831535,-2.496286126819079,20.346039831152066
-2.374402138179231,-2.617211047214265,20.201757203811862
-2.381686405450282,-2.740584548362533,20.061882746839462
-2.3924533497376497,-2.8665144662643813,19.926536048989288
-2.4066751832334514,-2.99511638009149,19.79585070986825
-2.4243284191391927,-3.1265123135030977,19.66997492539819
-2.44539393597011,-3.2608294292859714,19.54907210268835
-2.469857000769586,-3.3981987042876254,19.433321506787554
-2.497707251875127,-3.5387535707312354,19.32291894031759
-2.5289386414408104,-3.6826285091245667,19.218077455476557
-2.563549337471323,-3.829957577101564,19.11902809630976
-2.60154158466023,-3.980872857666544,19.02602066743988
-2.6429215228504197,-4.135502809455342,18.939324523590127
-2.6876989614485676,-4.293970500799698,18.859229372183403
-2.7358871076291016,-4.456391708602196,18.786046079016472
-2.7875022456582945,-4.622872862328812,18.72010746444741
-2.8425633641584103,-4.7935088128438545,18.661769074654277
-2.9010917276189736,-4.968380405397428,18.611409909279338
-2.963110387952327,-5.147551835891121,18.56943308312417
-3.0286436313904908,-5.3310677696696676,18.53626639546745
-3.097716355538866,-5.5189502026075505,18.512362776003986
-3.1703533709509264,-5.71119504529031,18.498200571324166
-3.246578621181108,-5.907768412761164,18.494283630250866
-3.3264143149285097,-6.108602604766224,18.50114114022595
-3.409879963623641,-6.313591764861013,18.51932716031073
-3.496991317660762,-6.522587211335321,18.549419789282613
-3.587759194470999,-6.73539243889441,18.592019899857036
-3.6821881918037014,-6.951757797645282,18.647749362368604
-3.780275279978949,-7.171374865438524,18.717248673492605
-3.8820082675427363,-7.393870541282332,18.801173898030477
-3.987364135754924,-7.618800901651704,18.90019282475416
-4.096307238731828,-7.845644878327469,19.01498023123365
-4.2087873679196965,-8.073797836152679,19.146212147997435
-4.324737681966686,-8.30256515196985,19.294559009956828
-4.444072506066781,-8.531155922098423,19.460677583554336
-4.56668500854773,-8.758676955000096,19.645201562502457
-4.692444766941301,-8.98412723806146,19.848730734328548
-4.821195241074905,-9.20639310227302,20.071818635423025
-4.952751176910849,-9.424244345286938,20.31495863519023
-5.086895971962131,-9.636331610822108,20.57856842156448
-5.223379041127931,-9.841185359159816,20.86297290190466
-5.361913230668887,-10.037216797552832,21.168385586334516
-5.502172337675406,-10.222721168231882,21.494888585930077
-5.6437888025921,-10.395883812244353,21.842411436346918
-5.786351652881668,-10.554789435948173,22.21070904850938
-5.929404786373663,-10.697434999457172,22.599339191009452
-6.072445692766168,-10.821746618171089,23.007640021976382
-6.214924720528316,-10.925600815050762,23.434708308153816
-6.3562450033639895,-11.006850378013104,23.879379090993112
-6.495763164603463,-11.063354959818835,24.34020767726339
-6.632790918459924,-11.093016404352905,24.815454936739997
-6.766597683036713,-11.09381859228265,25.303076972023785
-6.896414310314092,-11.063871372238594,25.80072027412924
-7.021438022171827,-11.001457885600285,26.305723479977754
-7.140838618074681,-10.905084312189276,26.815126792150735
-7.2537659888981185,-10.773530773397583,27.325689996127643
-7.359358932433103,-10.605901845550767,27.833919807210552
-7.456755219826633,-10.401674880611814,28.336106993974074
-7.545102809650188,-10.160744127690933,28.82837335864375
-7.62357204919141,-9.883458522711848,29.306728215717087
-7.691368643397023,-9.570650989734553,29.767133514990803
-7.747747113787149,-9.22365719712729,30.205576229034307
-7.7920244162873535,-8.844321949821829,30.618146101020013
-7.823593342293388,-8.434991780633746,31.001116365794992
-7.841935295443599,-7.998492822504194,31.351024657509697
-7.846632021255417,-7.538093679471227,31.66475104268608
-7.837375871001891,-7.057453733542985,31.93959000470484
-7.813978206878124,-6.560558081697388,32.17331328067761
-7.776375603122702,-6.051641037520343,32.364220726624254
-7.7246335661546315,-5.535100797246667,32.51117685658831
-7.658947583087393,-5.0154084040892615,32.613631342127036
-7.579641407717449,-4.497014500131657,32.67162252945272
-7.487162600489875,-3.9842574983599235,32.68576387732123
-7.382075447425977,-3.481276723798917,32.65721407587243
-7.265051485717165,-2.991933768020493,32.587632409398225
-7.136857954186265,-2.5197448015363024,32.47912161396949
-6.998344559606767,-2.067825937023888,32.334161005123434
-6.85042900092928,-1.6388529883528937,32.15553297903805
-6.6940817205519885,-1.2350361871162225,31.94624610964439
-6.530310354548916,-0.8581096599630813,31.709457980191896
-6.36014433371134,-0.5093347894671043,31.44840062436793
-6.184620047384013,-0.1895160196523593,31.166311045876164
-6.004766926552064,0.10097274896071617,30.866368781161825
-5.82159473628668,0.3621532899336089,30.551641915115784
-5.636082295500072,0.5944019294978381,30.225042399100563
-5.449167768750134,0.7984043653584376,29.88929099319702
-5.261740604726877,0.9751084740952964,29.546891689923644
-5.074635132362212,1.1256769265851048,29.200115094502802
-4.8886257705937926,1.2514411465191082,28.85098994676439
-4.704423763080405,1.3538578354555104,28.5013017729042
-4.522675315124328,1.43446897327641,28.152597545445662
-4.343960986472306,1.4948659047898674,27.806195195833716
-4.16879617973444,1.5366578554561607,27.46319685217123
-3.9976325586787222,1.5614449904782357,27.124504749675673
-3.8308602322040137,1.5707959457769831,26.7908388688537
-3.668810546864584,1.5662296168859215,26.46275548294932
-3.511759341952069,1.5492008899473781,26.1406659307474
-3.3599305349950854,1.5210899333021097,25.824855064461595
-3.2134999209461697,1.4831946331244608,25.515498948683224
-3.0725990843240507,1.4367257462874374,25.212681500833458
-2.937319339405706,1.3828043524068379,24.916409863700448
-2.80771562865133,1.3224612095523216,24.626628385394053
-2.6838103235052206,1.2566376498507896,24.34323115147666
-2.5655968843045405,1.1861876883414677,24.066073068986146
-2.4530433471251603,1.1118810579497125,23.794979543922192
-2.346095614972914,1.034406923034024,23.52975482416299
-2.244680538832706,0.9543780619794272,23.27018910045908
-2.1487087808083416,0.8723353446565404,23.01606447083035
-2.058077457044395,0.7887523625770052,22.767159879973317
-1.972672562455753,0.704040097933457,22.523255146607482
-1.8923711826440768,0.618551542352377,22.284134189300786
-1.8170435008941832,0.5325861972282372,22.049587556270502
-1.7465546099505107,0.446394405184182,21.819414357824403
-1.68076613949647,0.3601814768262406,21.593423692183855
-1.6195377110067886,0.2741115888676483,21.371435646958783
-1.5627282320105556,0.18831143924821803,21.153281949937245
-1.5101970418727924,0.10287365240140091,20.938806334412636
-1.4618049210445665,0.017859933646869414,20.727864676213077
-1.4174149754038234,-0.06669602390206819,20.520324952062
-1.3768934068587708,-0.15078587327300647,20.316067061972166
-1.340110180851198,-0.23442417944854949,20.114982552100017
-1.3069396008091185,-0.317646206522497,19.916974268874185
-1.2772607989805198,-0.4005059146688093,19.721955970248953
-1.2509581524511686,-0.48307415485177085,19.529851915592126
-1.2279216325231868,-0.5654370490030725,19.340596451958707
-1.2080470950175832,-0.6476945434390734,19.15413361128213
-1.191236518470228,-0.729959123517462,18.970416730285912
-1.1773981966216451,-0.8123546778797462,18.789408102632297
-1.1664468910593881,-0.8950155010494107,18.6110786709335
-1.1583039493590888,-0.9780854236199338,18.435407764710657
-1.152897393586914,-1.0617170597447974,18.262382889153447
-1.1501619835716506,-1.146071162111969,18.091999568570976
-1.15003925892786,-1.2313160750316863,17.924261247696556
-1.152477563410975,-1.3176272766759494,17.759179253483946
-1.157432054808924,-1.405187001870759,17.59677281968218
-1.164864703220779,-1.4941839371495107,17.437069176275017
-1.174744280238641,-1.584812980020904,17.280103705797316
-1.1870463412321088,-1.6772750545807755,17.12592016857462
-1.2017532026325688,-1.7717769756980797,16.974570999056674
-1.2188539158245342,-1.8685313540244268,16.826117675615066
-1.238344238970531,-1.9677565340072058,16.68063116643585
-1.2602266078216313,-2.0696765569208435,16.538192454447337
-1.2845101062946076,-2.174521140660673,16.398893144569026
-1.3112104373255895,-2.2825256676596943,16.262836156938636
-1.3403498942356127,-2.3939311717794394,16.13013651015824
-1.3719573325619274,-2.5089843143801165,16.000922198985677
-1.4060681420164731,-2.627937338978713,15.875335171269787
-1.4427242179253403,-2.7510479929417304,15.753532409272625
-1.481973931175832,-2.878579403515235,15.635687120820817
-1.523872095346014,-3.0107998941508964,15.521990045960901
-1.5684799293101606,-3.1479827255232973,15.412650884934965
-1.6158650131965546,-3.290405743830407,15.3078998533136
-1.6661012351155702,-3.4383509169043287,15.20798936998723
-1.719268725569233,-3.5921037363113095,15.113195883381508
-1.7754537758914952,-3.7519524609670483,15.023821840676097
-1.8347487364437618,-3.918187174815129,14.94019780390723
-1.8972518895949029,-4.091098627795188,14.86268471554958
-1.9630672917409113,-4.270976825649588,14.79167631441512
-2.0323045777581714,-4.458109330075962,14.72760170037313
-2.1050787203277053,-4.652779226330445,14.670928043365997
-2.1815097355077873,-4.8552627106384945,14.622163428329648
-2.2617223247617084,-5.065826244710803,14.581859822763409
-2.345845442360181,-5.28472321934865,14.550616147646037
-2.434011775669835,-5.512190063645733,14.529081424952018
-2.526357124309112,-5.74844173078179,14.517957965948938
-2.6230196625032924,-5.993666486038934,14.518004553491812
-2.7241390672093617,-6.248019917700703,14.530039558390564
-2.8298554927241018,-6.511618087243085,14.554943914311766
-2.9403083705596713,-6.784529732120477,14.593663857275713
-3.0556350114064954,-7.066767433030766,14.647213314319604
-3.1759689840552237,-7.358277658495436,14.716675801034768
-3.30143824428843,-7.658929603760291,14.8032056592189
-3.432162985072586,-7.968502749445,14.908028433668381
-3.5682531780037587,-8.286673079290322,15.032440151162639
-3.709805775042356,-8.61299791724304,15.177805225153572
-3.8569015393083763,-8.946899373689407,15.345552667040195
-4.009601474339807,-9.287646430838782,15.53717024003399
-4.167942823034776,-9.634335750215355,15.754196145856032
-4.331934610850194,-9.985871353229388,15.998207789845646
-4.50155271312157,-10.34094341120834,16.270807129292706
-4.676734434064173,-10.698006486298018,16.573602076689394
-4.857372595631188,-11.055257691176736,16.908183409025618
-5.0433091484975545,-11.410615384778165,17.27609663240299
-5.234328335585973,-11.761699193316977,17.678808275679348
-5.430149461317903,-12.105812339346288,18.11766614654473
-5.630419347658755,-12.439927472542095,18.593853188612453
-5.834704591405255,-12.760677417539345,19.108334739975056
-6.042483776189278,-13.064352475671933,19.661799223750887
-6.253139837173758,-13.346906123403317,20.254592610320035
-6.4659528257606445,-13.603971119647156,20.88664738804955
-6.68009337457724,-13.830888140283003,21.55740726919554
-6.894617217548412,-14.022749068422979,22.26574943880782
-7.108461173074649,-14.174456945964845,23.00990681606484
-7.3204410462613545,-14.280804295389352,23.787393516402286
-7.529251943735194,-14.336571010884292,24.5949374406142
-7.733471515749668,-14.336642260557376,25.42842461771004
-7.931566638093899,-14.276145814910983,26.282860517068073
-8.121904013398412,-14.150606919548231,27.15235393055851
-8.302765100582906,-13.956117290285155,28.030129102571948
-8.472365666273975,-13.689513092260098,28.90857144732044
-8.628880089053558,-13.348554980987043,29.77931133995596
-8.770470335811563,-12.932101587905636,30.633349029487157
-8.895319273374385,-12.440266421519853,31.461221672756565
-9.001667687818749,-11.874547249653112,32.25321087268158
-9.08785407467378,-11.237916853018328,32.999586046801554
-9.152355958024117,-10.534864789096961,33.690875670969014
-9.193831222956302,-9.771381603299952,34.31815523945402
-9.211157734366612,-8.954879789802835,34.87333801981788
-9.203469396029698,-8.094049619267691,35.34945274198136
-9.170186802726837,-7.19865244825065,35.74089159417031
-9.11104077209255,-6.279258902345244,36.04361255501226
-9.026087316000131,-5.346943882304081,36.255282268240066
-8.915713012989249,-4.4129541480274135,36.37534926911196
-8.780630247040394,-3.4883668066827855,36.40504210365377
-8.621862343829665,-2.5837580156804485,36.347292273572535
-8.440719213985188,-1.7089004511016452,36.20658741024644
-8.238764651098682,-0.87250565803169,35.988765024867995
-8.017776881306672,-0.0820235827567336,35.700761062352065
-7.779704282350173,0.6564931464323636,35.350329919584034
-7.526618359486697,1.3384577107240379,34.94575339496186
-7.2606660773803755,1.9607527592389675,34.495555257222925
-6.984023512281795,2.521675799905966,34.00823599419933
-6.698852532916162,3.0208360090993924,33.49203920348839
-6.407261876655696,3.4590140442937716,32.954757461942705
-6.111273599027212,3.8379971179404775,32.40358179915508
-5.812795477518181,4.160401182649812,31.844995476563405
-5.5135995777131415,4.429490826158543,31.28470991000609
-5.215306865596991,4.649005663289852,30.72763842342011
-4.919377489730386,4.822999923606199,30.177902127646362
-4.627106167330289,4.955699813731887,29.638861533798302
-4.339621987898424,5.051381271208908,29.113167426744756
-4.0578918901252035,5.114269046728434,28.602824900139343
-3.7827270620195943,5.148456717347437,28.109265142251573
-3.5147915486385832,5.1578462582095606,27.63342042530559
-3.2546124144331388,5.146105160946649,27.175798676677214
-3.002590887171745,5.1166387369648945,26.73655491248249
-2.759013998447646,5.0725751258406016,26.315557634912057
-2.5240663247189983,5.016760583910352,25.91244900075922
-2.297841517460118,4.9517628011588615,25.52669814626137
-2.0803533879015483,4.879880239061857,25.157647503307583
-1.871546379092646,4.803155761028717,24.804552274395647
-1.6713053148890051,4.723393112900473,24.466613463923977
-1.4794643620553207,4.642175084521792,24.14300500914573
-1.2958151786580072,4.560882432771456,23.832895633054562
-1.1201142503151233,4.480712865226212,23.53546606987942
-0.9520894368488833,4.402699569567242,23.249922305861524
-0.7914457666563994,4.327728927456296,22.97550544526487
-0.6378705258330186,4.256557175232246,22.711498763423503
-0.49103769480106063,4.189825870720983,22.45723245215323
-0.3506117878353993,4.128076099440661,22.212086503259933
-0.2162511512171175,4.071761408274499,21.97549211681188
-0.08761077443236898,4.021259493807451,21.74693196472355
0.035655333614825604,3.976882699154373,21.525939588491855
0.15389215458101202,3.938887389996755,21.31209816340079
0.26744201164348436,3.907482290010678,21.10503882043777
0.3766432199945002,3.8828358598165775,20.90443868147441
0.4818289991891625,3.865082803545273,20.71001873266918
0.5833266133198458,3.8543297843034403,20.521541635132643
0.6814567084493537,3.8506604251689236,20.338809550178272
0.7765328199509408,3.8541396665578853,20.161662038463408
0.8688610253491491,3.8648175444030475,19.989974077516344
0.9587397209207661,3.882732446939604,19.823654230085353
1.0464595027013313,3.907913901272393,19.66264298601039
1.132303134658463,3.9403849344661794,19.506911292527537
1.2165455886526946,3.9801640477656752,19.356459281732832
1.299454142426084,4.027266836769707,19.211315199059737
1.3812885232563925,4.081707284976209,19.071534532806094
1.462301086107987,4.14349875307886,18.93719934175833
1.5427370161171132,4.212654681713722,18.80841777560989
1.6228345460850115,4.289189020997335,18.68532378098978
1.7028251803323813,4.373116396134149,18.56807698435951
1.7829339168064342,4.464452014567714,18.45686274167453
1.8633794597392725,4.563211316576017,18.35189234342506
1.944374415444375,4.669409367840317,18.253403362368385
2.0261254640162534,4.783059989328919,18.16166012984535
2.1088334997756335,4.904174616821053,18.076954324949863
2.1926937332869962,5.032760879549703,17.99960565890738
2.2778957476748776,5.168820884776026,17.929962634735514
2.364623501787912,5.312349192645773,17.868403359527402
2.453055272513648,5.463330463459466,17.81533638343847
2.543363528242023,5.621736757571009,17.771201535592823
2.6357147251218924,5.787524466592781,17.73647072258273
2.730269017366019,5.960630853532108,17.711648649942923
2.8271798724510018,6.140970179044664,17.69727342087704
2.926593581648812,6.328429391326076,17.693916959543436
3.0286486559391297,6.522863358469482,17.702185198333726
3.1334750970150402,6.724089624627466,17.72271795978542
3.241193532843413,6.931882675306089,17.75618845407624
3.3519142071172934,7.1459677029035245,17.803302302511792
3.4657358119908803,7.366013871546639,17.86479598615631
3.5827441537775533,7.591627090777427,17.941434606957156
3.7030106418875497,7.822342321136125,18.034008836659005
3.8265905922650068,8.05761545164454,18.14333091688896
3.953521338046393,8.29681481008914,18.27022956255359
4.083820142207675,8.539212392304927,18.415543610823125
4.2174819097105924,8.783974926791078,18.580114250377736
4.354476700223007,9.030154926283233,18.764775661364887
4.494747047004814,9.276681918556246,18.97034389701028
4.638205093151357,9.522354094709431,19.197603844634514
4.784729563198099,9.765830664162587,19.44729411879689
4.934162596227034,10.005625260824297,19.720089764488975
5.0863064761649515,10.240100803114407,20.01658268598232
5.240920305973435,10.467466269802944,20.337259769437125
5.39771668488832,10.685775911252879,20.682478736997776
5.556358461679257,10.892931468000347,21.05244185889927
5.716455651868889,11.086688011048292,21.44716775965744
5.877562622644271,11.264664045120325,21.866461685473507
6.039175665318553,11.424356520749633,22.309884752101212
6.200731090981486,11.563161375942043,22.776722863500545
6.361603999530303,11.678400165188949,23.26595617740394
6.521107884500062,11.767353224701893,23.776230187619714
6.678495244706117,11.827299660445638,24.305829684676524
6.8329593771783035,11.855564224010813,24.852657033229764
6.983637522583279,11.84957085749292,25.41421635025941
7.1296155226305675,11.806902343295349,25.987605263425785
7.269934127250511,11.725365094538333,26.569515953000945
7.403597056269145,11.60305767960185,27.156247112023497
7.529580874969127,11.438441210938208,27.743728277707476
7.6468466850481995,11.230409272293981,28.32755767674379
7.754353562665573,10.978354645949615,28.90305427913211
7.851073595164094,10.682229774383451,29.465324170951046
7.936008280540675,10.34259769364306,30.00934065043291
8.008205962933747,9.960670152095895,30.530036653319105
8.066779888608611,9.53832981499542,31.02240726785422
8.110926386400216,9.078133876881227,31.481619266400887
8.139942611114646,8.583297066563908,31.903123829749575
8.153243244778125,8.057652916949193,32.28276804681187
8.150375534943256,7.505593242641825,32.61690040848258
8.131032066174214,6.931986955825598,32.902465439798384
8.095060712863756,6.342080568331614,33.13708286760159
8.04247130852779,5.74138387495287,33.31910731139075
7.973438685520543,5.1355452871870195,33.44766538913237
7.888301883570538,4.5302219944375475,33.52266828988204
7.787559486896548,3.930950499505496,33.54479919390037
7.671861217274817,3.343023066553041,33.51547631051081
7.541996072753164,2.7713752296143297,33.43679363753314
7.3988774474589984,2.2204887736004455,33.311442712136575
7.243525787243242,1.6943135871895785,33.14261952810849
7.077049421241632,1.1962105928506885,32.933921374432245
6.900624256389904,0.7289166915297829,32.68923857552609
6.7154730294441,0.2945314261858908,32.41264599179541
6.522844781346354,-0.10547603498149649,32.108298710366206
6.323995156856518,-0.4702418943831186,31.780335685219182
6.120168045319329,-0.799467648438315,31.432794253740692
5.9125789745066,-1.0933682696127178,31.069537547650896
5.7024005571830205,-1.352612103191182,30.69419590975134
5.490750177371795,-1.5782558330862781,30.31012259054493
5.2786799970580525,-1.7716775876538438,29.920363279684913
5.067169269516696,-1.9345108440487515,29.52763845645622
4.857118866109732,-2.0685813010658833,29.13433713288655
4.649347861094464,-2.1758483739335914,28.742520308922796
4.444591974043622,-2.2583524602117664,28.35393234599943
4.24350364101596,-2.318168663864138,27.970018470347245
4.046653471869557,-2.357367264538289,27.591946713987806
3.8545328497773212,-2.377980891505459,27.22063276259277
3.667557437538838,-2.381978109150801,26.85676638034234
3.486071371138149,-2.3712429399761765,26.500838301236207
3.3103519418047194,-2.347559734355814,26.1531666969532
3.1406145915199035,-2.312602734030021,25.813922540732396
2.9770180717534056,-2.267929657894833,25.483153376416237
2.8196696398639585,-2.2149786535697817,25.16080516688189
2.6686301910609465,-2.1550679969060256,24.846742034588896
2.5239192454219372,-2.089397975735885,24.54076381903968
2.3855197287872025,-2.0190544569439988,24.24262146322623
2.2533825032152666,-1.9450137020264127,23.95203030618861
2.127430617058016,-1.868148061738575,23.66868140468012
2.0075632566941186,-1.7892322424578972,23.39225103679592
1.893659391719558,-1.7089498937377408,23.122408557351452
1.7855811131558392,-1.6279003172327329,22.85882278161539
1.6831766702441822,-1.546605141352397,22.601167073193725
1.5862832158962847,-1.4655148437030714,22.34912330554175
1.494729274108304,-1.385015034949299,22.1023848564942
1.408336944836576,-1.305432443687205,21.86065878275107
1.3269238631808624,-1.2270405628907852,21.623667307529228
1.250304930398713,-1.1500649351173928,21.391148740414028
1.1782938344332299,-1.0746880665808787,21.16285793442333
1.1107043774028067,-1.0010539700214376,20.938566371851184
1.0473516269800793,-0.9292723435670226,20.71806195786748
0.9880529078636663,-0.8594223979760973,20.50114858927938
0.9326286486884734,-0.7915563481942908,20.287645555392555
0.8809030987819905,-0.7257025874038672,20.077386818564857
0.8327049281964147,-0.6618685629917858,19.870220213798827
0.7878677234607687,-0.600043374353601,19.666006599518624
0.7462303905263377,-0.5402001123842333,19.46461898545014
0.7076374754390206,-0.4822979600404997,19.26594165818737
0.671939412374635,-0.4262840726183059,19.06986932049697
0.6389927078248467,-0.37209525546560274,18.876306256599403
0.6086600689261332,-0.3196594558237178,18.68516553248482
0.5808104831836377,-0.26889708440903953,18.496368237695826
0.5553192561558574,-0.21972218125407117,18.309842772863647
0.5320680130335596,-0.17204343924980167,18.12552418555246
0.5109446694650587,-0.12576509778939662,17.943353555588164
0.49184337644742504,-0.0807877179188089,17.76327742996908
0.474664443616438,-0.03700884946033647,17.58524730662982
0.45931424482413474,0.005676400306033891,17.40921916571414
0.4457051094885917,0.04737488764059081,17.235153046572197
0.43375520283315167,0.08819503502191076,17.063012668401303
0.42338839779881443,0.12824650821320638,16.892765092270338
0.4145341411112462,0.16763996107967935,16.72438042218399
0.4071273157102992,0.206486842124085,16.557831542834972
0.40110810150271275,0.2448992572658962,16.393093891744257
0.3964218361756083,0.28298988390472357,16.230145263588227
0.3930188776074817,0.32087193178432755,16.068965644646312
0.3908544692327871,0.3586591466127461,15.909537075464705
0.38988860955418586,0.39646585279960617,15.751843540013907
0.39008592685154847,0.43440703204615827,15.595870879814605
0.39141556000738675,0.4725984348692615,15.441606731713724
0.393851046253243,0.5111567224594508,15.289040488207016
0.3973702165394293,0.5501996365670804,15.138163279424345
0.4019550991402588,0.5898461953808174,14.988967976117328
0.40759183202747556,0.6302169136106738,14.841449213215572
0.4142705844749715,0.6714340452142753,14.69560343374735
0.4219854882971506,0.7136218474108909,14.55142895315335
0.4307345790705628,0.7569068648133497,14.408926044259209
0.4405197476428464,0.8014182326735867,14.268097043414727
0.4513467021937686,0.8472879983831181,14.128946478556717
0.46322494107944906,0.8946514604949473,13.991481220209936
0.47616773666191403,0.9436475246375922,13.855710656708581
0.49019213030118436,0.9944190757741506,13.721646895201628
0.5053189386653734,1.0471133663182277,13.58930499030127
0.521572771494959,1.1018824196523784,13.45870320254756
0.5389820609396815,1.1588834486012107,13.329863289196881
0.5575791025695274,1.218279288387659,13.202810830200072
0.5774001081440713,1.2802388435437253,13.077575592621054
0.5984852702060609,1.3449375481520502,12.954191937161967
0.6208788385444406,1.4125578386570004,12.832699270909508
0.6446292085478174,1.4832896382975833,12.713142550902836
0.6697890214403104,1.5573308519723383,12.595572843649636
0.6964152763562712,1.634887870040015,12.480047946287153
0.7245694541667835,1.7161760791794958,12.366633075702536
0.7543176529171649,1.8014203779664717,12.255401632594962
0.7857307346686441,1.8908556942592933,12.146436048183261
0.8188844834563636,1.9847275008064438,12.039828722039456
0.853859773976866,2.083292324674812,11.935683060362056
0.8907427504978044,2.186818245130131,11.83411462489318
0.9296250153367742,2.2955853734539113,11.735252403629309
0.9706038260802883,2.4098863068265692,11.639240215473055
1.0137823005026767,2.530026546811523,11.546238262016569
1.059269627891942,2.6563248711024254,11.456424840725997
1.1071812851882565,2.7891136450026877,11.369998234896466
1.1576392559826896,2.92873905654454,11.287178796847602
1.210772249999545,3.075561256169245,11.208211241902983
1.266715920184636,3.229954378419141,11.133367171705387
1.3256130739316712,3.392306419067276,11.06294784631447
1.3876138742857393,3.563018936455509,10.997287225250306
1.4528760261508324,3.7425065404440487,10.936755298103487
1.5215649415796288,3.9311961262046524,10.88176172542569
1.5938538771183794,4.1295258030209,10.8327598102125
1.6699240348954552,4.337943460193068,10.790250819228426
1.7499646176543835,4.556904902982634,10.754788671498082
1.834172826214231,4.786871481176501,10.726985008245455
1.922753785863099,5.0283071212181945,10.707514654096538
2.015920385923752,5.281674659876247,10.69712147309362
2.113893014142327,5.547431363064157,10.696624614549298
2.216899164609982,5.826023497705246,10.706925132451959
2.3251728946028396,6.117879807533095,10.729012947378049
2.4389541019907472,6.4234037256166525,10.763974100913408
2.5584875906995244,6.7429641375165845,10.812998228557628
2.684021887104036,7.076884489816586,10.877386146975732
2.8158077651854123,7.425430020071339,10.958557414137724
2.95409643283199,7.788792867025168,11.058057675099924
3.0991373258577855,8.167074805734762,11.177565550594387
3.251175450254095,8.560267342929036,11.318898758823696
3.410448207034343,8.96822890613109,11.484019081564886
3.5771816280072457,9.390658869071169,11.67503569268112
3.7515859452391633,9.8270681799405,11.894206259567556
3.9338504122802034,10.27674640329778,12.143935105639597
4.12413729201073,10.738725057298813,12.426767585338322
4.322574924969373,11.21173723293023,12.7453796742595
4.529249794208198,11.694173629826127,13.102561619801001
4.744197509276736,12.184035343792198,13.50119433866624
4.9673926443122,12.678884004774996,13.944217096589163
5.198737385126084,13.175790201107086,14.434584877057342
5.438048969605514,13.671281545763092,14.975213759257501
5.6850459468902415,14.161292249719397,15.568912606896165
5.939333335975116,14.641116668014883,16.218299451897156
6.200386835936309,15.105369969493342,16.9257011804006
6.4675363299430195,15.547959833442055,17.693035539704535
6.7399490350479905,15.962073861142414,18.521675135100303
7.016612779830823,16.34018815227579,19.412294026927015
7.296320041004172,16.674103153856503,20.36469881679873
7.577653534389742,16.95501333212382,21.377647758703283
7.858974328321764,17.173617304459093,22.448663448134184
8.138413617605885,17.32027463097955,23.573846988854505
8.413869448007095,17.385214319800806,24.747704108140336
8.683009794160906,17.35879806528666,25.962996303183207
8.943283442294678,17.2318381682234,27.21063247630883
9.19194008407254,16.99596590995187,28.479618281247483
9.42606085884892,16.644040924546736,29.75708110158718
9.642600260819854,16.170586068443594,31.0283877174908
9.838439835048566,15.572225881901456,32.27736881472774
10.010453416454153,14.848100668196595,33.4866592009492
10.155582834006426,14.000223396837201,34.63815480955775
10.270922050891349,13.033744110024514,35.71357754547392
10.353806712665344,11.957087301130215,36.69512746787244
10.40190513031929,10.781932635985548,37.56618990081739
10.413305955489278,9.523018734601694,38.31205440581937
10.38659733886265,8.197763182348854,38.92059493879381
10.320932314167235,6.825708367141699,39.38285764194998
10.21607559575647,5.427820266114104,39.69350580606563
10.072427935867198,4.025683536574779,39.85108096959298
9.891025603888426,2.640648691887499,39.85805423304461
9.6735142965284,1.2929936405968798,39.720660928937505
9.422098676850453,0.0011611791345971234,39.448532244324475
9.139470551918977,-1.2188739179207997,39.05415632932511
8.828720217823784,-2.3540685995021327,38.55221614323847
8.493236553304007,-3.394584356841028,37.9588598514204
8.136601925999656,-4.333866586765333,37.29096117347823
7.762487870616707,-5.168545475572784,36.56542208957445
7.3745568702310225,-5.898187189646647,35.798560153050055
6.976374548434692,-6.524932924349498,35.00560938290638
6.571335324251167,-7.053066763284357,34.20034952924056
6.162603261625101,-7.488551884357307,33.39486536628943
5.753068607245629,-7.838569563461346,32.599426969952646
5.3453194621244196,-8.11108808605695,31.822474415440514
4.941627235678978,-8.314480465991515,31.070686101232052
4.543944004628863,-8.457201930567477,30.349108609007086
4.153909626572973,-8.547531251132433,29.661327002833637
3.7728664002418104,-8.593374605319266,29.009657009330176
3.401879170074978,-8.602126865332405,28.39534389610587
3.0417589890127568,-8.580582905881993,27.818756495129644
2.693088732165914,-8.534890471056968,27.27956827832899
2.3562493560692275,-8.470536031809617,26.776920421966963
2.0314457944328623,-8.392355607150941,26.309564267042166
1.7187317523853483,-8.304563452391163,25.875982469336424
1.4180328962420528,-8.210792630427285,25.474489475689825
1.1291681304419727,-8.11414262753387,25.10331284039125
0.8518688077026975,-8.017230254970254,24.76065739937862
0.5857958358225089,-7.922241035346773,24.44475454160104
0.3305547296874305,-7.830979082682073,24.153898838096147
0.08570871531634539,-7.744914143501327,23.886474177976545
-0.14920997044818476,-7.6652249826597965,23.64097136978203
-0.37469042081453313,-7.5928386886074515,23.415998936015622
-0.5912348688483207,-7.528465758285945,23.21028858588958
-0.7993517955314494,-7.472631021667789,23.022696614682975
-0.9995501723155396,-7.425700598497719,22.852202258781286
-1.192334685101005,-7.387905161120815,22.697903839321395
-1.3782017993815994,-7.359359820794272,22.559013356666593
-1.5576365400239796,-7.340080971418139,22.43485005257308
-1.7311098729658043,-7.330000422691845,22.324833335325504
-1.8990765894575856,-7.328977140809884,22.228475362977903
-2.0619736059981544,-7.336806893796385,22.145373498475944
-2.2202186046321013,-7.353230073959647,22.07520278516432
-2.3742089487119276,-7.377937944201076,22.01770853945613
-2.524320818576602,-7.410577529722648,21.972699116963202
-2.6709085199109834,-7.450755353135522,21.940038877153118
-2.8143039249077195,-7.498040189738912,21.919641347906207
-2.9548160128526555,-7.551965001162249,21.911462573778124
-3.0927304825019433,-7.6120281897763675,21.915494619179714
-3.2283094137201758,-7.677694303263174,21.931759189149773
-3.3617909604064655,-7.748394308368628,21.960301325207176
-3.49338906084533,-7.823525544963819,22.00118313139049
-3.6232931553688847,-7.90245146586965,22.05447748563679
-3.7516679046839077,-7.984501264194258,22.120261693849628
-3.878652905469218,-8.068969487893305,22.198611048188987
-4.004362402941941,-8.155115740569322,22.289592257190694
-4.128885003070762,-8.24216456782724,22.393256723250545
-4.2522833900134565,-8.329305629417293,22.50963365278747
-4.374594057195572,-8.415694258506326,22.638722996042763
-4.495827063234895,-8.500452510268236,22.7804882269867
-4.615965826645895,-8.582670802076894,22.934848989170902
-4.734966975908825,-8.661410246384317,23.101673650516577
-4.8527602740230895,-8.735705774302122,23.280771828825692
-4.96924863903146,-8.804570142380008,23.47188697000831
-5.084308284131916,-8.866998906487405,23.674689082281017
-5.197789002802581,-8.9219764344646,23.888767751414633
-5.309514625752441,-8.96848301277456,24.113625583843724
-5.419283677363104,-9.005503081297846,24.348672245276674
-5.5268702594811465,-9.03203460434317,24.593219281373113
-5.632025189827007,-9.04709955475105,24.84647592293287
-5.734477420774728,-9.049755451743815,25.107546089575848
-5.833935761703801,-9.039107852314345,25.375426811695668
-5.930090924422117,-9.014323651190221,25.649008289113855
-6.02261790622516,-8.974644996893163,25.927075794959983
-6.1111787189452,-8.91940358268607,26.20831361361341
-6.1954254648574265,-8.848035023230127,26.49131117107922
-6.275003751608607,-8.760092982917381,26.774571474337133
-6.349556428547871,-8.655262682772705,27.05652192291623
-6.418727616174616,-8.533373382412172,27.335527491768765
-6.482166989161742,-8.394409414733158,27.60990621073926
-6.5395342619288845,-8.23851934658263,27.87794678464879
-6.590503814468497,-8.066022851023549,28.137928112147712
-6.634769385565149,-7.877414907803966,28.388140374698843
-6.672048751232314,-7.673366999188913,28.62690728362878
-6.702088298671012,-7.4547250383398005,28.852608997839347
-6.724667400861076,-7.22250385559873,29.063705162353624
-6.739602494503206,-6.977878171735756,29.25875747303347
-6.746750764820183,-6.7221701025485405,29.436451149628834
-6.746013344952034,-6.4568333611269,29.595614700938754
-6.73733794543728,-6.183434446682006,29.7352373941323
-6.7207208404746215,-5.903631225635334,29.854483895498525
-6.696208152029443,-5.619149415123847,29.95270563066958
-6.663896389922275,-5.331757565066132,30.029448515573122
-6.623932225176591,-5.043241197202028,30.08445683031524
-6.576511494337354,-4.755376794149213,30.117673140866934
-6.52187745333171,-4.469906336271052,30.129234310924538
-6.460318319819891,-4.188513058655576,30.1194637813456
-6.392164161984961,-3.9127990463235043,30.08886041998852
-6.317783208515117,-3.6442652062701,30.038084354158215
-6.237577668447766,-3.384294054977291,29.967940285892123
-6.151979160043652,-3.1341356455996072,29.87935885324107
-6.061443854610331,-2.8948968367491306,29.773376636473447
-5.966447444074495,-2.6675339814118693,29.65111541651715
-5.867480040194616,-2.452848996369126,29.513761275405745
-5.765041108879851,-2.251488665111888,29.36254408792976
-5.659634535566812,-2.063946935031809,29.198717894155934
-5.551763907550762,-1.8905698957263202,29.023542568745206
-5.441928087196029,-1.7315630712457812,28.838267120175708
-5.330617136717522,-1.5870006253668119,28.644114866095588
-5.218308641377001,-1.4568360646301444,28.44227064473025
-5.105464464074595,-1.3409140270909552,28.23387014053424
-4.992527950965086,-1.23898276294187,28.019991328275818
-4.879921595324389,-1.1507069433960355,27.801647975740572
-4.768045155766539,-1.0756804732988081,27.579785092612845
-4.6572742152925075,-1.0134390277648042,27.355276172385366
-4.547959159666677,-0.9634720808411119,27.128922045189313
-4.44042454730191,-0.9252342422713504,26.901451141488863
-4.334968838150993,-0.8981557648165417,26.673520958487835
-4.23186444595096,-0.8816521276902677,26.44572052142581
-4.131358076403139,-0.8751326403685937,26.218573639140246
-4.0336713133221025,-0.8780080446534146,25.99254276576595
-3.939001415262042,-0.889697121091557,25.768033296734135
-3.847522286436927,-0.9096323286815308,25.545398145958135
-3.7593855877042652,-0.9372645244757164,25.32494247106921
-3.6747219558074087,-0.9720668226208171,25.106928433810324
-3.593642301811811,-1.013537661097491,24.891579902428187
-3.5162391625903817,-1.0612031495036998,24.6790870215379
-3.4425880821977812,-1.1146187732740382,24.46961059206001
-3.372749002930069,-1.173370529321246,24.263286219190082
-3.306767648721804,-1.2370755657686996,24.06022819982654
-3.244676886233211,-1.3053823947017862,23.860533132427356
-3.186498051487268,-1.3779707421266818,23.66428324194093
-3.1322422322064503,-1.4545510939466653,23.471549420369453
-3.081911498058657,-1.5348639910438877,23.282393989819376
-3.0355000728482135,-1.618679120723432,23.096873199740724
-2.99299544428447,-1.705794246017185,22.915039473632056
-2.9543794083364516,-1.7960340087906022,22.736943422967897
-2.9196290463500763,-1.889248637338583,22.56263564766065
-2.8887176340797316,-1.9853125842567305,22.392168343157554
-2.8616154825850417,-2.0841231158636804,22.225596734439005
-2.838290711583401,-2.1855988703404576,22.062980356854304
-2.8187099563461127,-2.2896783980395883,21.904384203015105
-2.802839009596917,-2.3963186940842203,21.7498797539588
-2.790643400131536,-2.505493730402182,21.59954591157127
-2.7820889100396555,-2.6171929916933725,21.453469847883735
-2.777142032489267,-2.7314200174802727,21.311747785381133
-2.775770372038997,-2.8481909503092058,21.174485720916593
-2.7779429893871033,-2.9675330883236173,21.041800104245205
-2.7836306923551986,-3.0894834387912358,20.91381848058758
-2.79280627474828,-3.2140872677083614,20.790680105019128
-2.805444704537082,-3.3413966393037553,20.672536534857382
-2.821523262580082,-3.4714689381023947,20.559552204583735
-2.8410216328457514,-3.6043653651704664,20.4519049861797
-2.863921944815493,-3.7401493992364614,20.349786736069195
-2.890208768448122,-3.878885212562764,20.25340382812212
-2.919869061771561,-4.020636030726296,20.162977670372427
-2.952892070840203,-4.165462424859384,20.07874520121632
-2.989269181460778,-4.313420524412519,20.00095935886166
-3.0289937217493303,-4.464560138144553,19.929889515676113
-3.072060714241187,-4.6189227708452725,19.865821866807472
-3.1184665759393098,-4.776539523279407,19.809059760003677
-3.1682087643595125,-4.937428863046971,19.75992395092364
-3.221285367320136,-5.101594254527836,19.718752765387475
-3.277694633936367,-5.269021636872932,19.68590214695475
-3.337434444024464,-5.43967674018464,19.66174556493793
-3.400501712909269,-5.613502231668586,19.646673754459062
-3.466891728472049,-5.79041468572278,19.64109425645656
-3.536597417189571,-5.970301374752154,19.64543072167555
-3.6096085359164483,-6.153016881061324,19.66012193867671
-3.6859107862707945,-6.338379534598513,19.68562054184511
-3.765484848720626,-6.52616768671808,19.722391351367207
-3.8483053338605497,-6.716115836620745,19.770909293299006
-3.9343396489433555,-6.907910634840827,19.831656844334944
-4.02354677852028,-7.10118679719335,19.90512094291171
-4.115875979080472,-7.2955229730702005,19.991789306097775
-4.211265388900164,-7.490437623957766,20.09214609063369
-4.3096405559518915,-7.685384981574618,20.206666836862244
-4.410912888720573,-7.8797511700786265,20.335812636540595
-4.514978037161315,-8.072850593277556,20.480023470135297
-4.621714213844802,-8.263922705510437,20.639710666693272
-4.730980468594772,-8.4521293035452,20.815248450328063
-4.842614933643285,-8.636552496012866,21.006964552355882
-4.956433060514372,-8.816193525950672,21.215129887756184
-5.072225874477461,-8.98997264013966,21.43994731947777
-5.189758277447327,-9.156730215061902,21.681539564644602
-5.308767435575764,-9.315229362200665,21.939936333277853
-5.4289612933745115,-9.464160243559126,22.215060832874777
-5.55001726188005,-9.602146329951408,22.506715820911793
-5.67158113392219,-9.727752827907214,22.81456944152596
-5.793266284741741,-9.839497483886358,23.13814114125287
-5.91465322071608,-9.935863944851896,23.476788020162342
-6.035289542440154,-10.015317810137919,23.82969203678087
-6.154690390471087,-10.07632544929165,24.19584854485046
-6.272339442235704,-10.117375582990721,24.5740566935421
-6.387690526458354,-10.137003528806872,24.96291226581773
-6.50016991652881,-10.133817901098517,25.3608035572359
-6.609179356065901,-10.106529426550251,25.76591090426656
-6.714099858180432,-10.053981397255095,26.17621045169818
-6.814296304352672,-9.97518113688588,26.589482697915788
-6.909122849328668,-9.86933170933991,27.00332627049993
-6.997929115129005,-9.735862961884727,27.415177260000974
-7.080067130531677,-9.574460876333232,27.822334276219756
-7.1548989429057235,-9.385094113123511,28.221989190888443
-7.221804798012257,-9.168036585576449,28.611263298470142
-7.280191751639182,-8.923884905533095,28.98724837150612
-7.329502546255999,-8.653569605692596,29.34705182060945
-7.369224558039098,-8.358359173950872,29.68784490699463
-7.39889859651645,-8.039856132452917,30.006912714820587
-7.418127322594544,-7.69998465549047,30.301704390218383
-7.426583042581422,-7.340969536840499,30.569882011880726
-7.424014637409194,-6.9653066741246885,30.809366390545982
-7.410253398510659,-6.5757256157697155,31.01837811366798
-7.385217565028431,-6.1751450918863755,31.19547226345061
-7.348915390834169,-5.766622798606119,31.339565440808087
-7.301446613067328,-5.353301001091021,31.449954016778122
-7.243002244708038,-4.938349741173674,31.5263228912418
-7.173862669602007,-4.5249095639230195,31.568744444934126
-7.094394076431637,-4.116035702731135,31.57766779852431
-7.005043325220623,-3.7146455821844384,31.553898913617434
-6.906331392929537,-3.323471317850838,31.498572456891672
-6.798845590677176,-2.945018625883691,31.413116675282495
-6.683230781733371,-2.5815332231825847,31.299212777520186
-6.560179854976848,-2.2349754253226486,31.158750472757397
-6.430423722087222,-1.9070032610619525,30.993781375645522
-6.294721108256464,-1.5989640448530857,30.80647195196937
-6.153848396354363,-1.3118940054227948,30.599057559694476
-6.008589764626415,-1.0465252774656661,30.37379895231211
-5.859727830011593,-0.8032993373401788,30.13294237349502
-5.708034975231451,-0.5823858086588057,29.87868410458849
-5.554265500234272,-0.3837054801797208,29.613140049191635
-5.399148699632636,-0.2069563616516964,29.33832066980785
-5.243382929493207,-0.051641644499844624,29.056111344818696
-5.087630690943406,0.08290147785821667,28.768258000542723
-4.932514725879358,0.19747305326502507,28.476357699506536
-4.778615092505026,0.2929824572965854,28.18185373507953
-4.626467166010978,0.3704219491419895,27.88603469380597
-4.4765604925563895,0.4308421696690238,27.59003689701516
-4.329338412689627,0.47532990905840183,27.294849617692332
-4.185198363037187,0.5049883397896886,27.001322481175542
-4.04449276195238,0.520919796667488,26.71017449263338
-3.9075303851937844,0.5242110908428405,26.422004184235256
-3.7745781409126855,0.515921269734225,26.137300434735664
-3.6458631585932784,0.49707167852922984,25.8564535789166
-3.521575113479603,0.4686381398692124,25.579766489928137
-3.4018687158791385,0.4315450441939296,25.30746538092295
-3.2868663030769465,0.38666113161957977,25.03971013126036
-3.1766604800360505,0.3347967446805341,24.776603995505457
-3.071316763294553,0.2767023374444303,24.51820259967369
-2.9708761902723833,0.21306803829922832,24.264522168402593
-2.875357863415235,0.14452407927849126,24.015546959099655
-2.7847614051344234,0.07164192261131933,23.771235905030597
-2.699069305302051,-0.005064065968667514,23.531528489369514
-2.6182491481220493,-0.08513452868904442,23.296349887125977
-2.542255709539059,-0.16816272519128914,23.065615422326875
-2.471032920008626,-0.2537919359528002,22.8392343945861
-2.404515690486951,-0.34171273982740263,22.61711333292596
-2.3426316019671645,-0.4316602315827498,22.399158736042242
-2.285302460855632,-0.5234112326629065,22.185279357680002
-2.23244572400985,-0.6167815373542621,21.97538809388364
-2.1839757984101826,-0.7116232270068548,21.769403526001952
-2.139805221268083,-0.807822076849349,21.56725116979563
-2.099845726935521,-0.905295073101609,21.368864477076652
-2.0640092073205034,-1.0039880523919693,21.174185632214567
-2.0322085726726473,-1.1038734707839393,20.983166181734187
-2.004358519615986,-1.2049483058710015,20.795767531221575
-1.9803762132036367,-1.3072320922789533,20.611961339935053
-1.9601818895758962,-1.4107650884043241,20.43172983994256
-1.9436993855407492,-1.515606570208265,20.255066103310494
-1.9308566010807746,-1.6218332462835623,20.08197427786974
-1.9215859004368583,-1.7295377871355408,19.91246980938543
-1.9158244570378187,-1.8388274605940562,19.746579665551902
-1.9135145471445059,-1.9498228644420377,19.584342575109172
-1.9146037966634317,-2.0626567466535826,19.425809293512728
-1.9190453851631362,-2.1774729030366635,19.271042904961163
-1.926798210699342,-2.2944251415340626,19.120119169170454
-1.9378270186243836,-2.4136763019188896,18.973126920051666
-1.9521024971232188,-2.535397319100505,18.830168522371867
-1.9696013417825373,-2.6597663177094213,18.691360391526306
-1.9903062910603437,-2.7869677250357876,18.556833580692928
-2.014206134079607,-2.917191388738291,18.426734438847205
-2.041295691719368,-3.050631685004184,18.301225342353543
-2.0715757715179124,-3.1874866020144585,18.180485502086224
-2.1050530964328087,-3.327956782641016,18.064711847233074
-2.1417402070190548,-3.4722445092674556,17.954119986061674
-2.1816553360865067,-3.620552612476904,17.84894524294205
-2.2248222543782186,-3.7730832840872552,17.74944376977855
-2.2712700852694896,-3.9300367736382293,17.655893728661365
-2.321033085920552,-4.091609945952205,17.568596540954488
-2.3741503917215017,-4.257994675814182,17.48787819613731
-2.430665720244282,-4.429376054164865,17.41409061145126
-2.490627030261899,-4.605930378503127,17.347613030706043
-2.554086130709136,-4.787822898489499,17.288853447401024
-2.6210982337425466,-4.975205286083828,17.23825003354025
-2.691721445312785,-5.1682127980075165,17.196272551083457
-2.766016185893627,-5.36696109698338,17.16342371779599
-2.84404453322632,-5.571542697187615,17.140240493251206
-2.9258694781451586,-5.782022998790559,17.127295243814427
-3.0115540837645205,-5.9984358765405466,17.12519673751723
-3.101160537547801,-6.22077878827133,17.13459091074401
-3.194749085069507,-6.449007371244538,17.156161338546585
-3.2923768336547576,-6.683029497679247,17.19062932915002
-3.3940964135754923,-6.922698766028569,17.238753550826427
-3.4999544841490846,-7.167807411952071,17.301329085858573
-3.6099900719831743,-7.4180786329741615,17.379185791929775
-3.724232728812904,-7.673158334039786,17.473185836192748
-3.8427004969697105,-7.932606318157017,17.584220251840765
-3.96539767160533,-8.195886967666686,17.713204351732827
-4.092312350487171,-8.462359488035124,17.86107181919876
-4.22341376461361,-8.731267818047419,18.028767283478256
-4.358649386216624,-9.001730348448975,18.217237177496166
-4.497941815083594,-9.272729635889327,18.42741867030275
-4.641185449707766,-9.543102350715518,18.660226467292038
-4.7882429567379985,-9.811529755698446,18.916537280371244
-4.938941560706812,-10.076529077690937,19.197171790043015
-5.093069186216336,-10.336446204482614,19.50287395463737
-5.250370496764325,-10.58945021297487,19.834287571681326
-5.4105428882506414,-10.833530309580718,20.191930065716093
-5.573232510890544,-11.066495835700186,20.57616356877043
-5.738030410634833,-11.285980055220449,20.987163476814317
-5.904468899972401,-11.489448490857223,21.424884809752903
-6.0720182876989455,-11.674212603994565,21.889026874576388
-6.240084117187814,-11.837449609371225,22.37899693009003
-6.408005081953316,-11.976229171311788,22.893873773743614
-6.575051804634071,-12.08754763143883,23.432372409930213
-6.7404266794382135,-12.168370258344778,23.992811204507834
-6.903264986805411,-12.21568177823657,24.573083167809052
-7.0626374905483456,-12.226545135455702,25.170633219227536
-7.217554719895566,-12.198168040746877,25.78244344757077
-7.366973119521106,-12.127976397157184,26.40502846626078
-7.509803217850188,-12.013693160547376,27.034442942718606
-7.644919916131104,-11.853420615632047,27.666303228844853
-7.7711749371161325,-11.645723461651286,28.29582470994365
-7.887411392852187,-11.389709547261093,28.91787600574191
-7.992480337484454,-11.085104624246556,29.527050494127934
-8.085259066087318,-10.732317162455189,30.11775479666914
-8.164670808978354,-10.332489143144137,30.684312895081103
-8.229705359003328,-9.887528878211691,31.221083491041437
-8.279440064579578,-9.400122328364315,31.722587150094213
-8.31306053249312,-8.873720132168186,32.18363877276736
-8.329880320483372,-8.312498599218104,32.59948011111086
-8.329358868845414,-7.721294219798702,32.96590649495647
-8.311116929374013,-7.105512721511807,33.279381734893356
-8.274948803138146,-6.471015251221077,33.537135388260815
-8.220830796580634,-5.823985748122767,33.737237233460014
-8.148925445126897,-5.170784863331658,33.87864487509556
-8.059581227673041,-4.517796744966128,33.96122182978541
-7.9533276931918335,-3.871275543568039,33.98572510984927
-7.83086612870312,-3.237198539934502,33.95376308863714
-7.693056101040061,-2.6211323455132955,33.86772614173337
-7.540898388374258,-2.02811771660362,33.73069406213888
-7.37551496822114,-1.4625772474374796,33.54632541772319
-7.19812683659763,-0.9282486890693602,33.3187347673525
-7.010030492171781,-0.4281450249734533,33.05236393767724
-6.812573928155831,0.03545913526552341,32.751853395101826
-6.6071329362531905,0.46101667833410037,32.42191918134656
-6.395088447815572,0.8476755842398035,32.067240004737265
-6.17780552685391,1.1952287508025252,31.692358001327218
-5.956614498524217,1.5040502428745341,31.30159551348832
-5.732794556282254,1.7750222749627222,30.898989083521283
-5.507560051344905,2.009457058924654,30.488240812334208
-5.282049538036818,2.20901724606696,30.0726863499846
-5.057317534513705,2.375638136451156,29.65527810124372
-4.834328864384759,2.511454187763514,29.238581756199945
-4.61395537282031,2.618731694200628,28.824783983923094
-4.396974760809682,2.699808872791307,28.415709032379546
-4.184071251801653,2.757044026707674,28.012842027329015
-3.975837793446373,2.792771974791244,27.617356920534736
-3.7727795003992446,2.80926855377764,27.23014726767086
-3.575318058773938,2.808722714677275,26.851858286886063
-3.3837968355704016,2.7932155404028323,26.48291893357846
-3.1984864642912045,2.76470539641375,26.123573005175864
-3.019590708470056,2.7250183759722244,25.773908547242282
-2.8472524359367877,2.675843202170035,25.4338850600849
-2.681559566793583,2.618729786551716,25.103358198728415
-2.5225508861932244,2.555090706850362,24.78210181762138
-2.370221638401917,2.486204943958369,24.469827336176472
-2.2245288409311086,2.4132233027439196,24.16620049525799
-2.0853962766208576,2.3371750266439872,23.8708556419398
-1.9527191375229123,2.2589751978275725,23.583407724536656
-1.8263683074623978,2.179432590322809,23.303462206291414
-1.7061942805288415,2.0992577112192294,23.03062311811634
-1.5920307207763993,2.0190708241783484,22.76449947193279
-1.4836976744277568,1.9394097999549702,22.50471024941831
-1.381004450196275,1.8607376808393894,22.25088816882457
-1.283752186265205,1.7834498805486463,22.00268241695745
-1.1917361242607896,1.7078809689475616,21.75976051595539
-1.1047476114645391,1.6343110129502532,21.521809476329512
-1.0225758527320954,1.5629714619163468,21.288536369686746
-0.9450094332926421,1.4940505786396847,21.059668437235228
-0.8718376329346723,1.4276984263827637,20.834952833956567
-0.8028515511551493,1.3640314290018702,20.61415609345098
-0.7378450617504386,1.303136525609552,20.397063385030485
-0.6766156141296389,1.2450749439181445,20.183477622678105
-0.6189648973882054,1.1898856178040105,19.97321847497316
-0.5646993819324388,1.1375882750568356,19.76612131593015
-0.5136307522227607,1.0881862209972446,19.562036148812666
-0.4655762430261605,1.0416688428694754,19.360826528252048
-0.4203588904492914,0.9980138588078962,19.162368500306123
-0.3778077079715758,0.9571893338624463,18.966549575319647
-0.33775779671655515,0.9191554841431621,18.773267744483235
-0.30005039829076363,0.8838662886773097,18.582430547726762
-0.26453289768172145,0.8512709271140428,18.39395419792996
-0.2310587829378485,0.821315059995279,18.207762764300046
-0.1994875676498547,0.7939419669601988,18.023787416075336
-0.1696846816115531,0.7690935569780946,17.841965726396143
-0.14152133445386367,0.7467112635173297,17.662241035178727
-0.11487435651472787,0.7267368364593254,17.48456186908229
-0.08962602072550627,0.709113041554857,17.30888141612703
-0.06566384885709536,0.6937842772924205,17.135157052164168
-0.04288040507260989,0.680697118200525,16.96334991618329
-0.021173079374415836,0.6698007928322218,16.793424531339856
-0.00044386320821670697,0.6610476039753826,16.62534846857294
0.019400880807291274,0.6543932979905412,16.459092049740107
0.03845065332278877,0.6497973895940355,16.29462808730646
0.056791055410926175,0.6472234478725463,16.13193165777497
0.07450402718477478,0.6466393488310965,15.970979906224134
0.09166808683416443,0.6480174993357427,15.811751879518132
0.10835856920921177,0.6513350369105195,15.654228385966942
0.12464786324025101,0.6565740094820793,15.498391879434028
0.14060564762750585,0.66372153883161,15.344226366113098
0.15629912436362897,0.6727699712090791,15.191717332420085
0.1717932497689925,0.6837170182869797,15.040851692669865
0.1871509628245321,0.6965658913771209,14.891617755428104
0.2024334106811098,0.711325431602418,14.744005207646243
0.21770017130874902,0.7280102385040492,14.598005115902016
0.23300947332460803,0.7466407993708486,14.453609944279364
0.24841841310599524,0.7672436214006028,14.310813588630811
0.26398316935483346,0.7898513686402516,14.169611427173443
0.279759215333396,0.8145030055021629,14.030000387577838
0.29580152903845897,0.841243948514931,13.891979030919119
0.3121648016227531,0.8701262278378125,13.755547653072579
0.3289036444092049,0.9012086599461266,13.62070840435485
0.34607279487531256,0.9345570327788307,13.487465428437597
0.3637273220124181,0.9702443045269648,13.355825021796262
0.3819228314878545,1.008350817130542,13.225795815204133
0.4007156710571351,1.048964525439288,13.097388979044208
0.4201631366885997,1.0921812428766957,12.970618454491031
0.4403236798742426,1.1381049043241078,12.845501212914517
0.46125711660773855,1.1868478468085453,12.72205754618092
0.48302483851376277,1.2385311084308193,12.600311390875822
0.5056900266112745,1.293284745804649,12.480290689853504
0.5293178681870757,1.3512481700879058,12.362027794930189
0.5539757772441006,1.4125705014677836,12.245559914988712
0.5797336189708111,1.4774109417058416,12.130929614253452
0.6066639386528621,1.5459391640485347,12.01818536603034
0.6348421954147322,1.6183357194548962,11.90738216779183
0.6643470011359371,1.6947924576748192,11.79858222412448
0.6952603648321036,1.7755129612165657,11.691855704751276
0.7276679427236374,1.8607129896564105,11.587281585595559
0.7616592941316206,1.9506209310501124,11.484948581671427
0.7973281432391753,2.0454782563859526,11.384956181469333
0.8347726466335786,2.1455399720501713,11.287415793456642
0.8740956663960764,2.251075064131993,11.19245201633134
0.915405048328154,2.3623669270474212,11.100204045750926
0.9588139046897319,2.4797137673743777,11.010827231403644
1.0044409005702712,2.603428971927351,10.924494799487698
1.0524105427109836,2.733841426912473,10.841399756904156
1.1028534692370282,2.8712957724426564,10.761756994732941
1.1559067383331971,3.0161525736987715,10.685805609824053
1.2117141133941645,3.168788386530938,10.613811464563607
1.2704263415882677,3.329595691229917,10.546070006021163
1.3322014220775171,3.498982663479677,10.482909366690723
1.3972048593195818,3.677372746037271,10.424693769824938
1.4656098959211126,3.865203978375408,10.371827262829616
1.5375977183947414,4.062928034258874,10.324757802205927
1.6133576278706654,4.271008908894391,10.283981712938653
1.6930871663013771,4.489921187776654,10.25004854382795
1.7769921869456353,4.7201478185335395,10.223566337796962
1.8652868558932725,4.962177294838941,10.205207332366617
1.9581935690616425,5.216500147714978,10.195714099889702
2.0559427664212424,5.4836046242152126,10.195906129313451
2.1587726221550616,5.76397141653797,10.20668684063101
2.2669285859865487,6.058067286099036,10.229051009113764
2.3806627469899233,6.366337407123736,10.264092558089505
2.5002329867939377,6.689196233157826,10.31301265550769
2.6259018841848545,7.027016667981405,10.377128019725403
2.757935327698751,7.380117300416334,10.457879302614655
2.8966007868802786,7.748747441437434,10.556839371842297
3.042165186516993,8.133069683231863,10.675721257485916
3.1948923214184393,8.533139685321716,10.816385459409505
3.3550397423355376,8.948882885146691,10.980846229397663
3.5228550366198723,9.380067832973097,11.171276344395421
3.698571420510469,9.826275867994374,11.39000977304372
3.8824025539349862,10.286866889490561,11.63954150626744
4.074536484001653,10.760941040682777,11.922523674042239
4.275128620702087,11.247296221623802,12.241756906026344
4.4842936487297385,11.74438149072731,12.600175716791865
4.702096283989666,12.250246613336532,13.000826512895221
4.928540793870072,12.76248828210964,13.446836638551536
5.163559218517259,13.278193880448033,13.941372713462682
5.406998258375182,13.793884098616774,14.487586390494524
5.65860483358243,14.30545625228539,15.088545599564078
5.918010376143519,14.808130800047659,15.74714938252628
6.184713988860643,15.29640430732049,16.46602460596074
6.458064698414438,15.764012944081266,17.247403216888664
6.737243145784443,16.203911501177195,18.092979339714972
7.021243196446225,16.60827380936516,19.00374646327986
7.308854114833792,16.96852126270683,19.979816293534274
7.598644129269983,17.275386765204505,21.020222595134726
7.888946408348019,17.51902168162432,22.122715531426273
8.177848666546309,17.6891530906748,23.283554607842223
8.463187799270164,17.775297596380817,24.497311231912885
8.742551093183485,17.767035931895112,25.756694937054622
9.013285638344833,17.65434939748238,27.052420181774274
9.272517551118959,17.428014694600378,28.37313291874303
9.517182465423401,17.08004796900814,29.70541731092401
9.744068430530943,16.604182075059153,31.033902468207117
9.94987183986679,15.99635369523293,32.341486307248765
10.131266295527773,15.255169757165982,33.60968813590375
10.28498339937692,14.382316621764367,34.819133126478015
10.407903396048543,13.382871994516394,35.950160672207524
10.497152454002578,12.2654796810365,36.98353545429155
10.550202270813596,11.04235218501974,37.90122620108174
10.564966768239781,9.72907623760242,38.68720443004611
10.53989005232066,8.344211377214577,39.32820605710506
10.474019692067477,6.90869044933842,39.814394701425655
10.367059814785605,5.445051221938124,40.13986835253909
10.21939955700018,3.976547398953004,40.30296138613774
10.032113992258765,2.526202150215608,40.306311039548866
9.80693663699747,1.1158752671001038,40.1566794085379
9.546204795900548,-0.2345853818840895,39.86454579484495
9.252781090567009,-1.5080464396830622,39.4435063359206
8.929956264659507,-2.690600281992636,38.90953503675343
8.581339568259944,-3.7718603306023892,38.28017025794715
8.210743571294074,-4.745038138849973,37.57369241235819
7.822070119989752,-5.606820245314054,36.80835257429354
7.419203409030638,-6.357078609437923,36.001699637460355
7.0059149484765815,-6.998458246761854,35.17003804817958
6.585783752619428,-7.535889155950255,34.328031635225
6.162133565362338,-7.97606749997331,33.48845395522477
5.7379875334022685,-8.326944691848375,32.66207348306071
5.316039566644749,-8.597254253187002,31.857653699898542
4.898640752049796,-8.796096701185544,31.08204372515509
4.487798628452736,-8.932593595370877,30.340334110309556
4.085186861738028,-9.015614120947642,29.63605395634815
3.692162832257458,-9.053571643939916,28.971388733210716
3.3097907979715364,-9.054283623748722,28.34740223864926
2.938868565319929,-9.024885936807568,27.76425037006169
2.579955930256104,-8.971791734152177,27.221378330508255
2.2334035003238557,-8.900685059828186,26.717696274307688
1.8993808435192945,-8.816540245440367,26.251731099885607
1.5779032108505047,-8.723659271056775,25.82175411240369
1.2688563363932863,-8.625720614708364,25.42588567153799
0.9720190278602368,-8.525834440844482,25.062178812243303
0.6870834237990953,-8.426600200904437,24.728684291072
0.4136729150579893,-8.330163782276198,24.423499674991046
0.15135781413796373,-8.238272225027783,24.14480504689389
-0.10033108703700871,-8.152324731177796,23.890887727662413
-0.3418908963612323,-8.07341923457087,23.660158166407367
-0.5738367465075215,-8.002394202925274,23.45115887013137
-0.7966934702000541,-7.939865631641842,23.262567959966827
-1.0109886350433077,-7.886259384990533,23.093198671397108
-1.2172467575417245,-7.841839165391307,22.941995870795427
-1.415984529777212,-7.806730463633337,22.808030445059835
-1.6077069077928958,-7.780940876739041,22.69049223625569
-1.79290392686128,-7.764377187442274,22.588682037859748
-1.9720481246787098,-7.756859588903095,22.502003040971125
-2.1455924686054413,-7.758133417069304,22.429952014618337
-2.3139686970593574,-7.767878725941587,22.372110420773154
-2.477585997925824,-7.785718011394656,22.328135598709245
-2.636829958329889,-7.811222359539541,22.297752102010456
-2.7920617303661786,-7.843916267441622,22.280743232278454
-2.943617366478442,-7.883281358284644,22.276942784220875
-3.091807286232628,-7.928759190301792,22.28622699548949
-3.236915843354703,-7.979753339177534,22.308506679888183
-3.379200968229388,-8.035630917137611,22.343719513185764
-3.5188938666966347,-8.095723678418992,22.39182243580916
-3.6561987610483055,-8.15932884997412,22.452784135435664
-3.7912926637160798,-8.22570981777153,22.52657757440392
-3.9243251783377433,-8.294096792513889,22.613172531519627
-4.055418326763028,-8.363687573572873,22.712528134948755
-4.184666404167323,-8.433648525973426,22.824585372251143
-4.312135867821506,-8.50311588185495,22.949259575040593
-4.4378652682425095,-8.571197474474312,23.086432889114082
-4.5618652344294635,-8.636975008951724,23.235946756015117
-4.684118527665131,-8.69950696903282,23.397594448694697
-4.804580180906162,-8.757832252574495,23.571113721959737
-4.923177743056212,-8.810974619684753,23.75617965742434
-5.039811649355069,-8.85794802590304,23.95239780227275
-5.154355740651508,-8.897762897984293,24.1592977207533
-5.266657955371492,-8.929433391306363,24.37632709626758
-5.376541218449538,-8.951985645323791,24.60284653937774
-5.483804551255766,-8.964467026658152,24.838125272074482
-5.588224425517837,-8.96595631835772,25.08133787015744
-5.689556382303033,-8.955574778829575,25.33156225241959
-5.78753693419883,-8.93249795548198,25.587779106296214
-5.881885764837324,-8.895968097071744,25.848872933553327
-5.972308234804356,-8.845306966333357,26.113634885363926
-6.058498196750226,-8.779928812227846,26.380767532854335
-6.140141115214555,-8.699353220977528,26.64889168629057
-6.216917478387444,-8.60321752912069,26.916555333306647
-6.288506479909441,-8.491288452505987,27.182244714245176
-6.3545899390873375,-8.36347256491678,27.444397491666365
-6.414856417862221,-8.219825251277188,27.701417902918234
-6.46900548286467,-8.06055776531372,27.951693711557667
-6.516752051338141,-7.886042041865515,28.19361469822971
-6.557830751053962,-7.696812950858211,28.425592357780072
-6.592000217048089,-7.493567733571182,28.646080400744754
-6.6190472425437825,-7.27716243156035,28.853595597998964
-6.6387906982142795,-7.048605202714764,29.0467384612806
-6.651085133349294,-6.809046514612275,29.224213223219472
-6.655823974787184,-6.559766308775866,29.384846571443493
-6.6529422448068445,-6.302158335950145,29.527604604398576
-6.642418727541144,-6.037711966858894,29.651607512621634
-6.624277524720677,-5.767991879553332,29.756141547897045
-6.598588955365656,-5.494616108027363,29.84066792212304
-6.565469769945508,-5.219233002402435,29.904828374545843
-6.525082666919215,-4.943497694729076,29.948447255796136
-6.477635117753511,-4.66904868361598,29.971530094456494
-6.423377524729386,-4.397485144257924,29.974258730706847
-6.362600753315242,-4.130345538356173,29.956983215809355
-6.29563309686647,-3.869088042841544,29.920210779989233
-6.222836745245722,-3.6150732405655317,29.864592259561377
-6.144603840105316,-3.3695494247041977,29.79090644294722
-6.061352207643282,-3.133640766789547,29.70004284186237
-5.9735208644176705,-2.908338491680896,29.592983417241154
-5.881565393235567,-2.6944950970022084,29.470783789677192
-5.785953284348566,-2.4928215547506807,29.33455444292813
-5.68715933246063,-2.3038873433159255,29.185442389118894
-5.585661172786289,-2.1281230824321375,29.024613709282477
-5.481935030075665,-1.965825483885585,28.853237316914168
-5.376451743689962,-1.817164288229999,28.672470219576304
-5.269673120026163,-1.6821908323461436,28.483444478440795
-5.162048651395763,-1.5608478834916444,28.287255991776075
-5.054012628358639,-1.4529803808362611,28.084955158978435
-4.945981660932968,-1.3583467431393066,27.87753941932369
-4.838352613399158,-1.2766304286560415,27.665947605938
-4.731500947856865,-1.2074514679067148,27.45105601158695
-4.62577946345836,-1.1503777290247614,27.233676029119998
-4.521517411425353,-1.104935716651164,27.014553205570223
-4.419019960582127,-1.0706207467037474,26.79436753432796
-4.318567984165776,-1.046906379137284,26.573734803483653
-4.2204181360149216,-1.0332530277294785,26.35320881916243
-4.1248031827663585,-1.029115699070323,26.133284329144022
-4.031932558255478,-1.03395084174279,25.914400482962183
-3.941993106760097,-1.0472223109137966,25.696944678757145
-3.855149982884708,-1.0684064732115222,25.48125666327825
-3.771547677594512,-1.0969964920506745,25.267632768614618
-3.691311142028197,-1.132505844824919,25.056330186647703
-3.6145469831120987,-1.174471131051041,24.84757119921537
-3.541344707550267,-1.2224542351073668,24.641547298058143
-3.4717779933769797,-1.276043909158836,24.43842314343476
-3.4059059708504353,-1.3348568416900326,24.238340323624417
-3.343774496975623,-1.398538275231125,24.041420889261598
-3.285417410323288,-1.4667622337716546,23.847770646546604
-3.230857755026739,-1.5392314163740006,23.657482201877517
-3.180108964867157,-1.6156768089289162,23.470637757442468
-3.13317600018901,-1.6958570610934998,23.28731166291207
-3.0900564320161448,-1.7795576704210752,23.10757273271864
-3.0507414691682926,-1.8665900106909616,22.931486341647737
-3.0152169254139727,-1.956790236592339,22.759116313746762
-2.983464124749324,-2.0500180922943736,22.590526621017876
-2.9554607437756752,-2.1461556470999867,22.42578290914217
-2.9311815908754046,-2.245105977365489,22.264953867701113
-2.910599322470107,-2.3467918101868603,22.108112462128283
-2.8936850971016095,-2.451154141005935,21.95533704403408
-2.880409168418739,-2.558150834266159,21.806712355679018
-2.8707414183941617,-2.667755213530783,21.66233044329441
-2.8646518322482604,-2.779954645044868,21.522291492717667
-2.8621109166321586,-2.89474911655226,21.38670459946544
-2.8630900626297615,-3.012149811245087,21.25568848394474
-2.8675618550882214,-3.1321776750021626,21.129372161022573
-2.8755003296856394,-3.2548619735414066,21.0078955716543
-2.8868811790013122,-3.3802388347497527,20.891410182717753
-2.9016819086737655,-3.5083497702447604,20.780079559616258
-2.9198819445208954,-3.6392401691514604,20.674079914596284
-2.9414626912598125,-3.7729577561358654,20.573600632067127
-2.966407543206094,-3.9095510049173097,20.478844770500185
-2.9947018470574305,-4.049067497784168,20.39002953871054
-3.0263328165792327,-4.1915522210652245,20.30738674246818
-3.0612893987138126,-4.337045786071094,20.23116319543365
-3.099562090334531,-4.485582564731243,20.161621086345672
-3.1411427045664326,-4.637188729033317,20.09903829218928
-3.1860240853004393,-4.791880183449972,20.043708624726396
-3.2341997682449253,-4.949660379848864,19.995941995262587
-3.2856635865930435,-5.110518004966108,19.956064479843945
-3.3404092191442354,-5.274424531432343,19.924418264220957
-3.3984296785128785,-5.4413316246323475,19.90136144488352
-3.4597167368964628,-5.611168399420896,19.887267659272496
-3.5242602867721957,-5.783838522985001,19.88252551492998
-3.59204763385858,-5.959217163019757,19.887537783897272
-3.663062719733415,-6.137147783962869,19.902720325159045
-3.7372852716602987,-6.317438798408889,19.928500694436742
-3.8146898774627562,-6.499860086098875,19.965316397251463
-3.89524498372184,-6.684139399156153,20.013612738032606
-3.978911816184869,-6.869958679611148,20.073840215302884
-4.065643222087657,-7.05695032381527,20.14645141081992
-4.155382435139486,-7.2446934381551635,20.231897319238012
-4.248061765229956,-7.432710141586503,20.330623064654436
-4.343601216520652,-7.620461982913968,20.443062951652998
-4.441907039512452,-7.807346554400718,20.569634801530814
-4.5428702249591,-7.99269439807631,20.710733529714563
-4.646364950152616,-8.175766316817684,20.8667239283996
-4.752246991152568,-8.355751218585683,21.037932629666606
-4.8603521179755615,-8.53176463866122,21.224639239243373
-4.9704944935961315,-8.702848100740894,21.4270666501668
-5.082465101810475,-8.867969492550746,21.645370569298493
-5.1960302335326825,-9.026024644262863,21.8796283183036
-5.3109300658545875,-9.175840307302762,22.12982700452257
-5.426877373098033,-9.316178735776402,22.39585119615269
-5.543556413978384,-9.445744071212902,22.677470280040385
-5.660622043695419,-9.563190721967823,22.974325728547687
-5.777699104043591,-9.667133909746873,23.285918553350555
-5.89438214821469,-9.7561625255957,23.61159727710719
-6.01023555953612,-9.828854394806484,23.950546806595643
-6.1247941245942314,-9.883793993262138,24.301778640461375
-6.237564120654269,-9.919592586004114,24.664122887843078
-6.348024974614764,-9.934910672191277,25.03622260702432
-6.455631545542059,-9.928482519948226,25.41653099163045
-6.559817074774244,-9.899142461839219,25.80331193126555
-6.659996836386194,-9.845852500111583,26.194644449420853
-6.7555725062979555,-9.767730645118768,26.588431469949327
-6.84593725046258,-9.664079286596769,26.982413281200717
-6.930481511546605,-9.534412783211902,27.374185952184078
-7.008599449696565,-9.378483359587127,27.761224807837273
-7.079695966993282,-9.196304331049737,28.140912892888807
-7.143194217914975,-8.988169643839518,28.510574150797677
-7.198543480692711,-8.75466873091445,28.867510823584833
-7.245227238199363,-8.496695747559444,29.20904435053447
-7.282771293480166,-8.215452370904025,29.53255882167823
-7.310751725802882,-7.912443523871902,29.83554584035918
-7.328802479744952,-7.589465613544178,30.115649483430232
-7.336622373758929,-7.248587148408216,30.370709932680747
-7.333981316998408,-6.892121905979769,30.59880429986547
-7.320725534667848,-6.52259514534751,30.798283189796127
-7.296781622988238,-6.142703678866294,30.967801646226626
-7.2621592846645795,-5.7552709126042005,31.106343302958496
-7.2169526335027685,-5.363198215618833,31.213236810866196
-7.16134000096625,-4.969414165317614,31.28816391761961
-7.095582225896791,-4.576823325720112,31.331158922877986
-7.020019458891491,-4.188256238626354,31.3425995960597
-6.935066562283536,-3.8064222422804987,31.32319000303891
-6.841207232683445,-3.43386658272154,31.273936019152238
-6.7389870131845875,-3.0729330606684018,31.19611458797856
-6.629005394609102,-2.725733177853576,31.091238001981072
-6.511907228106437,-2.3941224312443716,30.961014621363823
-6.388373684200575,-2.0796840733564523,30.807307506800104
-6.259112995875252,-1.783720333360874,30.63209242178892
-6.12485121599982,-1.5072507962534987,30.43741656876649
-5.986323203407431,-1.251017381699891,30.225359271801324
-5.844264028756204,-1.0154951613847594,29.99799562288267
-5.699400962735061,-0.8009081098553132,29.757363885084413
-5.552446177148669,-0.6072488001304752,29.505437210757286
-5.404090255838123,-0.43430102861387393,29.24410000143834
-5.2549965790213955,-0.28166437753955204,28.975129020992284
-5.10579661297694,-0.1487797883846461,28.700179184186386
-4.957086108239171,-0.034955316235187675,28.42077378574066
-4.809422184479051,0.06060864743081415,28.13829881300844
-4.663321259521755,0.13879526751739096,27.854000899143106
-4.519257763710581,0.20054872662607312,27.568988420934325
-4.377663569000481,0.24685358156605405,27.28423522282691
-4.238928054483485,0.27871622539535695,27.000586451289653
-4.10339872608712,0.2971485626620637,26.718766006506076
-3.971382307424644,0.3031539185595251,26.439385156106155
-3.843146220645119,0.2977151321878567,26.162951903459156
-3.71892038006013,0.28178472968201235,25.889880756573596
-3.5988992267678657,0.256277033498739,25.62050259926782
-3.4832439389598675,0.2220620380093577,25.355074421098173
-3.372084759650791,0.17996086679656514,25.0937887144075
-3.26552339085737,0.1307426216786453,24.83678239430084
-3.1636354104812896,0.07512243550689489,24.584145139465097
-3.066472675101644,0.013760548370516816,24.335927088099535
-2.974065678397479,-0.05273776162589259,24.092145853762812
-2.8864258408943315,-0.12382154775874457,23.852792850893255
-2.803547712100264,-0.1989930034949764,23.617838939535428
-2.7254110708421053,-0.2778058339297258,23.387239413936797
-2.651982913734734,-0.35986329721180477,23.160938370750795
-2.583219325239046,-0.4448160081264483,22.938872500198148
-2.519067225725668,-0.5323595818164674,22.720974348279846
-2.459465996408392,-0.622232182642551,22.507175100545595
-2.4043489819954167,-0.7142120315143341,22.297406938490944
-2.353644873480984,-0.8081149146909937,22.091605018815038
-2.3072789747172844,-0.9037917280215366,21.88970912388835
-2.265174357316412,-1.0011260827991548,21.69166502916534
-2.227252909080894,-1.1000319927443876,21.49742563018566
-2.193436281590799,-1.2004516559975689,21.306951868443022
-2.1636467428230017,-1.302353341275637,21.1202134919242
-2.1378079407765807,-1.4057293834156939,20.937189682653514
-2.115845584055754,-1.510594290276109,20.75786958021147
-2.0976880452423647,-1.6169829602911656,20.58225272699316
-2.0832668926938287,-1.7249490077817744,20.410349457974863
-2.072517356146467,-1.8345631913267166,20.242181254990083
-2.0653787312018745,-1.945911939019967,20.0777810829899
-2.0617947274364172,-2.0590959632129175,19.917193723476437
-2.061713764509712,-2.1742289563075046,19.760476118244053
-2.065089220263646,-2.291436358277011,19.60769773472576
-2.071879634404047,-2.4108541858024064,19.458940962602483
-2.082048870945998,-2.5326279121865873,19.314301549867277
-2.0955662421832155,-2.656911386515294,19.17388908521955
-2.112406596513178,-2.78386577984518,19.03782753246789
-2.1325503720131382,-2.9136585454940667,18.906255821514733
-2.155983617217566,-3.0464623797671395,18.779328499450713
-2.182697980094053,-3.182454168660496,18.65721644426868
-2.2126906657510466,-3.3218139052279874,18.540107642682766
-2.245964362935355,-3.464723561369897,18.42820803247054
-2.2825271388883914,-3.6113658967971882,18.321742408608426
-2.3223923016256554,-3.7619231868409293,18.220955391201297
-2.3655782281821134,-3.916575849615415,18.126112451773547
-2.4121081568251124,-4.0755009518125584,18.037500992844553
-2.4620099406747356,-4.238870571117274,17.955431473806264
-2.515315759588012,-4.406849991908755,17.880238573901444
-2.5720617865576343,-4.5795957095792135,17.812282380510315
-2.6322878042482816,-4.75725321749835,17.75194958793013
-2.6960367666457836,-4.939954549429774,17.699654688312247
-2.7633543001293033,-5.127815549130366,17.655841132337343
-2.834288137599335,-5.320932838018885,17.620982432493562
-2.9088874786119217,-5.5193804512898925,17.595583176406222
-2.9872022677922607,-5.723206112801926,17.580179911486685
-3.069282383142551,-5.932427119640966,17.575341855163863
-3.1551767252375034,-6.147025808639709,17.581671377088135
-3.2449321977395695,-6.366944579543621,17.599804190925795
-3.338592569193691,-6.592080453218702,17.630409183690382
-3.4361972057144414,-6.822279148597714,17.674187800019908
-3.5377796640009396,-7.057328669309056,17.731872887489864
-3.6433661341601833,-7.296952400516102,17.80422689709949
-3.752973722150861,-7.5408017288454285,17.892039320714687
-3.866608562351698,-7.788448213863631,17.996123234830605
-3.984263751897056,-8.039375358858871,18.117310807993878
-4.105917100105911,-8.292970052181575,18.256447618215898
-4.231528688668181,-8.54851377855962,18.414385617512924
-4.361038241364924,-8.805173733024045,18.591974574332298
-4.494362306114698,-9.061994008644035,18.790051822304772
-4.631391257190578,-9.317887073276907,19.009430146988596
-4.7719861316731675,-9.571625799830262,19.250883652785348
-4.91597532171788,-9.821836368589894,19.515131472001045
-5.063151153124041,-10.066992417994863,19.802819209300424
-5.2132663910701655,-10.305410880246022,20.114498059904037
-5.366030725745441,-10.535249997987718,20.450601601186552
-5.521107303912709,-10.754510074810923,20.811420337100802
-5.6781093870396555,-10.961037561320035,21.197074174970208
-5.836597232268067,-11.152533114765601,21.60748313590676
-5.996075308742993,-11.32656428749586,22.042336743651884
-6.15598997810558,-11.480583490481699,22.501062700786807
-6.315727783476863,-11.611951834947172,22.982795642881037
-6.4746145050209725,-11.71796936938192,23.486346954695936
-6.631915150951801,-11.795912092890365,24.010176829632893
-6.786835059209958,-11.843075932028945,24.552369942617915
-6.938522285394527,-11.856827612266775,25.110616272635532
-7.0860714452006945,-11.834662035696937,25.68219873612712
-7.2285291629155815,-11.774265397177754,26.263989355913377
-7.364901249943447,-11.673582841441362,26.852455670308316
-7.4941616976883845,-11.530889000958915,27.44367896220773
-7.6152635167865,-11.344859283614412,28.03338563949848
-7.727151389791338,-11.114639333601897,28.61699271315935
-7.828776028105655,-10.839909708409204,29.189667793764468
-7.919110038514762,-10.5209425438512,29.74640336854706
-7.997165013674855,-10.158646863363396,30.28210435199808
-8.062009469165512,-9.754599268711097,30.791687061297775
-8.112787163151879,-9.311057058755209,31.270186907407435
-8.14873526001998,-8.830951377085155,31.712871280149802
-8.169201743531934,-8.317858783249282,32.11535341600806
-8.173661454723455,-7.775950646250778,32.47370254659371
-8.161730130469275,-7.209920917317508,32.78454540183869
-8.133175854074722,-6.624894072519442,33.04515423571201
-8.087927400628063,-6.0263162278833695,33.25351697841907
-8.026079065445723,-5.419833515400912,33.40838589007836
-7.947891698944378,-4.811162666563118,33.509302154339174
-7.853789827972941,-4.205959295818833,33.55659513099426
-7.744354912008317,-3.6096895522613837,33.55135638302802
-7.620314951215909,-3.027510592326527,33.49538998934655
-7.482530820449227,-2.4641647371492255,33.39114193176979
-7.331979837950227,-1.9238912708521587,33.24161239837592
-7.169737180937285,-1.410358696341962,33.050255594475125
-6.996955826399425,-0.9266189985750346,32.82087205036659
-6.814845721564693,-0.47508418338190656,32.55749845187224
-6.624652875419209,-0.05752416746682448,32.26429972149855
-6.427639014180638,0.3249159214558791,31.94546750069772
-6.225062366111542,0.6716817558206944,31.60512840315996
-6.018160042453575,0.9827623652292693,31.24726451092673
-5.808132370223089,1.2586327174831482,30.875647653840964
-5.596129417591902,1.500189798097961,30.4937881230162
-5.383239841121206,1.7086854521453825,30.104897679174965
-5.1704820823232085,1.8856588857209293,29.711866066363882
-4.958797853281884,2.032871256333284,29.317249750880308
-4.749047779993429,2.152244263938193,28.923271277152466
-4.54200901867548,2.2458041320896385,28.53182745594435
-4.338374624152526,2.315631877061659,28.144504555163607
-4.1387544291161005,2.3638203266052926,27.76259872386874
-3.9436771864444586,2.3924379839453205,27.38714001816633
-3.7535937313327654,2.403499542614112,27.018918587011985
-3.568880933114359,2.398942642740773,26.65851179297769
-3.3898462258387054,2.380610313469684,26.30631126847479
-3.2167325296594536,2.3502384601795048,25.962549126926962
-3.049723399964285,2.3094477185126303,25.627322750584533
-2.8889482664099777,2.259738999045916,25.300617755597266
-2.7344876484463008,2.202492076498155,24.982328887402964
-2.586378256697967,2.13896662661517,24.672278724739083
-2.444617910198573,2.070305174692627,24.370234169742893
-2.309170217651837,1.997537486013946,24.07592077694916
-2.1799689865418634,1.9215859956828307,23.789035028466206
-2.0569223370751226,1.8432719401105522,23.509254699425927
-1.9399165087595525,1.763321912576914,23.236247480162497
-1.8288193561194586,1.6823746195137612,22.969678032476217
-1.723483536850462,1.6009876618432113,22.709213659467345
-1.6237494008896518,1.5196442067285227,22.454528764093798
-1.5294475926611066,1.4387594497050473,22.20530826275045
-1.440401381390122,1.358686795820418,21.961250108355248
-1.3564287360738057,1.2797237117251203,21.722067063895935
-1.2773441626398379,1.2021172192722187,21.487487853088787
-1.2029603211824762,1.1260690157693134,21.257257800429436
-1.1330894410739225,1.051740217208897,21.031139058976308
-1.067544551325438,0.9792557291670526,20.808910511037823
-1.0061405429106633,0.9087082561249117,20.59036741474718
-0.948695078939596,0.8401619641863745,20.37532085841806
-0.895029367645817,0.7736558149274829,20.163597074624523
-0.844968812168618,0.7092065897437289,19.955036657130176
-0.7983435501112476,0.6468116248311729,19.749493716061696
-0.7549888948629749,0.5864512770651853,19.54683500001287
-0.7147456897051301,0.5280911407031315,19.346939007997115
-0.6774605847928823,0.47168403417378046,19.149695109251255
-0.6429862462238825,0.4171717753351164,18.955002684742453
-0.6111815055771125,0.36448676256669804,18.762770300756497
-0.5819114575327982,0.31355337797523514,18.57291492206585
-0.5550475124675571,0.2642892278786112,18.385361169813272
-0.530467410257172,0.21660623462714718,18.20004062733008
-0.5080552009106425,0.17041159274427614,18.016891195573496
-0.4877011971009949,0.12560860133703589,17.83585649865787
-0.46930190314785397,0.08209738374907191,17.656885339018906
-0.4527599245409462,0.03977550451005001,17.479931201044348
-0.43798386166941633,-0.0014615072227435397,17.3049518014897
-0.42488819103601616,-0.04171971933271561,17.131908684640575
-0.41339313688491713,-0.08110643586382127,16.960766859954948
-0.4034245358542843,-0.11972990661758087,16.79149447979483
-0.3949136969771832,-0.15769910088468034,16.624062554816934
-0.3877972590944081,-0.19512353955175993,16.458444704618167
-0.38201704750812865,-0.23211318036218248,16.294616941310213
-0.37751993149375024,-0.2687783516062621,16.132557483815607
-0.3742576840971256,-0.3052297299749528,15.972246600826304
-0.3721868454734604,-0.3415783587344072,15.813666480536622
-0.37126859087128883,-0.3779357027699269,15.65680112544945
-0.37146860422824796,-0.4144137374091429,15.501636270753028
-0.37275695822367483,-0.45112506826803106,15.348159324971583
-0.3751080015250055,-0.48818307967153723,15.196359331804127
-0.37850025386940145,-0.5257021094848592,15.046226952280024
-0.3829163095378652,-0.5637976484532558,14.897754466576222
-0.38834274970532695,-0.6025865623888313,14.750935795059178
-0.3947700640858321,-0.6421873357630545,14.605766538334322
-0.4021925822361488,-0.6827203354645601,14.462244036307922
-0.41060841483300115,-0.7243080936635737,14.320367446491499
-0.4200194051979183,-0.7670756088873835,14.180137842008483
-0.43043109130860224,-0.8111506645557091,14.041558329998265
-0.44185267850601545,-0.8566641643503861,13.904634191355887
-0.45429702308134656,-0.9037504839000071,13.769373042998312
-0.4677806269059064,-0.9525478383462571,13.63578502411277
-0.4823236432491169,-1.0031986654235232,13.503883008121438
-0.49794989391434913,-1.0558500237254342,13.37368284239232
-0.5146868978086817,-1.1106540058493484,13.245203618041431
-0.5325659110499017,-1.1677681661000148,13.11846797250911
-0.5516219787014051,-1.2273559623936559,12.993502427956761
-0.5718939982121726,-1.2895872119298815,12.870337768922658
-0.5934247946237038,-1.3546385600867052,12.74900946310017
-0.6162612075875938,-1.4226939618381609,12.629558129562257
-0.6404541902151109,-1.4939451747882742,12.512030059256134
-0.6660589197523058,-1.5685922626519158,12.39647779313502
-0.6931349200392941,-1.6468441076834681,12.282960763883608
-0.7217461956686193,-1.7289189301478438,12.171546007833735
-0.7519613777029961,-1.8150448124329537,12.062308954359935
-0.7838538807448948,-1.9054602248039212,11.955334300793833
-0.8175020710666656,-2.000414549080481,11.850716981704071
-0.8529894454070801,-2.100168595660663,11.748563242255683
-0.8904048199146876,-2.2049951082935157,11.648991826289866
-0.9298425285660524,-2.3151792497952197,11.552135290750096
-0.9714026302029275,-2.4310190604763893,11.458141459119727
-1.0151911231111312,-2.55282587936914,11.367175027622732
-1.0613201657988716,-2.680924716370967,11.279419339062343
-1.1099083023160343,-2.815654561113472,11.195078340316451
-1.1610806900799575,-2.95736861166613,11.114378740651626
-1.2149693277275426,-3.1064344030405993,11.03757238912965
-1.2717132799869344,-3.263233811804343,10.964938890421273
-1.3314588959414566,-3.4281629088708976,10.8967884792588
-1.39436001632934,-3.6016316276276594,10.83346517448374
-1.4605781646682896,-3.784063208902693,10.775350234090014
-1.5302827159953216,-3.975893377765111,10.722865932715592
-1.6036510358484153,-4.177569199698523,10.67647968255478
-1.6808685807639185,-4.389547555179933,10.636708517473481
-1.762128949996399,-4.612293162032921,10.604123957991456
-1.8476338763574947,-4.846276064004366,10.579357271478429
-1.9375931419869008,-5.0919684917503325,10.563105137063994
-2.032224402479804,-5.34984098874274,10.556135717981643
-2.131752900067692,-5.62035767949275,10.559295134868924
-2.2364110434504436,-5.903970540951486,10.573514321346998
-2.3464378283754748,-6.201112520092921,10.599816227313427
-2.4620780691269983,-6.512189321715528,10.63932331499188
-2.583581406704654,-6.837569670775097,10.69326526695195
-2.7112010546267675,-7.177573833637502,10.762986792967054
-2.8451922379970895,-7.532460163336958,10.849955382511578
-2.9858102757572857,-7.90240941640345,10.955768800583948
-3.133308249976671,-8.28750657467905,11.082162064965495
-3.2879341997177423,-8.687719896918729,11.231013571537618
-3.4499277706337717,-9.102876924681217,11.404349949488715
-3.619516245255195,-9.532637178684684,11.60434912894502
-3.79690987325808,-9.97646131001217,11.833340988939298
-3.9822964163607026,-10.433576520980107,12.09380482353153
-4.1758348194992845,-10.90293815001674,12.388362719189457
-4.377647919414808,-11.3831874316901,12.719767779614433
-4.5878141047830665,-11.872605606459437,13.090885969584757
-4.806357849833358,-12.36906477520868,13.50467018450732
-5.033239057594617,-12.86997618215526,13.964124998436462
-5.2683411713314365,-13.372236977123642,14.47226041635546
-5.5114580455052025,-13.87217696381808,15.032032878385717
-5.762279613054589,-14.36550739076,15.64627176296093
-6.020376446385751,-14.847274486311651,16.317589749020936
-6.285183387583528,-15.311821169872847,17.048275667634876
-6.555982521052208,-15.752761165752121,17.840168951463873
-6.831885880393205,-16.16297056398928,18.694515530559045
-7.111818420901088,-16.534602649713406,19.61180607906675
-7.394501947765457,-16.85913246735259,20.5915989353412
-7.678440863353071,-17.127437974487055,21.632331824662533
-7.96191077668709,-17.32992461700973,22.731128702694374
-8.24295119189677,-17.456699540819276,23.883610551340876
-8.519363642364445,-17.49780025065399,25.08372166869327
-8.78871674061313,-17.443480149379482,26.323585684774105
-9.048359642876122,-17.284549902340785,27.593407887960407
-9.295445350660062,-17.012768925251144,28.88144204689699
-9.526965057897794,-16.62127559197168,30.174040264508818
-9.739794373920011,-16.105038303839113,31.455802979687768
-9.930751691817584,-15.461302901002531,32.70984256452587
-10.096668228093131,-14.690005826456645,33.91816773829896
-10.234468356044037,-13.794117983052592,35.06218721190085
-10.341257844854294,-12.779882462434824,36.123319979752736
-10.41441658338171,-11.656911305468864,37.08368737766491
-10.451691425044325,-10.438112899021364,37.926849807995104
-10.451284069263636,-9.139432688496234,38.63854066071862
-10.411928527840614,-7.779404995296497,39.20734332670531
-10.33295282186429,-6.378531440379652,39.62525598143979
-10.21432018041975,-4.958519617664761,39.8880940660876
-10.0566461635371,-3.5414316275221482,39.99569219538393
-9.861189727456651,-2.1488032998370725,39.95188452133359
-9.629818134628064,-0.8007994122716227,39.76426324638704
-9.36494757295737,0.4845330093764775,39.4437361409481
-9.069463155487353,1.6918617828644376,39.00392251723684
-8.7466234073368,2.808981810727275,38.46044051102581
-8.399955250794878,3.827026681977979,37.83014504535065
-8.033145792811693,4.740483528817807,37.13037506617501
-7.649936913162808,5.54703222091817,36.378261362359105
-7.254027839140378,6.247242661046796,35.59013428328246
-6.848989724134763,6.844171105960881,34.781056218638646
-6.438194899231894,7.342898084365657,33.9644890807028
-6.024762109723967,7.750047458769529,33.152094099972345
-5.611517822669162,8.073319829020152,32.35365123619105
-5.200972693118483,8.321065313125704,31.577078942742588
-4.795311552931157,8.501912149414558,30.82853181860294
-4.396394841860785,8.62445961429018,30.112553324895977
-4.005769208176257,8.697037126182474,29.432262494026
-3.624685018145495,8.727526423009245,28.789556633861462
-3.2541186749108526,8.723240375068684,28.185315724813343
-2.8947979034114666,8.690850145050357,27.619597973462735
-2.5472284619576118,8.63635174226229,27.09181944594056
-2.2117210558310147,8.565063218210065,26.600913641827475
-1.8884175276097823,8.48164451429247,26.14546919876681
-1.5773156663527148,8.390133047358281,25.72384564514169
-1.278292204941385,8.293989312650439,25.334268305706455
-0.9911237594136302,8.196147962145249,24.97490420378711
-0.7155056077668638,8.099070895733712,24.643921191939718
-0.45106831266184655,8.004799838820132,24.339532673584333
-0.19739226811738725,7.915006656917057,24.060030231283566
0.04597969963364609,7.831040278680038,23.803806317809
0.27953151700503787,7.75396957764985,23.569368943429236
0.5037646588243823,7.684621919323605,23.355350042783456
0.7191903766393589,7.623617335258562,23.160508951749446
0.926323185397935,7.571398460153727,22.98373218445894
1.125675443640609,7.528256479588232,22.82403048200962
1.3177528747190377,7.494353400972082,22.68053391171453
1.5030508905066289,7.469740991139662,22.5524856299803
1.68205159352562,7.454376731119724,22.43923478216636
1.8552213476534432,7.448137129864431,22.340228896937898
2.023008821119773,7.450828720083314,22.255006038004268
2.1858434180886794,7.462197035189656,22.183186899878038
2.3441340266017088,7.481933839857965,22.12446697361776
2.4982680209993964,7.5096828599760075,22.078608860869522
2.648610466168695,7.545044232288445,22.04543477763008
2.7955034791522873,7.587577870667561,22.02481926106723
2.9392657108977454,7.636805925216104,22.016682071814458
3.080191917327296,7.692214492537631,22.020981269064
3.218552594583606,7.753254720538121,22.03770642543598
3.3545936583622415,7.8193434389548075,22.066871942154176
3.4885361517800186,7.889863437260833,22.108510421861375
3.620575970344443,7.964163504423243,22.162666055977677
3.750883596366807,8.041558339909876,22.22938798549799
3.8796038386730993,8.121328442027204,22.308723598306955
4.006855576773723,8.202720077776416,22.400711732312022
4.1327315118038035,8.284945437560538,22.505375761872425
4.257297929576506,8.367183077852182,22.622716555087518
4.380594484024776,8.448578754897731,22.75270530147392
4.502634012150965,8.52824675221254,22.89527622337472
4.623402394352812,8.605271803500838,23.050319200046253
4.742858476627253,8.67871171016842,23.217672350649416
4.860934073633488,8.74760074821464,23.397114641150687
4.977534073870923,8.810953952406585,23.588358600134562
5.092536670226993,8.867772355669754,23.791043249347332
5.205793740790276,8.917049248020632,24.004727375898593
5.317131406007187,8.95777750162155,24.22888329375625
5.4263507888756175,8.988957986260097,24.462891261637655
5.5332290047971515,9.009609072491875,24.7060347416204
5.637520406827993,9.0187771877796,24.95749669662215
5.738958110256541,9.015548354405727,25.21635713406335
5.837255817581017,8.999060597223071,25.481592106191986
5.932109960970279,8.968517065278853,25.752074373369112
6.023202174099536,8.923199665224084,26.026575923816146
6.110202098833272,8.86248295782126,26.303772520813006
6.192770524602912,8.785848023794818,26.58225041530241
6.270562849578669,8.692895964081659,26.86051531790336
6.343232843013759,8.583360664849353,27.137003669600553
6.410436677668827,8.457120432219554,27.410096185631595
6.471837190305348,8.314208088211567,27.678133573836906
6.527108317242535,8.154819120546401,27.93943424923079
6.575939641341651,7.979317496738156,28.19231378381175
6.618040977003546,7.788238788805209,28.435105748350146
6.653146911357596,7.582290309542993,28.66618352529666
6.681021213303158,7.362348034139951,28.88398260358322
6.701461017928262,7.129450170331699,29.087022811505488
6.714300692500365,6.88478734339043,29.27392990734783
6.719415292027067,6.6296894749779955,29.443455932548794
6.716723517515595,6.365609552182454,29.594497741618888
6.7061900985556,6.094104599100324,29.726113158027356
6.687827533571942,5.81681427193749,29.83753426566757
6.661697135722908,5.535437593656401,29.928177429466274
6.6279093494609125,5.251708420093584,29.99764974279795
6.586623321579893,4.967370281578347,30.04575171875178
6.538045730379847,4.684151269129939,30.07247617099993
6.482428896542349,4.403739630671741,30.078003361345814
6.420068218566231,4.127760710549886,30.06269261807951
6.351298993325741,3.857755806945859,30.02707074541519
6.276492697734344,3.595163440128959,29.971817643692557
6.196052820006183,3.3413034248426534,29.89774963804694
6.110410338151277,3.0973640283292694,29.805801066746398
6.020018948856617,2.8643923779047893,29.697004707876143
5.925350151728062,2.6432881649157594,29.572471624716854
5.826888292123693,2.43480058118964,29.43337098776013
5.725125660795671,2.2395283247273956,29.28091038788443
5.620557740713623,2.0579224272596175,29.11631709480534
5.513678681310003,1.890291589993326,28.94082064214051
5.404977068570503,1.7368096666986776,28.755637040131163
5.294932046514348,1.5975249052624187,28.56195483393963
5.18400983227679,1.4723705489228736,28.360923143760022
5.072660653776173,1.361176404690011,28.153641746346132
4.961316126303588,1.2636810064217934,27.941153188791866
4.850387072707134,1.1795440307973064,27.724436866460586
4.740261781449839,1.108358663005069,27.50440494898266
4.631304687896496,1.0496636524474026,27.28190000159665
4.523855456833023,1.0029548444943202,27.057694123523625
4.418228438462862,0.9676960200099163,26.832489409750615
4.314712465909273,0.9433289181533381,26.60691953640706
4.213570959476595,0.9292823584059569,26.381552271469076
4.1150423014444755,0.924980413913436,26.156892720339716
4.019340444818544,0.9298496194716578,25.93338712844893
3.926655720058138,0.943325223588741,25.711427078995857
3.837155805164056,0.9648565150622922,25.491353942056698
3.750986826461003,0.9939112706775991,25.273463450415345
3.6682745597875006,1.0299793823674728,25.05801029674102
3.5891257044649,1.0725757299832024,24.845212665428054
3.513629205230449,1.1212423702627219,24.63525662999845
3.441857600181417,1.1755501142110676,24.428300363081437
3.373868375602307,1.2350995644751692,24.224478120400537
3.309705311268493,1.299521681906135,24.02390397280956
3.249399802387622,1.368477946811104,23.826675271208597
3.1929721467203267,1.4416601757975203,23.632875838195908
3.1404327875926423,1.5187900499378384,23.442578887677524
3.091783505462998,1.5996184045046147,23.25584967950369
3.0470185524342464,1.6839243249610985,23.072747920689476
3.006125725610052,1.7715140884067675,22.8933299280731
2.9690873764939534,1.862219984392773,22.717650569536772
2.935881354730918,1.95589904402362,22.545765002320557
2.906481885409699,2.052431701602499,22.3777302276482
2.8808603798954833,2.151720408787599,22.213606480989203
2.8589861807622468,2.2536882173153128,22.0534584769222
2.8408272418588387,2.358277342808809,21.897356526843488
2.8263507448873377,2.465447719011789,21.74537754676815
2.8155236541110713,2.57517554894517,21.597605971271566
2.8083132109560944,2.687451856952296,21.454134588274286
2.8046873703359805,2.8022810433473304,21.315065307928418
2.804615180526321,2.9196794413825575,21.180509877353217
2.808067108352008,3.0396738744750817,21.050590551415407
2.8150153113357,3.1623002100554616,20.92544072817156
2.825433858297293,3.2876019049963614,20.805205555993304
2.839298899698265,3.415628536327796,20.690042517783166
2.856588788797151,3.5464343098300373,20.58012199605507
2.877284154428138,3.680076538102896,20.47562782099118
2.9013679259383807,3.816614078832265,20.376757801882928
2.9288253105251973,3.9561057232076355,20.283724240604187
2.9596437229056707,4.098608523788786,20.196754423930585
2.9938126669321643,4.244176050582366,20.11609108959207
3.03132356844167,4.392856563681747,20.041992858905388
3.0721695582988726,4.5446910905645765,19.974734626659057
3.116345204266844,4.699711396056928,19.914607896595513
3.1638461900205463,4.857937833092972,19.86192104833496
3.2146689393127192,5.019377062764852,19.81699951889749
3.2688101830162832,5.184019632817326,19.780185879092205
3.3262664665103143,5.3518374047531525,19.75183978194838
3.3870335946575993,5.522780821145061,19.732337757065356
3.4511060114522234,5.6967760066747655,19.72207282126619
3.5184761113088996,5.873721698925154,19.72145387227885
3.5891334789373874,6.0534860081338255,19.73090482837751
3.6630640548132805,6.235903009078324,19.75086347305446
3.7402492234412317,6.420769173116357,19.781779959942483
3.8206648219314854,6.607839654262517,19.824114929479496
3.9042800669014164,6.796824450161845,19.878337185344748
3.991056398399229,6.9873844670302345,19.94492087568125
4.080946240458159,7.179127527171188,20.024342121776602
4.17389167905955,7.371604368625766,20.117075035476624
4.269823059746536,7.5643046989143645,20.22358706647712
4.368657508921571,7.756653378685695,20.344333622156086
4.470297385014495,7.948006826338677,20.479751906203497
4.5746286682542205,8.13764975118366,20.630253928460053
4.681519300742104,8.324792340214216,20.79621864761522
4.790817491926267,8.508568041696096,20.977983221292895
4.902350008419362,8.688032107020538,21.175833355133992
5.015920471377398,8.862161069913183,21.38999276431265
5.131307689333472,9.029853358237759,21.620611787981737
5.248264059400601,9.189931247171105,21.86775522980871
5.366514075033716,9.341144372116807,22.13138953623953
5.485752983946209,9.48217502381674,22.411369468376005
5.605645645142324,9.611645444969671,22.707424473004274
5.7258256391371445,9.728127335387745,23.019145012586694
5.845894690024663,9.830153749364362,23.34596917163837
5.965422461804853,9.916233532587652,23.687169915977336
6.083946793928337,9.984868394906469,24.041843439335572
6.2009744419576815,10.034572648219687,24.40889908553209
6.3159823881455415,10.063895554999188,24.78705137995255
6.428419783151151,10.071446132609376,25.174814736968138
6.5377105736348975,10.055920142895426,25.57050142523653
6.643256860712714,10.016128868070568,25.97222336544252
6.744443020933449,9.951029136874341,26.37789829999402
6.840640604411676,9.859753925090093,26.785260807127056
6.931214004032029,9.741642719238387,27.19187852955057
7.015526865488219,9.596270710514903,27.595173848633685
7.09294918083902,9.423475787835056,27.9924510599285
7.162864979048901,9.223382234727083,28.380928898029023
7.224680496719247,8.996420015062082,28.757778025023818
7.2778326822695325,8.743338566278352,29.120162847004718
7.321797858789797,8.465214112607574,29.46528677023275
7.35610034640433,8.16344966823162,29.790439768169296
7.380320826059148,7.839767120364776,30.093046919810934
7.394104214888317,7.496191059048245,30.370716416111645
7.397166820213116,7.135024342787678,30.621285431003695
7.389302545890352,6.758815740891318,30.842862229992477
7.370387941740382,6.3703203541570605,31.033862951306272
7.340385914112882,5.972453862357378,31.193041645026234
7.2993479525602165,5.568241955878847,31.319512390615344
7.247414772659775,5.160766557312291,31.41276262190923
7.184815326199351,4.753110607733211,31.472657153547274
7.111864184645366,4.348303268368466,31.499432801427425
7.02895735715706,3.9492673648446517,31.49368389619601
6.936566657387687,3.5587707795813683,31.456339376229103
6.835232781053498,3.1793832871870698,31.388632489776107
6.725557296237505,2.8134400438287908,31.292064413559494
6.608193778665243,2.4630126055839514,31.168363291566894
6.483838343472804,2.129887986929296,31.019440304421163
6.3532198327764995,1.8155559036915796,30.847344395346493
6.217089914903952,1.5212039983304126,30.654217209141507
6.076213337406746,1.2477205391943675,30.442249657415406
5.931358553460375,0.995703834324677,30.213641322657345
5.783288911886304,0.7654774137451548,29.97056367397512
5.6327545669420696,0.5571099154707462,29.71512780762749
5.48048522739793,0.37043855789887703,29.44935716375778
5.327183827312958,0.20509508865694062,29.175165422562436
5.173521165153278,0.06053315802575657,28.89433956073036
5.020131524939452,-0.06394383749452384,28.608527860865454
4.867609264066433,-0.16915527097501676,28.319232517512482
4.716506328015189,-0.2560168488226132,28.02780637469672
4.567330632710055,-0.3255157646767772,27.735453260074248
4.42054524078845,-0.3786878422301956,27.443231346239124
4.276568248297891,-0.416596932193692,27.152058965389582
4.135773292883143,-0.44031670954578556,26.862722323610107
3.998490592810275,-0.45091491543751966,26.57588459949651
3.865008427562841,-0.44944000485540425,26.2920959630262
3.7355749745902935,-0.4369100962565694,26.011804109331436
3.610400422464888,-0.41430407177521056,25.735364964020903
3.489659287637685,-0.3825546444881545,25.463053278423033
3.3734928696739095,-0.34254319046590787,25.195072891957132
3.262011787869715,-0.29509613561698067,24.93156649293164
3.155298550165114,-0.24098268837534256,24.67262475727295
3.0534101130089004,-0.18091371695174635,24.418294786427765
2.956380398110081,-0.11554158226798071,24.168587800834263
2.8642227386987393,-0.045460753190017925,23.923486074136083
2.7769322339420768,0.028790952072216047,23.682949116164668
2.694487995485981,0.10673063659126748,23.446919130231574
2.6168552747191396,0.18792822775374407,23.215325783119717
2.5439874633101778,0.2720041159779779,22.98809033502918
2.475827962890212,0.3586266164178341,22.765129182289055
2.4123119224960403,0.4475093263363696,22.546356868517805
2.3533678446112503,0.5384084377066967,22.33168862066612
2.2989190624041136,0.6311200529941448,22.121042465505123
2.2488850921218146,0.7254775419592873,21.91434098005501
2.203182865616939,0.8213489686147767,21.711512726542274
2.161727848706874,0.9186346100596973,21.512493419020295
2.124435051547459,1.0172645826762265,21.317226865023613
2.091219937481322,1.1171965859710877,21.12566572173473
2.061999236936015,1.2184137700453532,20.93777210226407
2.036691672929295,1.3209227291528567,20.75351806388249
2.015218604616002,1.4247516209406197,20.57288600647415
1.9975045951057406,1.529948408645545,20.39586900614417
1.9834779095119348,1.6365792216526336,20.22247110584817
1.9730709488761558,1.7447268283148376,20.05270758212283
1.9662206252593162,1.8544892137179187,19.886605204488333
1.9628686829130741,1.9659782540799162,19.72420250185678
1.9629619700480794,2.079318478647778,19.565550048300427
1.9664526653060703,2.1946459092451804,19.41071077878946
1.9732984626242436,2.312106966994479,19.25976034397795
1.9834627177553505,2.4318574351471285,19.112787511772098
1.9969145592771038,2.554061466381025,18.969894622229482
2.0136289664902214,2.6788906223348223,18.831198101282236
2.0335868161655593,2.806522932526807,18.696829037821338
2.056774899656397,2.9371419591312633,18.566933827791654
2.083185911440643,3.0709358533430646,18.441674888096426
2.1128184096977156,3.208096388238893,18.321231442261684
2.145676749053951,3.3488179521309673,18.205800378930626
2.181770985146261,3.493296485399064,18.09559718330834
2.221116750153845,3.641728342674467,17.990856940618826
2.2637350979294637,3.794309061034191,17.891835409426882
2.3096523168226057,3.951232013548189,17.798810161271163
2.3588997077243734,4.112686926114041,17.712081781402404
2.4115133242760636,4.278858234026456,17.631975123468102
2.4675336715685754,4.449923253183874,17.55884060867385
2.5270053590170343,4.626050139261624,17.493055557218383
2.589976702424372,4.807395606621786,17.435025536576156
2.6564992695502947,4.994102377238964,17.38518570741527
2.7266273627809547,5.186296328569954,17.344002143513066
2.800417431754625,5.384083308174865,17.311973096887627
2.877927408047232,5.587545582122179,17.28963017342107
2.9592159532694806,5.796737883922585,17.277539377431886
3.0443416111890738,6.01168303111039,17.27630197588782
3.133361853786713,6.232367077837758,17.286555124177827
3.2263320105082447,6.458733974218059,17.308972185540977
3.3233040694195393,6.690679706948486,17.344262665369335
3.4243253385454078,6.928045901306146,17.39317166968849
3.52943695542823,7.170612872345774,17.456478784256085
3.638672232935756,7.418092123482774,17.53499625706079
3.7520548296521667,7.6701183041239265,17.629566352800943
3.8695967338863198,7.92624065515351,17.74105773354285
3.9912960515243356,8.185913992467789,17.87036070571921
4.11713458975264,8.448489304956533,18.018381160624564
4.247075231208757,8.71320407491387,18.186033024504237
4.38105909651991,8.979172466311887,18.374229026369534
4.519002497613669,9.24537557005138,18.583869588233405
4.6607936897868,9.510651945372953,18.815829645275457
4.806289437454384,9.773688752924693,19.07094321455023
4.9553114169184935,10.033013836977007,19.349985552586215
5.107642489520249,10.286989180831254,19.653652777185087
5.263022890259578,10.533806228755525,19.982538879705725
5.421146390414457,10.771483637092826,20.33711012394366
5.581656507814808,10.997868082782945,20.717676919090565
5.744142855063852,11.210638814503575,21.1243633694632
5.9081377338470435,11.407316673785715,21.55707484423889
6.073113102045204,11.585278333331198,22.01546407661986
6.238478058983784,11.74177648872661,22.498896492223604
6.403577011876068,11.873966688289205,23.006415677285496
6.5676887021684625,11.978941383986164,23.53671012176175
6.730026282622994,12.053771624691858,24.088082600459575
6.88973864288506,12.095556583349168,24.658423772844095
7.0459131810989835,12.101480806476221,25.24519177111069
7.197580209860301,12.068878696808286,25.845399684651255
7.343719164468741,11.995305292591427,26.455612912438262
7.483266748312421,11.878611902721333,27.071958316922448
7.6151271029446885,11.717024617149656,27.69014694843065
7.738184028370838,11.509223168143347,28.30551179622561
7.851315202564013,11.254417111016032,28.913061547250177
7.953408259817574,10.952415871799392,29.507550693374842
8.043378488177028,10.603688927816323,30.083565535038357
8.120187801366207,10.209412299183159,30.635624713861162
8.182864536300716,9.771497682666087,31.158291918832003
8.230523530691677,9.29260098841596,31.646297418184012
8.262385854423405,8.776107758568788,32.094664154967035
8.277797511547767,8.226093941240606,32.4988333994303
8.276246404438552,7.647261719968262,32.8547844650016
8.257376863904444,7.0448514819740655,33.15914284348846
8.221001102446532,6.42453244666176,33.40927135142253
8.167107042772988,5.792275848223674,33.60333952117541
8.09586210693651,5.154215747435443,33.74036749470077
8.007612716151478,4.516503421554661,33.820242019360144
7.902879437313573,3.8851617565437673,33.84370370147637
7.782347906890479,3.2659460892171177,33.812306314025875
7.646855852360278,2.6642175109499338,33.72835053799998
7.497376702117967,2.0848337896962676,33.59479590527566
7.335000414745316,1.5320618765343479,33.41515578904947
7.160912258598987,1.0095145519619408,33.193380976156924
6.976370327399876,0.5201122676059677,32.93373761769914
6.782682585606059,0.06606978282598164,32.640685199428574
6.581184201522657,-0.351094100660809,32.31875965108837
6.373215852457153,-0.7305264505362035,31.97246590509232
6.160103583367352,-1.071993250614498,31.60618321848943
5.943140678347897,-1.3758194935238228,31.224085491659977
5.723571873191745,-1.6428203451233596,30.830077748763124
5.502580106642292,-1.8742272537876663,30.42774896807494
5.281275885829394,-2.071612514605929,30.020340622374004
5.060689233816334,-2.2368152898483644,29.610729643968558
4.841764098106394,-2.3718714971353307,29.201424076975158
4.625355030249142,-2.4789493632605626,28.794569413603888
4.41222589844385,-2.5602918514226425,28.39196351039695
4.203050365947855,-2.6181666369032577,27.99507801514876
3.998413855862322,-2.654823852521141,27.605084372583786
3.7988167246108184,-2.672461460668289,27.222882684090006
3.6046783790524453,-2.673197834364133,26.849131944322462
3.416342092649948,-2.659050939731849,26.484280440514617
3.2340803016784943,-2.631923396407052,26.128595359590406
3.058100190735928,-2.593592638127975,25.782190889876034
2.8885494058700107,-2.5457053899808746,25.44505431956377
2.725521761994484,-2.4897757088965737,25.117069818450638
2.5690628378677522,-2.42718588875629,24.7980397414953
2.419175376069031,-2.359189601352205,24.48770341340634
2.275824426746394,-2.286916721822332,24.185753445361584
2.138942192289332,-2.2113793662185106,23.89184970153339
2.008432545534097,-2.133478745384103,23.605631078222427
1.884175206806551,-2.054012510517457,23.326725285965857
1.7660295752868307,-1.9736823300065895,23.054756838638323
1.653838218128028,-1.8931014935363295,22.789353456581814
1.5474300267780974,-1.8128023879262696,22.53015108600794
1.4466230543369665,-1.7332437299341696,22.27679772667094
1.3512270508088324,-1.654817474917567,22.028956246019153
1.2610457150370404,-1.5778553475111035,21.78630634219636
1.175878683160596,-1.502634962144287,21.548545801525126
1.0955232738014495,-1.4293855180965176,21.315391179304303
1.0197760100445106,-1.358293066629268,21.086578016488165
0.9484339377442972,-1.289505357252646,20.8618606894837
0.8812957588943888,-1.2231362770018805,20.641011976151646
0.8181627978175008,-1.1592699012635561,20.42382240825541
0.7588398168450691,-1.097964177665943,20.21009946911442
0.7031356970097387,-1.0392542662209745,19.99966668506845
0.6508639981128173,-0.9831555595968645,19.79236265048927
0.6018434113815267,-0.9296664073689618,19.588040018401518
0.5558981168190121,-0.8787705675486939,19.386564482196924
0.512858056287981,-0.8304394077886049,19.187813768338792
0.4725591323656834,-0.7846338775308639,18.99167665524997
0.434843342068787,-0.7413062711023944,18.798052029653565
0.39955885367365157,-0.7004018004327169,18.6068479883928
0.3665600340504605,-0.6618599947320932,18.417980991103953
0.3357074331869839,-0.6256159431537982,18.231375066970855
0.3068677318967604,-0.5916013951997291,18.046961077076777
0.27991365808386576,-0.5597457324286069,17.86467603252269
0.2547238763684916,-0.5299768238995624,17.684462467441854
0.23118285536044997,-0.5022217767349153,17.506267865257744
0.209180716397589,-0.4764075922149986,17.33004413596147
0.1886130671392114,-0.4524617369231101,17.155747141787486
0.16938082301734175,-0.4303126376367609,16.98333626840997
0.15139001919771866,-0.40989010790803326,16.812774038638693
0.1345516153845461,-0.39112571358632164,16.644025765539254
0.11878129551542008,-0.3739530839061068,16.477059241918045
0.10399926413277427,-0.3583081741858529,16.31184446318118
0.09013004098321545,-0.3441294856570003,16.14835338068489
0.07710225518400898,-0.331358247460004,15.986559682831581
0.0648484401046886,-0.31993856540344223,15.826438601321735
0.05330482993944467,-0.30981754167874875,15.66796674013956
0.04241115879089887,-0.30094536935380856,15.511121925024451
0.03211046294655765,-0.29327540513055433,15.355883071355736
0.02234888690424429,-0.2867642235421554,15.202230068551883
0.013075493590852298,-0.2813716554820528,15.050143679254363
0.004242079118665145,-0.27706081369785135,14.899605451729041
-0.00419700766583035,-0.2737981076460579,14.750597644072826
-0.012285040665237177,-0.27155324988716484,14.603103158959664
-0.020063086941895007,-0.27029925600311633,14.457105487797245
-0.027570172013731645,-0.2700124398393891,14.312588663294008
-0.03484344004850137,-0.27067240571054607,14.16953721955519
-0.041918309018362715,-0.2722620390600477,14.02793615893705
-0.048828620919613264,-0.2747674969313115,13.887770924990553
-0.05560678719996421,-0.278178199486548,13.749027380920134
-0.06228392956856172,-0.2824868237018999,13.611691793070358
-0.06889001639256187,-0.28768930027106415,13.47575081903397
-0.07545399490891694,-0.2937848146641291,13.341191500049746
-0.0820039195015733,-0.3007758132131144,13.208001257428348
-0.08856707631291955,-0.30866801502999186,13.076167892809812
-0.09517010447443172,-0.3174704305061853,12.94567959211814
-0.10183911425538433,-0.32719538709410384,12.816524933137346
-0.10859980244054591,-0.33785856303061207,12.688692896690075
-0.1154775652582479,-0.3494790296289576,12.562172881455155
-0.1224976091893692,-0.3620793027390674,12.436954722515107
-0.12968505999586014,-0.37568540395581423,12.31302871377918
-0.13706507031465875,-0.390326932140387,12.190385634482904
-0.1446629261694306,-0.40603714581083566,12.069016780022071
-0.15250415275867277,-0.4228530569537669,11.948913997438316
-0.16061461988452558,-0.44081553680962177,11.830069725935854
-0.16902064739227846,-0.45996943418853864,11.712477042875333
-0.17774911099616625,-0.48036370688206714,11.596129715762052
-0.18682754887274328,-0.5020515667475012,11.481022260822963
-0.19628426940898602,-0.5250906390558736,11.367150008850965
-0.20614846049839264,-0.5495431367111996,11.25450917908706
-0.21645030078477684,-0.5754760499668233,11.143096962012294
-0.22722107326023824,-0.602961352284106,11.032911612033269
-0.2384932816309543,-0.6320762229985126,10.92395255116894
-0.250300769871981,-0.6629032874776393,10.816220484983889
-0.2626788454001508,-0.6955308754739723,10.709717532166113
-0.27566440630236544,-0.7300532983911611,10.60444736931755
-0.2892960730650293,-0.7665711461951003,10.500415392715075
-0.30361432525893145,-0.8051916047087414,10.397628899011115
-0.3186616436424258,-0.8460287940306106,10.296097287078682
-0.3344826581540713,-0.8892041288095192,10.195832283468642
-0.35112430227373476,-0.934846701089576,10.096848194240414
-0.36863597423821,-0.9830936864075551,9.999162186254539
-0.38706970560329035,-1.034090773775647,9.902794601380556
-0.40648033764846103,-1.0879926201127004,9.807769307480475
-0.4269257061223882,-1.1449633295915869,9.714114090481495
-0.4484668348264642,-1.2051769582437812,9.621861092356381
-0.4711681385289837,-1.2688180439980667,9.531047300391512
-0.4950976356930562,-1.336082162120695,9.441715093746822
-0.5203271714858854,-1.407176505760133,9.35391285400493
-0.5469326515141129,-1.482320490969793,9.267695647175117
-0.5749942866977833,-1.561746385173982,9.183125985468564
-0.6045968496520693,-1.645699957540451,9.100274678101337
-0.6358299428887207,-1.7344411491093592,9.01922178141834
-0.6687882790753399,-1.8282447597819773,8.940057659771977
-0.703571973496539,-1.9274011483679905,8.862884169840488
-0.7402868487426826,-2.0322169407984343,8.78781598243885
-0.7790447515043551,-2.1430157402975585,8.714982057365114
-0.8199638811681512,-2.260138831730788,8.644527288440164
-0.8631691296850303,-2.383945870460106,8.57661433764021
-0.9087924319082826,-2.5148155437873876,8.51142567908602
-0.9569731252646558,-2.6531461903861766,8.449165875633552
-1.0078583172183015,-2.7993563599386033,8.390064112893196
-1.0616032584999107,-2.9538852914203253,8.334377017666485
-1.1183717194875231,-3.1171932840133834,8.282391789995888
-1.1783363664232989,-3.2897619293609726,8.2344296802261
-1.241679133311429,-3.472094167679879,8.190849844606248
-1.3085915843424825,-3.6647141229692615,8.15205361492919
-1.379275260501286,-3.868166664034276,8.118489219383285
-1.4539420026072756,-4.083016628097356,8.090656993021435
-1.532814241371978,-4.309847632198889,8.069115116820567
-1.6161252430967854,-4.54926038417715,8.05448592394014
-1.7041192973291963,-4.8018703895375525,8.047462810143628
-1.797051830095447,-5.068304932741366,8.048817781983038
-1.8951894231748245,-5.349199191137072,8.059409670711855
-1.998809716213692,-5.645191316717369,8.08019303129972
-2.1082011642288023,-5.956916294948384,8.11222773352412
-2.2236626181503896,-6.284998360996485,8.156689234871116
-2.3455026904357723,-6.630041721801847,8.214879501627248
-2.4740388613767546,-6.992619297822585,8.288238513572852
-2.6095962744701295,-7.373259161359812,8.378356247293384
-2.75250616107682,-7.7724283099895946,8.486984981202323
-2.903103825544203,-8.190513375077797,8.616051699488041
-3.0617261120302106,-8.62779782859753,8.767670289616754
-3.2287082635272304,-9.084435219325648,8.944153125731933
-3.404380072201183,-9.560417945894072,9.148021505095759
-3.5890612084119695,-10.055541064448287,9.382014253413965
-3.783055604093059,-10.569360639896013,9.649093634519875
-3.986644755167148,-11.101146191096824,9.952447488179068
-4.200079798245039,-11.649826863506895,10.295486275688077
-4.423572210202894,-12.213931102210497,10.681833437555873
-4.657282976963122,-12.791519811408277,11.115307165191027
-4.901310081996477,-13.380113293747817,11.599891368210699
-5.155674178349017,-13.976612687408656,12.139693296377605
-5.420302333620806,-14.577217185184951,12.738884974746409
-5.69500977916773,-15.177339052179166,13.401625368264497
-5.979479657358073,-15.771519377846737,14.131960057820898
-6.273240848972733,-16.35334861642479,14.93369525009732
-6.575644081996295,-16.91539728454811,15.810243243176824
-6.885836678072849,-17.44916366926247,16.764437131232604
-7.202736487808537,-17.945046991404272,17.798313671875317
-7.525005802916409,-18.392356057700713,18.912864982560826
-7.851026310559938,-18.779364847461107,20.107762193370245
-8.178876466666972,-19.093427471018558,21.381057446566757
-8.50631299679752,-19.321165184153326,22.728874718208353
-8.830758562418195,-19.448737252282353,24.145104756218622
-9.14929792311412,-19.46220499313573,25.62112473884458
-9.458685135214768,-19.34799385922003,27.145568608685313
-9.755364396934926,-19.093451618600497,28.70417874172277
-10.035507013584892,-18.68749143419966,30.279772735652493
-10.295066546203335,-18.121297161873688,31.85235952183815
-10.529853464673446,-17.389055215689663,33.39943552846992
-10.735629517203932,-16.488664212495266,34.8964832062885
-10.908220558062672,-15.422362240868933,36.3176802764149
-11.04364480854686,-14.197204400223491,37.63680876214811
-11.13825159629716,-12.825322753522496,38.82832950123069
-11.18886373101392,-11.32390916851967,39.868562922542864
-11.192915094139092,-9.7148797886363,40.73689405920689
-11.148574034974008,-8.024207526660376,41.41690336485456
-11.054843039724599,-6.2809434360374325,41.897319048035705
-10.911626051613984,-4.515984548591093,42.17269429582317
-10.719756806523298,-2.760678909332322,42.24373469935587
-10.480984469607568,-1.0453820482038274,42.11723541765171
-10.197916396965455,0.6019117909843392,41.8056293935955
-9.873921551326962,2.156747962662736,41.326190638431484
-9.513001465907271,3.599106915725015,40.69997313015401
-9.119638214458302,4.9139594985977535,39.950590305199974
-8.69863028306662,6.091465077155016,39.10294907387085
-8.254927422259971,7.12683437108266,38.18204555724831
-7.793474568459692,8.019910409558026,37.211910096838274
-7.319073019119161,8.774541294655803,36.21476131768773
-6.8362645897059116,9.397826356183952,35.21039862006223
-6.349241861329215,9.89931398910766,34.21583435847175
-5.861785185816109,10.290217834255493,33.24514462710619
-5.377225095213961,10.58270154442652,32.30950271623853
-4.898427296024747,10.78926456694697,31.41735200587765
-4.427796540135596,10.922244834175032,30.574674205231215
-3.9672952989062766,10.993440669314307,29.785312684306163
-3.518473219859659,11.013844318300013,29.051317302601344
-3.082503693714869,10.993473291162687,28.37328496675891
-2.6602243841685422,10.941282636545209,27.750677896823674
-2.25217917354713,10.865140648558466,27.182108449217264
-1.858659578883962,10.771851546507158,26.665584929861655
-1.4797442451222285,10.667210691202149,26.198717029970723
-1.1153355970324972,10.556080366879586,25.77888242335289
-0.7651931181151347,10.442476682181987,25.403357877136195
-0.42896302410622106,10.329660485305661,25.069419185431997
-0.10620431882386461,10.22022721772815,24.774414569580003
0.20358862727269583,10.116192299298767,24.515816101185365
0.500966737433478,10.019069949067942,24.29125335720792
0.7865098337825119,9.92994433557183,24.098533031480866
1.0608128688361915,9.849532666078554,23.93564768985446
1.3244744627534624,9.778240318726091,23.8007763229979
1.5780874384326413,9.716208443833318,23.692278855696113
1.8222310685946617,9.663354654079463,23.608686332083217
2.0574647761592058,9.619407523485972,23.54868811953751
2.284323058579009,9.583935650626229,23.511117159813068
2.5033114363404256,9.556372034032268,23.494934040201567
2.714903254271181,9.536034473533153,23.49921045382672
2.91953719084904,9.522142661840709,23.523112459538826
3.11761535497879,9.513832574095817,23.565883831321578
3.309501871552301,9.510168704562492,23.626829698185347
3.4955218765426066,9.510154642428308,23.70530061246877
3.6759608595191775,9.51274242447878,23.800677142363195
3.8510643064679657,9.516841051952776,23.912355059130277
4.02103760883251,9.521324512129206,24.039731177394017
4.186046215931412,9.525039601643282,24.18218990511178
4.346216017502767,9.526813807396394,24.33909056587122
4.501633951199576,9.525463461272263,24.509755567867234
4.652348836501757,9.519802345728289,24.693459509370303
4.798372441778553,9.50865088776775,24.889419327945358
4.939680795158229,9.490846038010554,25.096785618449484
5.076215752443799,9.465251888950798,25.314635261302634
5.207886836539009,9.43077104165096,25.54196551608501
5.3345733626923675,9.386356683011764,25.777689744586432
5.456126862301949,9.331025286662934,26.020634930479808
5.572373815032779,9.263869800122889,26.269541158368813
5.683118694585482,9.184073130267144,26.523063201785902
5.788147327655932,9.090921689832209,26.779774346758657
5.88723055852122,8.983818721558508,27.038172544140387
5.980128203412339,8.862297075866719,27.296688939796727
6.066593269585971,8.7260310851258,27.553698777302852
6.146376404052165,8.574847155168978,27.807534604042043
6.21923052658567,8.408732685239631,28.05650164023047
6.284915591345289,8.227842933231214,28.298895093887573
6.343203411601866,8.032505465671216,28.533019126290746
6.393882473223947,7.82322187243711,28.757207095763402
6.436762655200342,7.600666484832356,28.969842636948947
6.4716797700893025,7.365681911486687,29.169381072421476
6.498499834331224,7.119271297521327,29.354370607892072
6.5171229782269275,6.862587315321048,29.523472735288166
6.5274869083397515,6.5969180057959464,29.675481262762958
6.529569841263437,6.323669702034353,29.809339409317566
6.523392837086565,6.044347376998164,29.92415444494954
6.509021473283913,5.760532857435564,30.019209424339774
6.486566814808462,5.473861431741101,30.093971650762434
6.4561856533164415,5.18599744499171,30.148097613374727
6.4180800070667,4.898609515808114,30.181434260265892
6.372495892328942,4.613346024418604,30.19401659562158
6.319721396291632,4.331811508356483,30.18606171557036
6.260084099653578,4.055544562353504,30.157959517155284
6.193947913534576,3.7859977746247657,30.11026042228599
6.1217094093672815,3.5245201467791705,30.043660548230967
6.043793731489638,3.2723423440942874,29.958984824209082
5.960650189867777,3.0305650126746184,29.857168597432242
5.872747634551982,2.800150286170846,29.739238290639975
5.780569714100548,2.5819164932180767,29.606291667428575
5.684610117474074,2.3765359729268907,29.45947823360462
5.585367893137659,2.1845358141056908,29.299980255630988
5.4833429307667,2.006301257752427,29.12899481504983
5.379031680576271,1.8420814438336448,28.94771724508618
5.272923173473992,1.6919971433311938,28.757326217081147
5.165495392569708,1.5560500946965061,28.558970664375565
5.057212033633512,1.4341335589468593,28.353758653679435
4.948519679392912,1.3260437176489919,28.142748242064076
4.839845400540594,1.23149156043108,27.92694029396865
4.731594785337308,1.1501149406406672,27.70727317867453
4.624150389996409,1.0814905164673205,27.484619225444526
4.517870593790536,1.0251453375492745,27.25978278112508
4.413088836103299,0.9805678813286479,27.03349969306258
4.310113207460059,0.9472183871201713,26.806438027833284
4.209226362849862,0.924538377338647,26.57919983236171
4.110685723284526,0.9119592933421584,26.352323747151694
4.014723930386254,0.9089102070512537,26.12628829015376
3.9215495186862044,0.9148245984265939,25.901515642840433
3.8313477710784163,0.9291462128699313,25.67837578604845
3.7442817243321618,0.9513340317491052,25.457190850904816
3.66049329355467,0.9808664038208489,25.238239568683902
3.5801044868626555,1.0172443957516926,25.021761721927657
3.5032186841293265,1.0599944267139647,24.807962516963045
3.4299219564068655,1.1086702556950472,24.59701681460079
3.360284405385511,1.1628543912408351,24.389073170979017
3.2943615049611705,1.2221589923731178,24.184257654035434
3.232195429583529,1.286226326848928,23.98267741286924
3.173816356501491,1.354728849189553,23.78442398729106
3.1192437312821326,1.4273689563622447,23.58957635321997
3.068487488034536,1.5038784739545612,23.39820370638137
3.021549217612137,1.5840179203890223,23.2103679921261
2.9784232786954434,1.6675755913813646,23.026126193285187
2.9390978480760213,1.7543665015992485,22.84553239095588
2.903555907681718,1.8442312154393068,22.668639615142194
2.871776166914446,1.9370345940840294,22.49550150339797
2.8437339197295333,2.0326644815730535,22.326173786181783
2.819401836584839,2.1310303485502344,22.160715617656752
2.7987506919438006,2.2320619086351567,21.99919077026539
2.781750028444541,2.335707719009073,21.841668710675275
2.768368759161477,2.4419337737848137,21.68822557370644
2.758575709600177,2.550722096025798,21.538945049682248
2.7523401011929454,2.662069331864923,21.3939191993458
2.7496319781131047,2.775985348021993,21.253249209094818
2.750422579210371,2.8924918321004043,21.117046097840817
2.754684656797072,3.0116208933328723,20.985431385314314
2.762392743893146,3.133413659916837,20.858537730130706
2.7735233713738565,3.2579188677100075,20.7365095444071
2.7880552362639413,3.3851914338256783,20.619503590179363
2.8059693221907933,3.515291007559739,20.507689561305906
2.8272489727518617,3.648280490084334,20.401250652950704
2.8518799182718357,3.784224513448653,20.30038411910021
2.87985025612714,3.923187868631539,20.205301816870573
2.9111503845022724,4.065233871694507,20.116230734585002
2.9457728891180395,4.210422656493429,20.033413498725903
2.9837123821393012,4.358809381934393,19.95710885287091
3.024965292133154,4.510442341421836,19.887592099584825
3.0695296036118145,4.665360961969447,19.825155493938666
3.1174045443625436,4.823593680458362,19.770108574842283
3.168590218445418,4.985155684772311,19.722778417690055
3.223087182435225,5.150046508064032,19.683509788915124
3.2808959622040894,5.31824746526882,19.652665179916838
3.3420165072960315,5.489718922246835,19.630624694465695
3.4064475797445555,5.66439738968344,19.61778576010668
3.474186074042722,5.842192436194287,19.614562630293598
3.545226264907269,6.022983418067617,19.6213856400277
3.6195589795020795,6.206616026838362,19.638700173695767
3.6971706909221678,6.392898660543534,19.666965299681454
3.7780425300108087,6.581598630178817,19.70665202226261
3.862149213015849,6.772438219687577,19.75824109744275
3.949457883216001,6.965090625889242,19.82222035587197
4.039926865496199,7.159175814209157,19.89908147311057
4.133504333957587,7.354256337004387,19.989316125445807
4.230126894048992,7.5498331737593185,20.093411468611777
4.329718082440301,7.745341666479037,20.211844877464685
4.432186789961463,7.940147639206555,20.345077887370365
4.537425615438816,8.133543807622877,20.49354928326501
4.645309161204338,8.32474660294649,20.65766729060238
4.755692284456603,8.512893553494711,20.837800834290075
4.868408322527746,8.697041386813998,21.034269847854727
4.9832673144563335,8.876165034559808,21.247334636065514
5.100054246059438,9.049157740432927,21.47718432064928
5.218527350890643,9.214832487355062,21.723924431016354
5.3384165049845755,9.371924972348129,21.98756374039757
5.459421759005482,9.519098364684172,22.268000492552197
5.5812120571758435,9.654950082987941,22.565008215009378
5.7034241979502065,9.778020818110837,22.878221371005317
5.825662096555026,9.886806008652002,23.207121162716007
5.947496413917935,9.979769942874617,23.55102186129481
6.068464619786635,10.055362612492585,23.90905810215159
6.188071559567813,10.112039378757819,24.28017364366044
6.305790594143513,10.14828342839868,24.663112140113046
6.421065379171168,10.162630896008409,25.056410520606903
6.533312344676285,10.153698411326992,25.458395589477384
6.6419239266758066,10.120212696749089,25.867184465331036
6.746272589778005,10.061041696190497,26.280689449213586
6.84571566297038,9.975226566802787,26.696627852917686
6.939600990085352,9.86201371740981,27.11253722188891
7.0272733719050855,9.72088594112087,27.525796251245747
7.108081748981559,9.551591574895868,27.93365151798694
7.181387043758988,9.354170537252882,28.333249940279504
7.246570548563805,9.128976058189401,28.72167663189011
7.303042713852573,8.876690933116635,29.095997555989403
7.350252160430495,8.598337213420994,29.453306110851695
7.38769471202021,8.295278395069781,29.790772516533753
7.414922222511697,7.969213383930505,30.105694634708343
7.431550957354261,7.622161797346299,30.395548662525698
7.4372692825540225,7.2564404954487065,30.65803801392222
7.431844418940863,6.8746316065278625,30.891138653757814
7.415128034568474,6.479542697495329,31.093139192592723
7.38706047445628,6.074160118583681,31.262674187740608
7.347673463780102,5.661596894948126,31.398749327138283
7.297091166715142,5.245036821631398,31.5007574865432
7.2355295363626295,4.827676620595694,31.56848503027999
7.1632939488896215,4.41266812297771,31.602108147780466
7.080775174112264,4.00306243753217,31.602179454940504
6.988443792014861,3.601757956972765,31.56960551167209
6.886843216963598,3.2114538457429465,31.505616286902836
6.7765815358269785,2.834610361563724,31.411727915375273
6.658322400599081,2.4734170109447065,31.289700318595887
6.5327752389094496,2.1297691516006236,31.141491394309888
6.400685056290185,1.8052532595610282,30.96920951214849
6.26282210238831,1.5011407015870302,30.775065992639917
6.119971660364272,1.218389516692421,30.561329104360457
5.972924196054117,0.957653431304511,30.33028090645128
5.822466073111628,0.7192971219531963,30.084178010899496
5.669371004576876,0.5034166020491141,29.825217061681094
5.514392372501042,0.30986354409443195,29.555505445933083
5.358256507648844,0.13827234940159955,29.277037483114455
5.201656982901427,-0.011911165751244401,28.9916760954434
5.045249938441847,-0.14140049770364913,28.70113975650392
4.889650425357482,-0.2510394949366459,28.40699435041553
4.735429727748659,-0.34177445735391576,28.11064945317939
4.583113602195581,-0.4146278857960545,27.81335846939221
4.433181357555832,-0.47067431759439604,27.51622201766587
4.286065687301326,-0.5110185394569933,27.220193951386815
4.142153160498577,-0.5367763398948331,26.92608942159753
4.001785275486775,-0.5490578529391371,26.634594429253795
3.865259981633997,-0.5489534544612495,26.346276368648436
3.7328335785511397,-0.5375221019116905,26.061595126768864
3.604722908137255,-0.5157819565745972,25.78091436998888
3.4811077621958995,-0.48470309257471733,25.50451271594431
3.362133436552781,-0.44520207653203436,25.232594551805644
3.2479133711602364,-0.3981381934162798,24.965300318412275
3.138531824222941,-0.34431109531667564,24.70271613160849
3.0340465366367524,-0.28445965818241625,24.44488265699156
2.9344913507921775,-0.2192618450312232,24.191803192014433
2.8398787549174753,-0.14933539089131337,23.94345094021626
2.7502023305432117,-0.07523914337455928,23.6997754867746
2.6654390863256787,0.0025250878823535328,23.460708503232286
2.5855516663723788,0.08351030050574941,23.226168722879343
2.51049042539638,0.1673217966405052,22.99606623761687
2.4401953665337035,0.2536145002909598,22.77030617292496
2.3745979405464213,0.34209017124222874,22.548791800480668
2.3136227074672955,0.43249457806229386,22.33142714863699
2.2571888635851454,0.5246146803481224,22.118119169917236
2.2052116380880347,0.6182758596568417,21.908779522359612
2.157603564735099,0.7133392293634802,21.70332601834866
2.1142756346739504,0.8096990458866757,21.50168379080657
2.075138337010332,0.9072802371827443,21.303786222539873
2.0401025940155044,1.0060360589800046,21.10957568034037
2.0090805979644393,1.1059458847640233,20.91900409127295
1.9819865565684267,1.2070131318918074,20.732033394555
1.958737353828128,1.3092633232801654,20.548635898619562
1.939253132911689,1.41274228176342,20.368794569406425
1.923457807377241,1.5175144523438233,20.192503272671427
1.9112795067262385,1.6236613460722504,20.0197669901564
1.9026509619066188,1.7312800981167775,19.850602026820948
1.8975098359929234,1.8404821316333002,19.685036223992856
1.8957990048621347,1.9513919182860575,19.52310919123036
1.8974667922648525,2.0641458256261696,19.364872567885886
1.902467163265692,2.1788910409800533,19.210390323792204
1.9107598795971228,2.2957845609903447,19.059739107132266
1.9223106200389195,2.4149922354587128,18.913008646374333
1.9370910685015132,2.5366878536363062,18.770302212125927
1.955078972055557,2.6610522605710107,18.63173714385322
1.9762581707110207,2.7882724905318845,18.49744544559652
2.0006186003056468,2.9185409038735712,18.367574454056378
2.0281562694126847,3.0520543129629916,18.24228758169624
2.058873210719194,3.189013081955259,18.121765136773515
2.0927774068562757,3.3296201842658126,18.00620522143649
2.1298826901785617,3.4740802005336695,17.895824708172565
2.170208615489215,3.622598238701586,17.790860293924926
2.213780304185586,3.7753787565508037,17.69156963006654
2.2606282577565424,3.932624265622784,17.5982325250868
2.3107881379925295,4.094533893944225,17.51115221525599
2.36430051067108,4.261301783356851,17.430656696630777
2.4212105488516533,4.433115295559355,17.35710010948961
2.4815676912528843,4.610152999223745,17.290864163573556
2.54542525049201,4.792582408791857,17.23235958928388
2.6128399652410055,4.980557443843107,17.182027596175068
2.6838714895990687,5.174215576321942,17.140341315597837
2.758581812200755,5.373674631513176,17.107807199105157
2.8370345967801276,5.5790292075703585,17.084966338145872
2.9192944351038346,5.790346677779952,17.072395663547653
3.005426002384118,6.007662739759813,17.070708975249826
3.095493104505389,6.230976476660529,17.08055774361361
3.189557605670043,6.460244897423231,17.102631613355854
3.287678224422639,6.69537692655804,17.13765852969297
3.389909185486701,6.936226819107834,17.186404393653508
3.496298714495335,7.182586983875381,17.2496721397841
3.606887362576736,7.43418020809996,17.328300114771004
3.7217061479424327,7.69065129011275,17.42315962006043
3.8407745022075424,7.951558103670754,17.535151465740768
3.9640980102514387,8.216362139299402,17.665201367257364
4.091665934122878,8.484418594716681,17.81425400166381
4.223448513940692,8.754966118907877,17.98326552699558
4.359394042089708,9.027116353255177,18.17319435817065
4.499425711424672,9.299843458768924,18.384989987065257
4.643438243844999,9.571973871187907,18.6195796349007
4.791294312665286,9.842176585484799,18.877852533977283
4.942820780849871,10.108954337672458,19.160641655620317
5.097804787554549,10.370636123722772,19.46870273479321
5.255989727639595,10.625371571098448,19.80269049226028
5.417071182943361,10.871127755142494,20.16313202563815
5.580692880109335,11.105689126531392,20.55039743426655
5.746442767501996,11.326661282046766,20.964667862295297
5.913849322938339,11.531479362510645,21.40590129171397
6.082378224125509,11.717421890855322,21.87379659300144
6.251429534127403,11.881630860577802,22.367756544589724
6.420335573920915,12.02113883976559,22.886850759897985
6.588359671896255,12.132903757369055,23.4297797056189
6.754695994460438,12.213851875508743,23.9948412467432
6.918470670891887,12.260929214714768,24.57990139768009
7.078744427206574,12.271161381221328,25.182371175402146
7.234516935827016,12.241721344401602,25.799191616074854
7.384733068084254,12.170004232180347,26.42682910381159
7.528291203007137,12.053707665225582,27.06128313969455
7.66405369687369,11.890915559343739,27.698108522094977
7.790859552747792,11.680182723270123,28.33245359039204
7.907539247863462,11.420617010440694,28.959115685962406
8.012931580740778,11.111955302318442,29.57261430155155
8.105902292388109,10.754629267571875,30.167281534193307
8.185364101643621,10.349816716947656,30.737368459189327
8.250297680102742,9.899474513065327,31.277164956732378
8.29977298509162,9.4063494383347,31.781129423258843
8.332970278688911,8.873964190771991,32.24402377859248
8.349200096051403,8.306576754593337,32.66104833936508
8.347921395807662,7.709112733179361,33.02797057034452
8.328757135928813,7.087071753893749,33.34124153592109
8.29150657446776,6.446410643745658,33.598094114992705
8.236153696546097,5.793407597101671,33.796617736186136
8.162871313562764,5.134512869728922,33.935805512788946
8.072020560247749,4.476192505895865,34.01557113579535
7.964145718617193,3.8247721335354607,34.03673460382958
7.839964511064741,3.1862878859256725,34.00097768391111
7.700354212310569,2.566351018664899,33.910771746548924
7.546334116501199,1.9700318341281484,33.769282147851875
7.379045048030007,1.4017671970387897,33.580254510778104
7.19972671250027,0.8652943552029089,33.347888998608326
7.00969374178135,0.3636121181757087,33.07670893745554
6.81031129307318,-0.10103115781004396,32.77142994397311
6.6029710195466835,-0.5271247479435175,32.43683510818352
6.389068146521978,-0.9138610021357135,32.077660862758115
6.169980272062247,-1.261082945617858,31.698497051939594
5.947048375531844,-1.5692183587100899,31.303703512461233
5.721560373504587,-1.839204746826181,30.897344302426404
5.494737419894664,-2.07240940845211,30.483139649420117
5.26772301504426,-2.270548379170937,30.06443479766628
5.0415748732178045,-2.4356074475721408,29.644184250152314
4.8172594035941065,-2.56976777621977,29.224949434563772
4.5956485881996905,-2.67533798133728,28.808907560367658
4.377518991113582,-2.7546938792247797,28.397869352595084
4.163552605003431,-2.8102265317689064,27.993303411359026
3.9543392309002603,-2.844298739535461,27.596365117275475
3.750380091787189,-2.8592097480864362,27.207928245201266
3.55209239659098,-2.8571676505777384,26.82861772957458
3.3598145951759184,-2.8402687794580297,26.458842317404805
3.1738120939369,-2.81048326983658,26.0988261292363
2.9942832330236957,-2.769645932310201,25.74863841002779
2.821365358063679,-2.719451578879181,25.408220982162227
2.655140849955393,-2.661453988094506,25.07741310756479
2.4956430048138962,-2.5970677625064025,24.75597362444848
2.3428616817942873,-2.527572412637778,24.443600348258727
2.1967486589613254,-2.4541180890462027,24.139946819240844
2.0572226565210996,-2.37773247155664,23.844636544837986
1.9241740026787675,-2.299328408228499,23.557274928273284
1.7974689303515494,-2.2197119733457384,23.27745909952321
1.6769535032406309,-2.1395906821583397,23.004785875463796
1.5624571776786618,-2.059581659629585,22.738858075809695
1.4537960125594143,-1.9802196110760961,22.479289413580563
1.350775543850349,-1.9019644847834152,22.225708165699015
1.2531933429913362,-1.8252087511650508,21.977759812928852
1.1608412801666446,-1.7502842506749456,21.735108820234267
1.0735075142413968,-1.677468584398456,21.497439709929832
0.9909782312822012,-1.606991037936112,21.264457561527976
0.9130391532056518,-1.5390380417019518,21.035888054548092
0.8394768373584237,-1.4737581798479693,20.811477154099144
0.7700797868422319,-1.4112667663703098,20.590990523999654
0.7046393902458556,-1.351650011129336,20.37421273865342
0.6429507082045999,-1.2949688010119318,20.160946352870205
0.584813122928104,-1.2412621226841218,19.95101087826437
0.5300308655597372,-1.1905501536542367,19.744241705698332
0.478413434983318,-1.1428370479552834,19.540489005357013
0.42977592049515995,-1.0981134418682175,19.33961662932606
0.38393923962425863,-1.056358703907239,19.14150103587993
0.3407303013183137,-1.0175429518975652,18.946030249945643
0.29998210372183737,-0.9816288584877351,18.75310287028014
0.2615337748555502,-0.9485732649199574,18.56262713067691
0.22523056366228494,-0.9183286213812568,18.374520019903123
0.19092378811097868,-0.890844270808006,18.188706462973883
0.15847074634340913,-0.8660675916380127,18.00511856471615
0.1277345962039665,-0.8439450137101506,17.82369491529268
0.09858420790654297,-0.8244229203076741,17.644379956384306
0.07089399406011646,-0.8074484482293858,17.46712340601468
0.04454372079143139,-0.7929701967510943,17.291879739499606
0.019418303265155618,-0.7809388554046068,17.11860772367421
-0.004592411494937252,-0.7713077596478499,16.94727000136221
-0.02759387193952463,-0.7640333827219092,16.777832722974804
-0.049687057262996166,-0.7590757712828589,16.61026522213826
-0.07096871868359206,-0.7563989317522649,16.444539732330025
-0.09153162507565224,-0.7559711737444453,16.280631141636725
-0.11146481153571602,-0.757765416395536,16.11851678292079
-0.13085382968151063,-0.7617594629341099,15.95817625688485
-0.14978099867908862,-0.7679362483909098,15.799591285746212
-0.16832565617044326,-0.7762840649419542,15.642745595470808
-0.1865644084335886,-0.7867967690110528,15.487624824762161
-0.2045713792509125,-0.7994739739211121,15.33421645925222
-0.22241845709101848,-0.8143212315753801,15.182509789594901
-0.24017554032554933,-0.8313502063670364,15.032495892417987
-0.25791078030679393,-0.8505788442556057,14.884167633343948
-0.27569082222525826,-0.8720315397090214,14.737519691544852
-0.2935810437497712,-0.8957393029883952,14.592548605551292
-0.3116457915269299,-0.9217399300463305,14.44925284029077
-0.3299486156825119,-0.950078177116652,14.307632875588675
-0.3485525025255361,-0.9808059418914103,14.167691316626087
-0.36752010570651233,-1.01398245300757,14.029433027115207
-0.38691397612554407,-1.049674469398442,13.892865286227194
-0.406796790923731,-1.0879564909010195,13.757997970590846
-0.42723158192304966,-1.1289109813470823,13.62484376297657
-0.44828196390577063,-1.172628605200111,13.493418389590916
-0.4700123631446008,-1.2192084786282584,13.36374088823572
-0.49248824660911056,-1.268758435721977,13.235833909935423
-0.5157763522824965,-1.3213953103690366,13.10972405700986
-0.5399449210250927,-1.3772452340846615,12.985442260970814
-0.5650639304168797,-1.4364439498547066,12.863024204052605
-0.5912053310000146,-1.4991371417787385,12.742510788653364
-0.6184432853233763,-1.5654807799901842,12.623948659468027
-0.6468544101633805,-1.6356414799738268,12.507390783640224
-0.6765180222576939,-1.7097968749870394,12.392897094851493
-0.7075163878395743,-1.7881359998089374,12.280535207906265
-0.7399349761986551,-1.8708596834779896,12.17038121106271
-0.7738627174170352,-1.9581809480184909,12.062520544105736
-0.8093922643350788,-2.0503254093822156,11.957048970960956
-0.8466202586864929,-2.1475316759234744,11.854073656508582
-0.8856476012036024,-2.25005173866054,11.753714358173575
-0.9265797253273106,-2.3581513463274013,11.656104743841126
-0.9695268739573133,-2.472110356756518,11.561393848670319
-1.0146043784412895,-2.5922230544207343,11.469747684446252
-1.0619329387206728,-2.7187984219609085,11.381351016210907
-1.11163890321788,-2.8521603511897142,11.29640932202902
-1.163854546657035,-2.9926477763401493,11.21515095285471
-1.2187183435475284,-3.140614709161613,11.137829510536529
-1.276375234515951,-3.296430151792133,11.064726462991867
-1.3369768820342365,-3.460477859080378,10.99615401644254
-1.4006819113456208,-3.633155917115931,10.932458265261934
-1.4676561315187302,-3.814876099064428,10.87402264035134
-1.5380727305451012,-4.006062952902396,10.821271676925589
-1.61211243721582,-4.207152568206831,10.774675122003394
-1.6899636411455503,-4.418590960675539,10.734752400588068
-1.7718224607314499,-4.640832003435417,10.702077457268548
-1.8578927470125688,-4.874334823342136,10.677283986497544
-1.9483860093024559,-5.119560568303973,10.66107105978055
-2.043521246072501,-5.376968438115527,10.654209151033344
-2.143524661833792,-5.647010856341217,10.657546551950514
-2.248629247669015,-5.930127644476284,10.672016156793115
-2.3590741995732327,-6.226739042046197,10.698642579862982
-2.4751041448474216,-6.537237397706538,10.738549548280018
-2.596968142433195,-6.861977337148066,10.792967486586369
-2.7249184182746413,-7.201264194271562,10.863241177107225
-2.8592087915545488,-7.555340473515036,10.950837339714475
-3.000092742013363,-7.924370094575887,11.057351925367952
-3.1478210625902387,-8.308420157691831,11.184516858171921
-3.3026390354432866,-8.707439960290834,11.334205889282519
-3.464783063188713,-9.121236997023441,11.508439141506045
-3.634476681203755,-9.549449688585934,11.709385824717156
-3.8119258714252204,-9.991516614907546,11.939364488584925
-3.9973135937296904,-10.44664208086203,12.200840050490486
-4.19079344834366,-10.913757924504306,12.496416693972165
-4.392482382628479,-11.391481596981624,12.828825579100657
-4.602452359059074,-11.878070708948222,13.200906145577434
-4.820720909555748,-12.371374460695092,13.615579629676352
-5.0472405160899285,-12.868782662955393,14.075813268805756
-5.281886780495893,-13.367173422817343,14.58457354860994
-5.524445379765536,-13.862861023164852,15.14476677906959
-5.774597849067516,-14.351546069968496,15.759165296576443
-6.0319062956945455,-14.828270619024606,16.430317714275013
-6.295797225394447,-15.287381712583443,17.160441926143832
-6.565544760010117,-15.722507533535548,17.95130006057868
-6.84025364321588,-16.126551179121858,18.804055329483134
-7.11884256929306,-16.49170780303555,19.71911178074326
-7.400028526305334,-16.80951148213382,20.695939378421745
-7.682313014980189,-17.07091850899333,21.732888629448002
-7.963971179800583,-17.26643374116191,22.827001137546578
-8.243045056641423,-17.386285974590486,23.97382493309661
-8.517342284179895,-17.42065686381907,25.167246070327664
-8.78444172156907,-17.35996550917693,26.399350582868337
-9.041707435197306,-17.19520734347619,27.66033313007779
-9.286312432445673,-16.91834134314613,28.938470139649695
-9.515273299766687,-16.522713973974902,30.220175473765373
-9.725496519992934,-16.003501970675487,31.490155110190173
-9.913836683513411,-15.358149589384936,32.73167358632332
-10.077166070689557,-14.58677015149335,33.92693871836139
-10.212454193113672,-13.692477501360797,35.057602383693535
-10.316854892361086,-12.681611502883683,36.10536435258547
-10.387797590676763,-11.563823885716024,37.052654165825096
-10.423078379527942,-10.351997291668834,37.883354243157356
-10.420945946892168,-9.061981383768535,38.583517492283036
-10.380177009998459,-7.712144743576775,39.14202649908015
-10.300136042005809,-6.322758567885575,39.55114050973991
-10.180814717782201,-4.915245754670178,39.8068818387423
-10.02284764888884,-3.511344312406914,39.9092250835615
-9.827502548794381,-2.1322446682608884,39.86206952358636
-9.596644812378377,-0.797764498576153,39.672995227470366
-9.33267840296431,0.4743787095414951,39.352823900563266
-9.038466689589136,1.6691476427849834,38.91502342218399
-8.717238259617913,2.774583922875923,38.37500783426897
-8.372483594143098,3.782010809908683,37.74939066465613
-8.007848762021545,4.6860440896489965,37.05524852342125
-7.62703197647143,5.4844319869635925,36.3094447145663
-7.233688057568379,6.177757152188215,35.52805088604709
-6.831344701275682,6.769040619441517,34.725890695843205
-6.423333141654165,7.2632891614303166,33.916215291201354
-6.012734472561631,7.667024484472174,33.11050787840901
-5.602341703850617,7.987826525643953,32.31840497542732
-5.19463665696578,8.233915188824797,31.547715588995654
-4.791780101592062,8.413786521261894,30.804516456403533
-4.395613102906443,8.535911619076975,30.093301143523234
-4.0076673612469405,8.6085001187778,29.41716248250734
-3.629182336846198,8.639325286276009,28.777990808129104
-3.261127108152532,8.63560447345685,28.176674032735598
-2.9042251607042506,8.603926900119175,27.61328925397151
-2.5589805988795478,8.55022005774324,27.08727895158993
-2.225704579180864,8.479746211598298,26.597607689634874
-1.9045410554574893,8.39712120830015,26.142897513004066
-1.5954911875447602,8.306348832742252,25.72154191698542
-1.2984359869361497,8.210865114301601,25.331799434182436
-1.013156953899017,8.113588126612418,24.971868612357735
-0.739354601483674,8.016969875927684,24.639946543918658
-0.4766648671613333,7.923047786350813,24.33427324280224
-0.22467348755596894,7.833494049917031,24.05316412516828
0.01707153856822108,7.749661717923106,23.795032699637158
0.24904924394886765,7.6726268802798145,23.558405359129868
0.47175657303879603,7.603226630690144,23.341929924774924
0.6857006747683365,7.542092767544288,23.14437934692049
0.8913924375516151,7.489681353329677,22.96465173444999
1.0893411050249568,7.446298366876605,22.801767670285784
1.2800498228805064,7.412121748134738,22.654865582496114
1.4640119806381333,7.387220166954167,22.52319577797984
1.6417082262276144,7.371568855541524,22.406113608480368
1.8136040451070317,7.365062836648099,22.30307212469902
1.9801478088532638,7.367527861998301,22.213614480982155
2.141769210447615,7.3787293523121535,22.137366277698348
2.298878014703551,7.398379604617894,22.074027968311448
2.451863062400981,7.426143506545131,22.023367410803207
2.6010914757253056,7.461642972373601,21.985212606293043
2.7469080206247547,7.504460292694697,21.95944463953358
2.889634588786853,7.554140569145309,21.945990814822874
3.029569768197607,7.610193388045264,21.944817965446248
3.1669884767930365,7.672093871970021,21.955925903977377
3.302141638648346,7.739283236248294,21.97934097379164
3.4352558865763445,7.811168967931552,22.01510965833081
3.566533279017001,7.887124737720922,22.063292203528796
3.6961510227781185,7.9664901503976,22.12395621002191
3.824261196606703,8.048570436194117,22.19717015509513
3.950990473794325,8.132636183946886,22.28299680961711
4.076439845098902,8.217923216439047,22.38148652241703
4.200684346239106,8.303632708700617,22.492670353627414
4.323772797112951,8.388931650770983,22.616553049454716
4.445727562722691,8.472953757101262,22.753105863644603
4.566544348554048,8.554800924896242,22.902259245564355
4.686192045844314,8.633545342744586,23.06389543127461
4.804612644751322,8.708232348303643,23.23784099208792
4.921721235857892,8.777884129006644,23.423859414707962
5.037406122652355,8.841504352147739,23.621643807797202
5.151529069537216,8.898083799684029,23.830809851288894
5.263925711441621,8.946607068119265,24.05088912634851
5.37440615214195,8.986060374417926,24.281322984845406
5.48275577881023,9.015440484672375,24.521457136594858
5.588736319986094,9.033764753005235,24.77053714938748
5.692087172976668,9.040082223948032,25.02770506970691
5.79252702450581,9.03348571258415,25.291997379705734
5.88975578514816,9.013124733695593,25.562344507064985
5.983456853604583,8.978219104998537,25.83757209741979
6.073299721146402,8.928073001685677,26.116404242815264
6.1589429195625796,8.86208919172025,26.397468833102234
6.2400373077273095,8.779783135847042,26.67930515956999
6.316229682570901,8.680796595636725,26.960373851188695
6.387166689962876,8.564910359840782,27.23906916393402
6.452499000059213,8.432055676787794,27.513733573823608
6.51188570036107,8.282323971305683,27.78267454631454
6.564998848489409,8.115974431228999,28.044183271196424
6.611528115971597,7.933439072944098,28.296555066438337
6.651185444680771,7.735324938878174,28.53811107064513
6.683709629506693,7.522413142612216,28.767220766372105
6.708870734899859,7.295654558501906,28.982324810292432
6.726474249607921,7.056162050174019,29.18195759578423
6.736364883624904,6.805199242606449,29.36476894314195
6.7384299143943505,6.544165961097577,29.52954430575018
6.732601995795447,6.274580581718101,29.675222899462888
6.718861353373127,5.998059655600727,29.800913207940805
6.697237302439955,5.716295277207996,29.90590538801382
6.667809041682997,5.431030758304042,29.98968019375647
6.630705693181628,5.144035239235887,30.051914151777687
6.586105579563256,4.857077912964681,30.092480847727195
6.534234749565298,4.571902552278132,30.111448318679425
6.475364783646683,4.290203015753608,30.109072680779853
6.4098099306098915,4.01360036420864,30.085788249201112
6.337923643617854,3.7436221492786186,30.042194521429142
6.260094598787677,3.4816843437092384,29.979040489541696
6.176742291135324,3.22907627449671,29.897206818193656
6.088312310636165,2.9869488014950423,29.797686469871575
5.995271405361931,2.756305862168718,29.68156437676668
5.898102439066135,2.5379993842235566,29.54999675019793
5.797299347420858,2.3327274576664587,29.404190586280325
5.693362190728226,2.141035561183507,29.24538387409793
5.586792391841884,1.9633205580934303,29.074826944487416
5.47808823682943,1.799837116674778,28.893765318609574
5.367740703224791,1.6507061691719764,28.703424330794128
5.256229667203207,1.515925002811462,28.504995714419472
5.144020527271454,1.395378573215878,28.299626257005606
5.031561268649787,1.2888516434091841,28.088408554674924
4.919279979892568,1.1960413773501493,27.87237382922831
4.807582821816296,1.1165700525461344,27.652486714963242
4.696852438738191,1.0499975986883854,27.429641877853363
4.587446793536698,0.9958337154900144,27.204662296895517
4.479698401195297,0.9535493703909189,26.978299015776766
4.373913930271166,0.922587523324325,26.75123216151901
4.270374138062761,0.9023729695810804,26.524073024105444
4.16933410300831,0.8923212316896211,26.29736699578625
4.0710237168687495,0.8918464663213591,26.071597179249604
3.9756483993523277,0.9003683820946289,25.847188488619107
3.8833899988345966,0.9173181886766848,25.624512084903934
3.794407844529859,0.9421436169257642,25.403890006851455
3.708839917701736,0.9743130643212107,25.185599878090308
3.6268041121003205,1.0133189300777055,24.969879591162332
3.5483995566396422,1.0586802106847393,24.756931887875457
3.4737079762609953,1.1099444297404462,24.54692877289887
3.4027950698653786,1.166688976440912,24.34001571335784
3.3357118870626445,1.2285219254922293,24.136315591195256
3.272496188215532,1.2950824080344532,23.93593238718712
3.2131737748100995,1.3660405988466793,23.738954585752424
3.157759779531197,1.4410973800194125,23.5454582981703
3.1062599075458435,1.519983735749073,23.355510108638725
3.0586716223919406,1.6024599271837694,23.16916965293713
3.0149852715356955,1.6883144905275627,22.98649194346073
2.9751851481054516,1.7773630960411662,22.807529457252734
2.939250486543523,1.86944730026674,22.63233400554153
2.90715639095522,1.9644332188240716,22.46095840435488
2.878874695791285,2.062210142516968,22.293457966178423
2.8543747591930555,2.1626891152713115,22.1298918324836
2.8336241898754033,2.2658014886016207,21.970324166384884
2.8165895088371897,2.3714974638598627,21.814825223796607
2.80323674748787,2.479744630438495,21.663472320328058
2.7935319839763886,2.5905265053530964,21.516350709849085
2.78744181961769,2.7038410771891432,21.373554389231018
2.7849337973448334,2.819699355231782,21.23518684226028
2.785976764081442,2.9381239226764158,21.101361734165042
2.790541178839291,3.059147491112623,20.972203566609075
2.798599368207491,3.1828114519576802,20.84784830140391
2.8101257307199967,3.3091644191651426,20.728443959575596
2.825096891373351,3.4382607563283814,20.61415120079463
2.843491807322002,3.570159080222384,20.505143886531027
2.865291825509013,3.704920731867393,20.401609628620204
2.8904806926997644,3.842608205347493,20.303750323205787
2.9190445180791964,3.9832835238732267,20.211782668245394
2.9509716882530173,4.127006551941983,20.125938660906115
2.986252734163686,4.273833231931105,20.04646606921721
3.0248801490967088,4.423813733069976,19.973628870267177
3.0668481566159067,4.576990500498943,19.907707645009154
3.112152426932398,4.733396192061722,19.8489999173521
3.1607897398862774,4.893051490628507,19.797820422646154
3.2127575924085443,5.055962780151976,19.75450128790283
3.268053748040847,5.2221196743691785,19.719392103112483
3.326675725830697,5.391492388139673,19.692859859826758
3.3886202256999662,5.564028942924697,19.67528872976474
3.453882487216708,5.739652199944267,19.66707965259084
3.5224555785985348,5.918256717189456,19.668649698225956
3.5943296127562623,6.099705429816009,19.68043116513412
3.6694908872680547,6.28382615761173,19.70287037203756
3.747920945378365,6.470407948329492,19.736426096542512
3.829595555466899,6.659197271830026,19.781567610323954
3.9144836069577926,6.849894087303808,19.83877225697249
4.002545921368173,7.042147814453706,19.908522515544245
4.093733978160739,7.235553249521154,19.991302490512936
4.187988556301552,7.429646478507516,20.087593767491366
4.285238293967731,7.62390085292347,20.19787057411001
4.385398170736403,7.817723107887883,20.32259418721252
4.4883679188509475,8.01044971832195,20.462206531506947
4.5940303728350775,8.201343606185052,20.617122921504727
4.702249769835577,8.389591329905826,20.78772390853839
4.812870016637684,8.574300905969894,20.974346208453646
4.9257129433176505,8.754500431466733,21.17727270380883
5.040576567962123,8.929137694518056,21.396721537646297
5.157233401758801,9.097080975944134,21.632834344620782
5.275428828984361,9.257121259082842,21.885663699851012
5.3948796018873155,9.407976073936364,22.155159906488198
5.515272496048787,9.54829520513649,22.44115728958655
5.6362631773214185,9.67666848875044,22.74336021598112
5.757475336664289,9.791635908714198,23.061329116644217
5.878500153825786,9.89170017764532,23.39446684797796
5.998896154540372,9.975341946987594,23.742005789657046
6.118189528313788,10.041037736144428,24.10299613622057
6.235874974548707,10.087280598170015,24.476295894165187
6.351417143257347,10.112603450082982,24.860563141657327
6.464252732462116,10.11560488925581,25.254251139398956
6.573793297165927,10.09497719512427,25.655606893463755
6.679428814104677,10.049536080612238,26.062673758732625
6.780532032099903,9.97825161477697,26.473298629797558
6.876463619580215,9.880279593588787,26.88514419048306
6.966578098800472,9.754992497511404,27.29570658034417
7.0502305307618,9.60200905217932,27.702338685411988
7.126783886404326,9.421221312575451,28.102279072321124
7.195617009189459,9.212818132708286,28.49268636400503
7.256133042895024,8.977303872433058,28.87067860894783
7.307768167781164,8.71551123982402,29.233376935507064
7.35000045994245,8.428607277827322,29.577952522195243
7.382358664478996,8.118091680510888,29.901675670660342
7.404430654959953,7.785786865095312,30.201965558520282
7.415871341264014,7.433819523793224,30.47643909230404
7.41640978673989,7.064593721506297,30.72295719300727
7.405855304782882,6.680755973739206,30.939666841232405
7.384102324851572,6.285153111725718,31.125037293500846
7.351133848457796,5.880784094293812,31.277889057609258
7.307023355832877,5.4707472335951985,31.39741447714352
7.251935072165747,5.0581845415824285,31.483189110469468
7.186122556248248,4.646225057352124,31.535173478150654
7.109925631281364,4.237929069718989,31.553705170229588
7.023765734434493,3.836235099794254,31.539481723690766
6.928139815395285,3.4439113582946304,31.493535072885557
6.823612961682266,3.0635131531313715,31.417198716177634
6.710809967425739,2.697347412651287,31.312069009615772
6.590406090782506,2.347445131788074,31.179962178543917
6.4631172620126724,2.0155421680091172,31.022868723701617
6.329690009192566,1.7030684371092946,30.842906890248344
6.190891362030068,1.4111452091976167,30.64227677405928
6.047498977445095,1.1405899021090269,30.423216473180602
5.900291705185013,0.8919275269893822,30.18796147111568
5.750040779839144,0.6654077669488307,29.93870818229574
5.597501789452434,0.46102656649767193,29.67758231842456
5.443407532763792,0.2785510736975561,29.406612465549873
5.288461838991805,0.11754680106258741,29.12770901102262
5.133334387853928,-0.022594055235718752,28.842648338629544
4.978656534561239,-0.14262408743672073,28.553062026836223
4.8250181159013,-0.24341275332003026,28.260430643118834
4.6729651898246605,-0.3259197232351912,27.96608162724354
4.5229986424328645,-0.39117001009834484,27.671190695757552
4.375573582856928,-0.4402312492667754,27.376786174553622
4.231099437893217,-0.4741933610060177,27.08375567056169
4.08994065392624,-0.49415071029176305,26.79285452122402
3.9524179129996995,-0.5011867793092476,26.50471550521989
3.818809772230431,-0.49636128798915463,26.219859354124686
3.6893546404238435,-0.4806996367485871,25.93870566721214
3.5642530121086704,-0.45518450186795634,25.661583896185135
3.4436698866893716,-0.4207493856150514,25.388744129904804
3.327737308520239,-0.3782739079963646,25.1203674687149
3.216556972024741,-0.32858062245234465,24.85657583206296
3.1102028441904284,-0.2724331415741027,24.597441090822116
3.0087237646174922,-0.21053536885271287,24.34299345659614
2.912145990613386,-0.14353164668843948,24.093229094354584
2.8204756614943314,-0.0720076477895525,23.84811695231674
2.733701162215815,0.0035081446195435323,23.607604824613254
2.651795371687927,0.08254250369876967,23.37162467855736
2.5747177856482524,0.16467519064482522,23.140097290064546
2.5024165077981495,0.24953645139156264,22.91293623858598
2.434830106105952,0.3368043625885167,22.69005131755272
2.371889333800429,0.4262020965100449,22.471351418396175
2.3135187166817173,0.5174951615483079,22.25674694627977
2.259638010027715,0.6104886635268109,22.046151824237313
2.2101635296326876,0.7050246231800025,21.839485139882903
2.165009362439107,0.8009793766796224,21.63667248558053
2.1240884628663226,0.8982610789260848,21.437647039221044
2.0873136413481155,0.9968073233263014,21.24235042877272
2.054598451807461,1.0965828868075462,21.05073341972274
2.025857984857464,1.1975776047327087,20.862756460540645
2.001009573453721,1.2998043770553804,20.678390117465582
1.979973417561771,1.4032973043634682,20.497615426311974
1.962673134165822,1.5081099502986848,20.32042418564461
1.9490362386498077,1.61431372510946,20.14681921261636
1.9389945632435972,1.7219963837114096,19.976814579998077
1.9324846178576316,1.8312606305184318,19.810435850457512
1.9294478982374557,1.9422228224048748,19.64772032195059
1.9298311459624782,2.0550117604103026,19.488717296157063
1.933586564395913,2.169767560156441,19.333488380201082
1.9406719942687287,2.28664059037118,19.18210783042088
1.9510510521518023,2.405790468373275,19.034662945663584
1.9646932346384465,2.5273851008348514,18.89125451645271
1.9815739906243386,2.651599757582615,18.751997335377546
2.001674763633087,2.7786161656018282,18.617020773155485
2.024983005692149,2.9086216097519952,18.48646942398901
2.0514921638139447,3.041808025974642,18.36050382304649
2.0812016396787656,3.178371071959033,18.239301238107156
2.1141167226471738,3.3185091593208798,18.12305653659077
2.150248495747385,3.4624224303343047,18.011983128304642
2.1896137137849925,3.6103116611333754,17.906313983246278
2.232234652205444,3.7623770720645044,17.80630272265637
2.278138924801216,3.918817024526565,17.712224780179064
2.327359267792976,4.079826582188075,17.62437862840475
2.379933287224829,4.245595912932231,17.543087064191138
2.4359031659960513,4.416308506269971,17.46869854392216
2.4953153262042687,4.5921391793065185,17.40158855720732
2.558220041797336,4.773251842686582,17.342161024377113
2.6246709958240135,4.9597969963296284,17.29084969941841
2.694724775839182,5.151908923267538,17.248119555638638
2.7684403002620326,5.349702548600088,17.214468126266212
2.8458781677121743,5.5532699296002095,17.19042676630314
2.9270999205688155,5.762676342469163,17.176561795160726
3.012167213225826,5.9779559313326045,17.17347547185217
3.1011408747690297,6.199106885989612,17.18180674571834
3.194079855105647,6.426086116928215,17.202231715773202
3.291040042960324,6.658803399499823,17.235463720748015
3.392072943656509,6.897114964249594,17.282252969800076
3.4972242042743016,7.140816517633211,17.343385610697272
3.606531973675069,7.389635687171637,17.419682118227787
3.720025085079966,7.643223898017371,17.511994870841455
3.837721049468088,7.901147704490168,17.621204768448113
3.9596238491187505,8.162879620985702,17.748216729368416
4.085721522274759,8.427788522382958,17.893953890322134
4.215983532278005,8.695129715279126,18.059350320929717
4.350357917768039,8.964034818613214,18.2453420546268
4.488768224793394,9.233501635938294,18.452856232563555
4.631110227127741,9.502384252015041,18.682798157707694
4.77724844787436,9.769383643488508,18.93603606504666
4.927012503742785,10.033039156733958,19.21338343287164
5.08019330333252,10.291721274528825,19.515578692300615
5.236539142468409,10.54362616533381,19.84326224036387
5.3957517531543715,10.786772582075292,20.196950729143477
5.557482378021999,11.019001747788964,20.577008692558145
5.7213279591150075,11.237980928473931,20.98361768599987
5.886827548195775,11.441211442851756,21.416743254040664
6.0534590650354545,11.626041886889892,21.876100208565383
6.220636549691088,11.789687349103747,22.361116892986484
6.387708073673468,11.929255350916582,22.870899324389274
6.553954491990762,12.041779154265141,23.404196338325004
6.718589231858993,12.124258925870052,23.959367100738323
6.880759322679324,12.173711025002213,24.53435258436715
7.039547873749011,12.187225382554352,25.126652814792358
7.193978199013171,12.162030561304286,25.733311851931038
7.343019769881904,12.095565633917742,26.35091256054928
7.485596145802979,11.985557497731842,26.975583210721407
7.620594986360844,11.830101684262676,27.603017808717407
7.746880187297899,11.627744147590263,28.228511766462546
7.86330610610667,11.377560970543161,28.84701405639728
7.968733752039765,11.07923246122986,29.45319636235604
8.062048713315468,10.733107781326487,30.04153893533745
8.142180485355798,10.340256109345283,30.606431923767268
8.208122754075482,9.90250044951043,31.14228991960052
8.25895408493853,9.422430589814443,31.643676413023204
8.293858380084808,8.9033924106869,32.10543386499095
8.312144401002872,8.349451740228368,32.522814283906634
8.313263621179637,7.765332202543537,32.8916046264074
8.296825678620554,7.156327938301341,33.208241117201126
8.262610746410978,6.528193587322602,33.4699067600604
8.210578231638326,5.887015386477801,33.67460691735242
8.140871346283511,5.239068518851267,33.82121885199424
8.053817261460544,4.590666825942049,33.90951249133762
7.9499227483949895,3.9480115616652034,33.94014128366811
7.829865412793096,3.3170459616254933,33.91460374008152
7.694480829258067,2.703322008268932,33.835177937156466
7.544746064628393,2.111884928019771,33.70483275146427
7.381760230530134,1.5471797432604155,33.52712077894588
7.206722815912043,1.012982738816265,33.30605867013924
7.0209106135991695,0.5123591283828183,33.04600094159737
6.825654069042679,0.04764666222407876,32.75151320860577
6.6223138468381215,-0.3795364700981025,32.42725027285857
6.412258337330035,-0.7682622209533851,32.07784367391688
6.196842720581532,-1.1182453447678224,31.707802278862072
5.977390078621052,-1.4297822077400877,31.321428350827965
5.755174910030218,-1.7036799655529,30.92275040748834
5.531409263762724,-1.941180187682399,30.515473141488744
5.30723158021937,-2.143880639137788,30.102943789346067
5.083698213638655,-2.313658403352137,29.688133641130076
4.8617775151289315,-2.452596912281158,29.273632893797863
4.642346282306629,-2.5629188035412307,28.861656759641853
4.426188329731193,-2.6469259002878953,28.4540606262507
4.2139949028306205,-2.706947044679997,28.05236209469302
4.006366644405302,-2.7452940337770357,27.65776786326095
3.8038168240598322,-2.764225518932596,27.27120364016825
3.6067755537700594,-2.765918437555752,26.893345528422454
3.415594734030285,-2.7524463435411834,26.52465160309525
3.230553501703141,-2.725763878962947,26.165392674697298
3.051863980283158,-2.6876965715087957,25.81568148751033
2.8796771637293994,-2.639935135600626,25.475499829070042
2.7140887947494985,-2.584033486779981,25.144723221542183
2.5551451263036142,-2.5214097367302157,24.82314302600949
2.402848480412599,-2.453349510116913,24.51048591774719
2.2571625406967137,-2.3810110061227374,24.20643078714666
2.11801733429213,-2.305431310944032,23.91062319075513
1.9853138749350452,-2.2275335481646446,23.622687524051585
1.8589284522420546,-2.148134528872757,23.342237116210523
1.7387165628086103,-2.0679526308829272,23.068882461098767
1.624516486997864,-1.987615695635791,22.80223780158358
1.5161525215188545,-1.9076687821161837,22.541926278893982
1.4134378824098033,-1.8285816597688977,22.28758384776276
1.3161772961444422,-1.750755957510738,22.03886214339516
1.2241692985347867,-1.674531914317293,21.795430469537557
1.1372082621492243,-1.6001946993539766,21.556977059252944
1.0550861733041283,-1.5279802870783297,21.32320974232889
0.9775941794926546,-1.4580808859779033,21.093856136165822
0.9045239275285378,-1.390649929370282,20.86866346093055
0.8356687118215732,-1.3258066436410387,20.64739806496193
0.7708244511576948,-1.2636402140060512,20.42984473301215
0.7097905112027825,-1.2042135708448116,20.215805837937808
0.6523703887413547,-1.1475668212684869,20.005100385897958
0.5983722724410594,-1.0937203511949238,19.797562995906002
0.5476094937319799,-1.0426776230726469,19.59304284662735
0.49990088022784107,-0.9944276937420516,19.39140261650811
0.4550710230087443,-0.9489474759127019,19.192517437548783
0.4129504680411009,-0.9062037655004426,18.996273878186845
0.3733758410348546,-0.8661550557048884,18.802568966713935
0.3361899141326623,-0.8287531572892297,18.61130926332289
0.30124162199000554,-0.7939446431025113,18.4224099861618
0.26838603403723005,-0.7616721334960973,18.235794194579597
0.23748428901123023,-0.731875437955294,18.051392031002344
0.2084034972022345,-0.7044925670092208,17.869140021512045
0.18101661527589083,-0.6794606273053316,17.688980434149748
0.15520229799845414,-0.6567166116428796,17.51086069317857
0.13084473070921412,-0.6361980947519816,17.334732846974177
0.10783344594537825,-0.6178438446793051,17.16055308682058
0.08606312722663775,-0.6015943587937914,16.988281313644094
0.06543340264602487,-0.5873923326513751,16.817880749589257
0.04584863058710287,-0.5751830692510719,16.64931759130323
0.027217679591957627,-0.564914835570689,16.482560701829577
0.009453704137078228,-0.5565391726834872,16.31758133810137
-0.007526082167538736,-0.5500111652223578,16.154352911153563
-0.02380063465918331,-0.5452896754708044,15.992850776334253
-0.03944530588353194,-0.5423375469159163,15.833052050974404
-0.054532073114503476,-0.5411217816936874,15.674935457168962
-0.069129764371879,-0.5416136959879394,15.518481187522903
-0.08330428232036081,-0.543789057107579,15.363670791919517
-0.09711882556397736,-0.5476282056601274,15.210487083571682
-0.11063410696686186,-0.5531161659598548,15.05891406281776
-0.12390856873665165,-0.560242747554169,14.908936857320281
-0.13699859410117718,-0.5690026405200833,14.760541677517024
-0.14995871549374437,-0.5793955069717778,14.613715786359764
-0.16284181923808538,-0.5914260710287707,14.46844748255605
-0.17569934679180593,-0.6051042093204744,14.324726096704001
-0.188581492667666,-0.620445043945474,14.182541999880147
-0.20153739920600022,-0.637469039661358,14.0418866244064
-0.21461534841966096,-0.6562021069520506,13.902752496685613
-0.22786295117563266,-0.6766757125030554,13.76513328215693
-0.24132733401545534,-0.6989269985095855,13.629023842583758
-0.25505532395027924,-0.7229989121469471,13.494420306050138
-0.2690936315961793,-0.7489403464454932,13.36132015020717
-0.2834890330416587,-0.7768062937326412,13.229722299481837
-0.29828855086238815,-0.8066580127304566,13.099627237137728
-0.3135396347184302,-0.838563210327652,12.97103713326294
-0.32929034198670687,-0.8725962389779349,12.843955989956854
-0.34558951889644374,-0.9088383106106819,12.718389805196779
-0.3624869826478709,-0.9473777278729788,12.594346757089998
-0.38003370500462413,-0.9883101334519493,12.471837410459143
-0.3982819978580439,-1.0317387781505345,12.350874947971645
-0.41728570126681863,-1.0777748083056806,12.231475428310222
-0.4371003744779845,-1.126537573042028,12.113658074194035
-0.4577834904349058,-1.1781549517429888,11.997445593402496
-0.4793946342741483,-1.2327637019903022,11.882864536329292
-0.501995706305633,-1.2905098280678202,11.76994569400662
-0.5256511299584986,-1.3515489699397167,11.658724540992905
-0.5504280651579352,-1.4160468123908436,11.549241728015406
-0.5763966275749225,-1.48417951374986,11.441543629806427
-0.6036301141601706,-1.5561341532949982,11.335682954172775
-0.6322052353342155,-1.6321091960573852,11.231719418997066
-0.6622023541559106,-1.7123149732754293,11.129720504590942
-0.6937057327294961,-1.796974176201617,11.029762289608627
-0.7268037860336597,-1.886322360303466,10.93193037958852
-0.7615893432617539,-1.9806084561139379,10.83632093812412
-0.7981599166473194,-2.0800952820507677,10.743041831676383
-0.8366179776094229,-2.185060053412705,10.65221390012902
-0.8770712398835214,-2.295794880443186,10.563972366356143
-0.9196329491003113,-2.4126072467933346,10.478468399315668
-0.9644221780311021,-2.535820457875813,10.395870846496404
-1.0115641264264434,-2.665774046432216,10.316368152922244
-1.0611904240266166,-2.802824120085858,10.240170485338316
-1.1134394349083938,-2.9473436326576428,10.167512081649592
-1.1684565608408712,-3.0997225575156286,10.098653847121367
-1.2263945407411139,-3.2603679371300047,10.03388622024131
-1.2874137426327805,-3.4297037782258855,9.973532332427933
-1.3516824437005737,-3.608170756367713,9.91795148687613
-1.4193770930805878,-3.796225687361843,9.867542982659929
-1.4906825509090254,-3.9943407154088244,9.822750310641384
-1.5657922958440194,-4.203002159345535,9.784065747603425
-1.644908591749065,-4.422708948454456,9.75203537413258
-1.7282426024502267,-4.653970568043899,9.727264539872436
-1.8160144414180368,-4.89730442218166,9.710423796536142
-1.9084531408409455,-5.153232506467633,9.702255314117805
-2.005796521809746,-5.422277267451118,9.703579788601145
-2.108290944178987,-5.704956507165395,9.715303839548548
-2.2161909110685794,-6.001777171252497,9.73842788256298
-2.3297584988740967,-6.313227837358816,9.774054443909238
-2.4492625790286384,-6.639769697095307,9.823396861564298
-2.5749777925706385,-6.981825800247175,9.887788287473294
-2.7071832328009346,-7.339768304697085,9.968690868470892
-2.846160784957819,-7.71390345062136,10.06770493665738
-2.9921930649277253,-8.104453954276563,10.1865779822919
-3.1455608916081905,-8.511538497000052,10.327213111639104
-3.3065402197699463,-8.93514797147347,10.491676606758523
-3.475398452321052,-9.375118143267105,10.682204102063666
-3.6523900430494334,-9.831098395662616,10.901204771897405
-3.8377512936278286,-10.302516255452879,11.151262783104004
-4.031694242482581,-10.788537453995312,11.435135106142823
-4.2343995388279625,-11.288021370018779,11.7557445984622
-4.446008193763687,-11.799471839044925,12.116167077312456
-4.666612103122124,-12.320983510974443,12.519610891324108
-4.896243245357693,-12.850184206073735,12.969387290157682
-5.134861474179175,-13.384174074874162,13.468869693462011
-5.3823408522000245,-13.919462823885926,14.021439794735182
-5.638454511350601,-14.45190683934141,14.630418330764638
-5.902858081190326,-14.976648734055441,15.298978340616022
-6.175071800776279,-15.488062658911712,16.030038877299543
-6.454461526520342,-15.97970964916271,16.826137478263565
-6.740218970199614,-16.44430828726503,17.689280314835795
-7.031341649711576,-16.87372700402293,18.62076989838378
-7.326613210340917,-17.259005321794252,19.621011594092437
-7.6245849736845175,-17.590412141861353,20.68930204203153
-7.923559788729823,-17.857549623812197,21.823604942588755
-8.221579483782294,-18.049511085905262,23.020322514407724
-8.516417431845984,-18.155100425303456,24.274074189625445
-8.805577921649707,-18.163118554785118,25.577497585118877
-9.086304140643769,-18.062719038208723,26.92109016661091
-9.355596587570718,-17.843830314582025,28.29311285282641
-9.610243599381057,-17.497635606565886,29.67957850430109
-9.846865359596602,-17.017094010803337,31.0643481251811
-10.061972219132805,-16.39747785626545,32.429354979289066
-10.252037388246784,-15.636893026912961,33.75497109603206
-10.413583057406768,-14.736741747372127,35.020521504551006
-10.543277818105729,-13.702082746097782,36.20493913132363
-10.63804196594549,-12.541843223943296,37.28753839079821
-10.695156003685424,-11.268841930598269,38.24886955235641
-10.712366581492809,-9.899593583998271,39.07160108111905
-10.687983391567972,-8.453881655185903,39.74136582510369
-10.62096033947651,-6.954107858430204,40.24750163410174
-10.51095476504512,-5.424450083619071,40.58361965536901
-10.35835962460234,-3.88988269152604,40.74794495335698
-10.16430531661005,-2.3751304872266834,40.74339354198683
-9.93063007172855,-0.9036371753005565,40.577375120956575
-9.659820284835709,0.5033712435241964,40.261338234816726
-9.354924538984912,1.8276580733606331,39.81010009497858
-9.019447060614546,3.054531312575633,39.24102306043524
-8.65722770941884,4.173155829366524,38.57311099514323
-8.27231620325528,5.176620981533292,37.826100282374654
-7.868848087711622,6.06178560057378,37.01961282331442
-7.450929077063059,6.828940097050085,36.172423994769346
-7.0225330018396654,7.481336147962677,35.301880271475326
-6.587416927345595,8.02463773332982,34.42348216879133
-6.149055287525333,8.466344161618691,33.55063100269989
-5.710593304051012,8.815227918477921,32.694524509342784
-5.274818667375144,9.08081974114147,31.86417744899992
-4.844149515119645,9.27296217716103,31.066538899653505
-4.420636164351225,9.401442527354735,30.306677358314797
-4.005973803600046,9.475707458043022,29.58800701639671
-3.601523365750754,9.504655135592776,28.912532587757763
-3.208338010710448,9.496496509091296,28.281094886337783
-2.827192975116396,9.458675088245577,27.693604230287438
-2.4586169332155365,9.3978338323125,27.1492531903506
-2.1029234102496956,9.319818142866778,26.6467039244904
-1.7602411636562014,9.229705032609974,26.18424824772645
-1.430542777768216,9.13184998996539,25.759940697981136
-1.1136709947362078,9.029944625169504,25.37170627049325
-0.8093625261390365,8.927079698916865,25.017425333657062
-0.5172692593873595,8.825809498156286,24.694998642558893
-0.23697689666105004,8.728214686021156,24.402395456707254
0.03197885081941615,8.635961701010029,24.137687649843333
0.29009833632513454,8.550357524342274,23.89907245465409
0.5379061119656487,8.472399196636923,23.684886175035516
0.775940904505787,8.402817873993827,23.493610866394
1.0047472135904283,8.342117498290156,23.323875658745504
1.22486832213142,8.290608344126175,23.17445409527656
1.4368405227912626,8.24843581900981,23.04425858964298
1.641188381677819,8.2156049537666,22.932332872090512
1.8384208788404823,8.192001042629125,22.83784309735537
2.029028283754142,8.17740688931695,22.76006812394434
2.213479641921026,8.171517095982088,22.6983893413668
2.392220765542858,8.173949803016212,22.65228031530879
2.565672636667059,8.184256254283113,22.621296436708505
2.7342301451955406,8.201928527721082,22.605064695572274
2.8982610966713067,8.226405737673398,22.603273650908893
3.0581054359013695,8.257078984116111,22.61566363154913
3.214074642347812,8.29329529590724,22.642017176493564
3.3664512619545945,8.334360790584622,22.682149705849408
3.5154885478134954,8.379543252085746,22.7359004028014
3.661410188941663,8.428074309832699,22.803123282159536
3.804410112568394,8.479151387553994,22.88367842084973
3.944652350817962,8.53193957753864,22.97742332948932
4.082270967619582,8.58557358520592,23.08420445131017
4.217370046147172,8.639159879351267,23.203848784669546
4.350023741143295,8.691779174588817,23.336155637813373
4.480276404146661,8.74248936373087,23.480888539057602
4.608142792934188,8.790329008493051,23.637767341765294
4.733608379400954,8.834321486365573,23.806460581027718
4.856629772609892,8.873479879140858,23.98657815735926
4.977135275805821,8.90681267387042,24.17766444146257
5.095025597747759,8.933330329438263,24.379191912589093
5.210174739698474,8.952052741076571,24.590555460479447
5.322431079739817,8.962017610732458,24.81106749647471
5.431618675669596,8.96228970310859,25.039954032195343
5.5375388064927655,8.951970935538142,25.27635189315505
5.639971770364127,8.930211214954214,25.519307238724878
5.73867895370183,8.896219897694593,25.76777555789494
5.833405182021613,8.84927770867059,26.020623301260024
5.923881357821082,8.788748916769585,26.276631292676498
6.009827384589537,8.714093524814231,26.53450003841595
6.090955368796277,8.624879196809673,26.79285701700482
6.166973083636679,8.520792614641424,27.050265989325045
6.237587669566822,8.401649933044927,27.305238316489234
6.302509537471165,8.267405987774518,27.55624621358812
6.361456430980265,8.118161909546204,27.801737802333193
6.414157595337244,7.954170807309716,28.04015375718208
6.4603579916964184,7.775841210040453,28.26994527059341
6.49982248824674,7.583737997202615,28.48959299692195
6.532339953515416,7.378580604192074,28.697626574744618
6.557727173035716,7.161238359379038,28.89264427780715
6.575832508626016,6.932722891825404,29.073332308847935
6.586539220121998,6.694177640386951,29.238483231413067
6.589768372729947,6.446864591909596,29.38701303484766
6.585481259305336,6.192148474103518,29.517976348409565
6.573681275749282,5.931478722527704,29.630579362235917
6.5544151991526345,5.666369625944653,29.724190074771414
6.527773831956395,5.398379125374818,29.798345566026786
6.493891990758948,5.129086795374479,29.85275609026253
6.452947834897414,4.860071568205493,29.887305885963805
6.4051615468966565,4.592889770693784,29.902050710139147
6.35079339361057,4.329054029095089,29.897212212521584
6.290141212675106,4.070013560044386,29.87316936768197
6.223537383096184,3.817136307874047,29.83044727430697
6.15134535083952,3.571693313654504,29.76970370664818
6.0739557897239695,3.3348456135728286,29.69171386017743
5.991782484439435,3.1076338686354306,29.597353769799618
5.905258025965315,2.8909708292890985,29.487582893923026
5.814829410065029,2.685636642370451,29.363426351908707
5.720953627034191,2.4922769183004068,29.22595727771766
5.6240933257721775,2.3114033973664116,29.07627971169373
5.524712627920004,2.1433969880741577,28.915512398779747
5.423273158724629,1.988512899669058,28.74477379885854
5.320230350952962,1.846887555764789,28.56516854721548
5.216030067097317,1.7185469563598486,28.3777755340331
5.111105573775193,1.6034161503484865,28.183637704653684
5.005874891072391,1.5013294882802664,27.98375361983842
4.900738528988628,1.4120413434965944,27.779070759526125
4.796077613423867,1.3352370165365044,27.57048050609685
4.6922523955172455,1.2705435704621615,27.358814704672138
4.589601130765593,1.2175403812045071,27.144843668746518
4.48843930827876,1.1757692250800016,26.929275479162342
4.3890592057827975,1.144743763481677,26.712756412443856
4.2917297425137635,1.1239583209406,26.495872329853135
4.196696599866568,1.11289588617856,26.27915086010787
4.104182578455928,1.111035295661462,26.0630642153221
4.0143881599720945,1.1178575850586374,25.848032490213914
3.927492242724691,1.1328515157277685,25.63442730785172
3.8436530209147834,1.1555183009097578,25.422575690174998
3.7630089793146326,1.1853755699333193,25.21276404735339
3.6856799770331934,1.2219606187170444,25.005242196015047
3.611768396283709,1.2648330016164884,24.800227331906182
3.5413603344436924,1.3135765236352042,24.59790789720527
3.4745268201194377,1.3678006936518106,24.3984472962038
3.411325036325409,1.4271416990476367,24.201987425188474
3.351799536207076,1.4912629603596121,24.00865199302004
3.295983438931652,1.5598553216992745,23.8185496180788
3.2438995954146805,1.632636928993574,23.631776694972515
3.1955617154220475,1.7093528438910144,23.448420030757003
3.1509754492761166,1.7897744366647212,23.268559255510294
3.110139418897775,1.87369859681485,23.092269016051915
3.073046194235287,1.9609467954684638,22.91962096454227
3.0396832122722826,2.0513640292021114,22.75068555576597
3.0100336367801774,2.144817670646772,22.585533668226557
2.9840771577961753,2.24119624722712,22.424238064878363
2.9617907304791036,2.340408165666965,22.266874709504467
2.9431492535347394,2.4423803964737587,22.11352395451552
2.92812618782291,2.5470571294981776,21.964271615377662
2.916694116073168,2.6543984088418395,21.819209946051533
2.9088252448562284,2.764378752842674,21.678438528798846
2.904491850095822,2.876985762584808,21.542065090536987
2.9036666674704916,2.9922187203373687,21.41020625663431
2.9063232290564978,3.110087177503103,21.282988251668215
2.912436147509896,3.230609530032445,21.160547555235212
2.921981348985572,3.353811577812551,21.043031519420424
2.9349362558503813,3.479725063256982,20.930598953010023
2.9512799200725794,3.608386183186232,20.823420675965366
2.970993107965989,3.7398340670915955,20.721680046068762
2.9940583367397573,3.8741092140082003,20.62557345799073
3.020459863057811,4.0112518794848,20.535310813307238
3.0501836235506206,4.151300403530157,20.451115958200155
3.083217126950007,4.294289469945401,20.37322708369102
3.119549297239869,4.4402482871309195,20.301897081272276
3.1591702669366004,4.589198680302985,20.237393844696452
3.202071119337592,4.7411530850936465,20.180000506448266
3.2482435783102734,4.896112432768012,20.13001559504515
3.2976796439440057,5.054063917813644,20.087753096778936
3.350371172160095,5.214978639482458,20.053542402820806
3.406309396179766,5.37880911004905,20.027728119764124
3.4654843875958448,5.545486624151335,20.010669718684657
3.5278844546925097,5.714918485668335,20.002740994673992
3.5934954756217845,5.886985091241657,20.004329305581493
3.6623001640903805,6.06153687284446,20.015834555429976
3.7342772653530028,6.238391105832395,20.037667884716257
3.8094006805673843,6.417328593766718,20.070250026657998
3.8876385179633646,6.598090247072323,20.114009285516612
3.968952069836633,6.780373579371419,20.169379090556614
4.053294715122677,6.963829153196569,20.236795077172165
4.140610748264893,7.148057015798887,20.316691645437132
4.230834136290913,7.3326031759682895,20.40949794607103
4.323887207481235,7.516956184177733,20.515633244857938
4.41967927678213,7.7005438909103034,20.635501619248988
4.518105215205975,7.882730471622477,20.76948594560257
4.61904397289847,8.062813821256093,20.917941142685553
4.722357068349199,8.24002343625596,21.08118664711545
4.827887059386402,8.413518917283994,21.259498109819962
4.9354560151233295,8.582389240714056,21.453098319768344
5.044864011891051,8.74565296086127,21.66214738259278
5.155887680360157,8.902259516896562,21.88673220759423
5.2682788354562495,9.051091827498269,22.126855387223646
5.38176322521751,9.190970361302078,22.38242358847721
5.496039439300047,9.320658870774622,22.653235615537632
5.610778022244284,9.438871969773876,22.93897034692265
5.725620840670171,9.544284719216604,23.23917479748127
5.840180757026564,9.635544359397676,23.55325260448282
5.954041665097698,9.711284290154875,23.880453285950296
6.066758943849413,9.770140350044544,24.219862665942703
6.177860386035267,9.810769382190069,24.570394902796245
6.286847655919911,9.831869997275236,24.93078658899588
6.3931983261605705,9.832205353848577,25.29959341156271
6.496368536991211,9.810627674229186,25.675189865554
6.595796311108351,9.76610410355096,26.055772496408437
6.690905544881629,9.697743403810271,26.439367105645367
6.781110680649488,9.604822859462566,26.82384028572285
6.86582204601388,9.486814662664543,27.206915551646098
6.944451824513401,9.343410952246279,27.586194208703336
7.016420598345387,9.174546609179759,27.959180938961353
7.081164378670418,8.980418871119547,28.323313907663028
7.1381420134438915,8.761502827467574,28.675998990743512
7.186842837864602,8.51856190102252,29.014647515172616
7.226794409759339,8.252652517170572,29.33671669589359
7.2575701529816765,7.9651223083993195,29.6397517597024
7.278796717644206,7.657601398725448,29.92142858140825
7.290160858076644,7.331986553458109,30.179595534854872
7.291415628938088,6.990418254506002,30.41231319334597
7.282385707705125,6.635251056328307,30.617890510549703
7.262971668163821,6.269017875765806,30.794916180040612
7.23315305439188,5.894389151680415,30.9422840104292
7.192990137310536,5.514128058578489,31.059211359287424
7.142624274948575,5.131043154580018,31.145249933106772
7.082276841337518,4.747939973680101,31.200288567692823
7.012246735307795,4.367573125237556,31.224547935212446
6.932906527005688,3.9926004356401936,31.21856745974697
6.844697344264723,3.6255405598858275,31.183185041349258
6.7481226407333565,3.268735312134734,31.11951046935351
6.643741020875398,2.924317727139895,31.028893632323786
6.532158322063332,2.5941865858259865,30.912888792419274
6.414019169976212,2.279987837470311,30.773216279450963
6.289998230001036,1.983103047757079,30.611722973624925
6.160791374533717,1.7046447150159545,30.430342890491694
6.027106974748183,1.4454580420787835,30.231059066155925
5.889657506768101,1.2061285404497375,30.015867777965553
5.74915163777855,0.9869946845322511,29.786745940309768
5.606286929181161,0.7881647296299897,29.545622301977243
5.461743263194626,0.6095367573057136,29.294352855175134
5.316177068017959,0.45082101091524185,29.034700659402223
5.170216386304878,0.3115636256080484,28.76832009600828
5.0244568034839725,0.19117093205430113,28.496745408673153
4.8794582273410825,0.08893361219942623,28.22138325548831
4.7357424888868325,0.004050099193435741,27.943508901390764
4.593791717196031,-0.06435126617252461,27.664265614645203
4.454047427694975,-0.11719169088253206,27.384666795363405
4.31691025413765,-0.155423252616262,27.105600353916547
4.1827402489350325,-0.18001224386741665,26.827834868047876
4.051857674150959,-0.19192460240462406,26.552027074790143
3.9245442058542914,-0.19211341940309845,26.278730292311124
3.80104447709657,-0.18150845771665297,26.00840341331816
3.681567889052173,-0.1610075682318212,25.741420161977477
3.5662906253336533,-0.13146986082004186,25.478078357426735
3.4553578107490424,-0.09371046647449542,25.218608976530902
3.348885762432336,-0.04849671699407391,24.963184854842776
3.2469642880495435,0.003454433766940962,24.71192890664369
3.1496589924210654,0.061477919275487986,24.46492178180802
3.057013560226698,0.12496116418481922,24.222208908802752
2.9690519883454414,0.19334393507450645,23.983806899448872
2.8857807467473133,0.26611757700628536,23.74970931240306
2.8071908516550823,0.34282376037847945,23.519891789079985
2.7332598389167844,0.42305284784106323,23.29431658842783
2.6639536291845127,0.5064419766139722,23.072936556130983
2.5992282796073964,0.5926729378352369,22.855698569985396
2.5390316193542315,0.6814699218199609,22.642546506891335
2.4833047684282032,0.7725971864936746,22.433423778613818
2.4319835409701676,0.8658566958461884,22.22827548360062
2.3849997356164483,0.961085766042147,22.02705022109598
2.3422823165292193,1.0581547487828429,21.829701611864174
2.303758489496828,1.1569647745694691,21.636189567307788
2.2693546780490075,1.2574455725799538,21.446481345849342
2.2389974048849357,1.3595533788382015,21.26055243231611
2.2126140841035338,1.4632689401205687,21.07838727286316
2.1901337297840446,1.5685956175055424,20.89997989479195
2.1714875864156897,1.6755575905293365,20.725334437546934
2.1566096865390993,1.7841981604697332,20.554465618253055
2.1454373407570184,1.8945781492583031,20.387399152426266
2.137911565012057,2.0067743888409972,20.224172147966012
2.1339774497269253,2.1208782944014697,20.064833488229084
2.1335844750671615,2.236994513671025,19.909444217885472
2.1366867762252775,2.355239643522151,19.758077943358405
2.1432433622441835,2.4757410041346057,19.610821257936372
2.153218291500896,2.5986354601956756,19.467774200094482
2.1665808065617393,2.72406827781693,19.3290507521519
2.183305430699395,2.852192005090921,19.1947793850952
2.203372027931141,2.9831653634498,19.06510365418537
2.2267658279967004,3.1171521362046564,18.9401828488087
2.253477417242939,3.2543200398243712,18.82019269889629
2.283502695920382,3.394839562644274,18.70532613908958
2.316842801922099,3.538882754769922,18.595794130633838
2.3535040005075336,3.686621951955737,18.491826539699847
2.39349753905098,3.8382284151919266,18.393673069425716
2.436839465335208,3.9938708666307297,18.301604241392234
2.4835504073740737,4.1537139013345445,18.215912420450895
2.533655312192888,4.317916253150316,18.136912874764132
2.587183140421611,4.486628891830671,18.064944860540475
2.6441665129638827,4.659992927365728,18.0003727181978
2.704641305395938,4.838137296404227,17.94358696350771
2.7686461851261868,5.021176204685438,17.895005353602947
2.836222085712964,5.209206298646368,17.855073903506405
2.907411612100966,5.40230353890222,17.8242678240039
2.982258369905004,5.6005197482328875,17.803092346174846
3.06080621125484,5.803878807179668,17.792083391662956
3.143098389132585,6.012372471526743,17.791808040770185
3.2291766116044096,6.225955788004601,17.80286474266369
3.319079986896415,6.44454208773406,17.825883203392127
3.4128438499215443,6.6679975414929515,17.861523878039304
3.5104984606686864,6.896135267133299,17.910476983266673
3.612067564862625,7.128708987743172,17.97346093583235
3.717566807549041,7.365406249807881,18.051220111613745
3.8270019908168065,7.605841224083329,18.144521808481606
3.9403671678148022,7.8495471285741685,18.254152285460826
4.0576425666375835,8.095968333340135,18.380911740482706
4.17879233963866,8.344452231247782,18.52560808035299
4.303762136386934,8.594240987606279,18.68904933017365
4.432476501923514,8.844463315150064,18.87203452640636
4.5648361063203104,9.09412645919044,19.075342939307568
4.700714816906414,9.342108620875484,19.299721478078045
4.839956631025486,9.587152094005244,19.54587014745025
4.982372494914879,9.827857441993796,19.81442544947605
5.1277370433272464,10.062679095106192,20.105941661010636
5.275785304880615,10.289922802175443,20.420869967911436
5.42620942979946,10.507745423051201,20.759535503313053
5.578655509597012,10.714157594654207,21.122112421284847
5.732720572148728,10.907029840417591,21.508597240033083
5.887949850196794,11.084102714872838,21.91878081110477
6.043834436137075,11.243001576093853,22.352219412189736
6.199809450335779,11.3812565518344,22.808205618979233
6.355252863380737,11.496328203237548,23.28573978205703
6.509485123576441,11.5856392857425,23.78350311155636
6.661769748441423,11.64661285372073,24.29983354621743
6.811315041599802,11.676716748416966,24.832705742562517
6.9572770928043175,11.673514245477365,25.379716649386822
7.098764207384509,11.634720319949302,25.9380782154188
7.234842890761453,11.558262619267156,26.504618794966465
7.364545482616624,11.442345830515213,27.07579474842239
7.486879493053581,11.285517706075977,27.647713563904745
7.600838639444253,11.086734597560238,28.21616953908683
7.705415518187732,10.84542397413935,28.776692650839955
7.79961577186628,10.561541105578696,29.32461070624814
7.882473531877653,10.235616912384556,29.855124225008517
7.95306783329286,9.868793964262798,30.363392776701538
8.010539617221959,9.46284777642256,30.844630727240254
8.054108861997976,9.020190933030756,31.294209590015587
8.08309132412896,8.543858164248247,31.7077634914218
8.096914329332538,8.037471303649493,32.08129371452782
8.095131038562046,7.505184020079259,32.41126794308373
8.077432628007562,6.951607293845327,32.69470974476353
8.043657867982695,6.38171771477298,32.92927404303991
7.993799663386404,5.800751730208102,33.11330484168629
7.928008225391054,5.214089872732585,33.245872265552684
7.8465906748113,4.627135665917868,33.326787016886676
7.750007024544497,4.045194275802431,33.35659154239059
7.638862642082235,3.4733560068648126,33.33652846749784
7.513897443025712,2.9163894276771547,33.26848807725778
7.375972202565255,2.378648280831811,33.154937707120105
7.226052484913252,1.86399544264828,32.99883676603986
7.065190773645303,1.3757461325989182,32.80354168738162
6.894507434413911,0.9166314255631578,32.572705359336965
6.715171154148388,0.48878198883798707,32.310175527525224
6.528379479189076,0.09373093791984433,32.01989631937109
6.335340022950999,-0.26756615004568957,31.70581646749419
6.137252837761098,-0.594696662731766,31.371807077427537
5.935294352746312,-0.8877448142141158,31.021590968843686
5.730603177737499,-1.1472370995000412,30.6586847913304
5.5242679694203725,-1.374082451309107,30.286354337736963
5.317317456798488,-1.5695099866843778,29.9075827976285
5.110712633494002,-1.7350068817706965,29.52505114114405
4.90534104803606,-1.8722584837930931,29.141129413833966
4.7020130620811855,-1.9830923042237136,28.757877455764785
4.501459901092039,-2.069427074077323,28.377053422029412
4.304333291836958,-2.1332276104512795,28.000128457887186
4.111206464768311,-2.176465862979925,27.628305947081003
3.922576294935864,-2.2010881913888856,27.262543882347888
3.7388663603461216,-2.2089886750424585,26.903579079898357
3.5604307092844643,-2.201988070747748,26.551952154624356
3.387558145883498,-2.181817910507651,26.208032373592427
3.2204768641917636,-2.1501091582908622,25.872041699500755
3.059359283517285,-2.1083848149236037,25.54407751450812
2.9043269605640583,-2.0580558634712425,25.224133672795407
2.755455475842999,-2.0004199751147684,24.91211966476119
2.6127792123142664,-1.936662439716449,24.60787778636942
2.476295962753345,-1.8678588394499642,24.311198294868117
2.3459713186872455,-1.7949790427986074,24.021832598888203
2.22174280784267,-1.7188921559114814,23.739504579378817
2.1035237589300455,-1.640372125883889,23.463920170736493
1.9912068823856275,-1.5601037440764096,23.194775351626294
1.8846675635917665,-1.478688845958922,22.931762704985626
1.7837668713052457,-1.3966525466082127,22.674576708889532
1.688354288767842,-1.3144493877881072,22.422917916367
1.5982701784711635,-1.232469303694623,22.176496174590927
1.5133479940061898,-1.1510433383511036,21.935033023505255
1.433416254035471,-1.0704490688017643,21.698263401999125
1.358300294350354,-0.9909157052420322,21.465936777035758
1.2878238143625824,-0.9126288526143056,21.237817798324333
1.2218102343532757,-0.835734928539834,21.013686568640377
1.1600838794664825,-0.7603452402613854,20.79333860806501
1.1024710058746465,-0.6865397289951961,20.5765845794238
1.0488006838285513,-0.6143703941358838,20.36324983217358
0.9989055514896182,-0.5438644124695117,20.153173812956908
0.9526224525708443,-0.47502696921904625,19.946209383018605
0.9097929699171476,-0.40784381861500973,19.74222207562387
0.8702638662611829,-0.3422835919502727,19.54108932047763
0.8338874425148393,-0.2782998709014962,19.34269965685197
0.8005218231123492,-0.21583304340789833,19.146951952607466
0.7700311771167417,-0.15481195869050562,18.953754642467423
0.7422858830425243,-0.09515539714887497,18.763024995694927
0.7171626446367824,-0.03677336994590092,18.57468842065799
0.6945445641993019,0.020431737871672413,18.388677811578983
0.674321179409473,0.07656416783732571,18.204932940987952
0.6563884690623086,0.1317339201840892,18.023399899977637
0.6406488325959621,0.1860560066073192,17.844030587239793
0.6270110478163028,0.2396498135339578,17.6667822470017
0.6153902107878324,0.2926385665875886,17.49161705533861
0.6057076614618251,0.3451488877134396,17.318501753876994
0.5978908982493735,0.3973104371500554,17.147407329594554
0.591873484416394,0.449255633105247,16.978308739240124
0.5875949488770595,0.5011194426146253,16.81118467681732
0.5850006836891866,0.553039237633527,16.64601738258179
0.5840418403075168,0.6051547109397019,16.4827924920772
0.5846752264264824,0.6576078469069999,16.321498923866905
0.586863205040898,0.7105429426516331,16.162128804796136
0.59057359716922,0.7641066754542899,16.00467743183461
0.5957795895177721,0.8184482127250743,15.849143269795706
0.6024596482139911,0.8737193611051607,15.695527984499938
0.6105974396007262,0.9300747515900698,15.54383651124423
0.6201817589604065,0.9876720578149815,15.394077158751369
0.6312064679260437,1.046672244862473,15.246261749104772
0.6436704412341366,1.1072398461369661,15.100405794521283
0.6575775233812216,1.1695432659969023,14.95652871217922
0.6729364956596919,1.2337551059436076,14.81465407870084
0.6897610539682094,1.300052512232675,14.674809926288791
0.7080697977161434,1.3686175427965226,14.537029082936419
0.7278862300685548,1.4396375513418505,14.401349559573841
0.7492387697067536,1.5133055864084226,14.267814987477216
0.7721607742078037,1.589820803040418,14.136475109759953
0.7966905750727822,1.6693888845218658,14.007386331283627
0.8228715243562547,1.7522224713555647,13.880612331875088
0.850752052766234,1.8385415943111338,13.756224748316495
0.880385739012581,1.9285741079216352,13.634303931187892
0.9118313900798526,2.022556120256943,13.514939783288444
0.9451531319851653,2.1207324141311203,13.398232687042043
0.9804205104495439,2.22335685409364,13.284294529004807
1.0177086007588667,2.330692772590943,13.173249830332779
1.057098125913829,2.443013327543384,13.065236992833375
1.0986755819627156,2.560601822237673,12.960409671006328
1.1425333691709643,2.683751976857735,12.858938281268482
1.1887699274015673,2.812768139134872,12.761011660337182
1.2374898737535664,2.9479654194546425,12.666838885499379
1.2888041401245987,3.089669733272057,12.576651270191894
1.3428301079190224,3.2382177308130893,12.490704548928562
1.3996917366058443,3.3939565907292755,12.409281266088607
1.4595196822295473,3.5572436505689122,12.332693383372149
1.5224514012797283,3.7284458425747156,12.261285120763342
1.588631234518578,3.907938898352132,12.195436045531943
1.6582104644335847,4.096106280310976,12.135564423041748
1.7313473389099063,4.293337791401809,12.082130841785768
1.8082070524846634,4.500027807486045,12.035642122969758
1.888961675134705,4.716573068640266,11.996655521918795
1.9737900169398719,4.943369956757583,11.965783224345946
2.062877415134403,5.180811176948267,11.943697134809373
2.156415427988819,5.429281749463364,11.931133947151304
2.2546014176330553,5.689154207215386,11.928900476954201
2.357638001320525,5.960782881554546,11.937879223591867
2.465732347727546,6.24449714596179,11.959034113747688
2.579095291674573,6.540593474031523,11.993416358691114
2.6979402371452816,6.849326154967039,12.042170333440524
2.8224818146799344,7.170896497409404,12.10653935641429
2.9529342551618187,7.505440341603631,12.187871212439047
3.089509437755073,7.853013691798358,12.287623219162604
3.232414565376372,8.213576276853656,12.407366586127287
3.3818494167206903,8.586972849200238,12.54878975617733
3.5380031196950767,8.97291204296443,12.7137003498302
3.7010503873931575,9.370942634248305,12.904025254339475
3.8711471547988117,9.780427083899967,13.121808310463317
4.048425552671846,10.200512300013997,13.36920495214425
4.2329881550921105,10.630097639000219,13.648473049080009
4.424901439609354,11.06780027619113,13.961959092522815
4.624188404706807,11.511918226042987,14.312078755351855
4.830820299346892,11.960391484752375,14.701290755566346
5.044707434909057,12.41076201114587,15.132062867737456
5.265689072196161,12.860133560741447,15.606828872965226
5.49352240685252,13.30513274678593,16.127935231813368
5.727870717050522,13.74187312141166,16.69757632820139
5.968290789181356,14.165924545255724,17.31771729141495
6.214219801863587,14.572290632936241,17.99000368833768
6.464961926795767,14.955397602544059,18.71565782155134
6.719674997068216,15.309098384606829,19.495362004341224
6.977357698694374,15.626696308790184,20.329130040724813
7.236837856997248,15.900993015882188,21.216169238270528
7.496762511763796,16.12436535058787,22.154736628099673
7.755590596928518,16.288875772584017,23.14199463868138
8.011589152198184,16.386420162904958,24.17387321005846
8.262834082519387,16.40891568284524,25.244947138162786
8.507216530529162,16.348529461638307,26.348339144395162
8.742455918462436,16.19794628440028,27.475660553810133
8.96612062944057,15.950670127725601,28.61700226188195
9.175657114389121,15.601350449920025,29.76098856411915
9.368427914455049,15.14611981623781,30.894905100976825
9.541758671508532,14.582925101781711,32.00490936678829
9.692993664416727,13.911830683899687,33.07632779357926
9.819558775001216,13.135269340677777,34.094037382438245
9.919030091971512,12.258215683106911,35.04292250177643
9.989205659705574,11.288258472590833,35.90838937910481
10.02817724409213,10.23555252352025,36.67691283954
10.034398502474975,9.112638140759206,37.33658306011536
10.006745691623502,7.9341258310479414,37.87761565464651
9.944567095806235,6.7162555084066415,38.29278729286642
9.847717748184248,5.476351308517762,38.577761955297035
9.716576754994254,4.232203887777352,38.73127995550589
9.552045568977746,3.001420143904622,38.755192495134565
9.355526806225553,1.8007843707643811,38.654337590045465
9.128884533161719,0.6456742157008848,38.43626707867419
8.874388223637894,-0.4504305656380865,38.11084726149918
8.594643659959614,-1.4763179220207718,37.689765831811535
8.292514812500203,-2.4232752424286814,37.185983908807614
7.971041110852337,-3.285179288503654,36.61317361129349
7.633354498871657,-4.058452721786692,35.985178883528725
7.282600282251906,-4.741905523600689,35.31553101127035
6.921865108076328,-5.336486354673461,34.61704167611179
6.554114564193834,-5.844972166713522,33.901486872369276
6.182141962266614,-6.271624374115237,33.17938583159393
5.808528972175158,-6.621837244690743,32.459871251130075
5.435617985669181,-6.9017997205700645,31.750641203770627
5.0654954544820034,-7.118186520999477,31.05797932478675
4.699984995217559,-7.277888891302784,30.386828116876103
4.340648778621948,-7.38779034067283,29.740900149847505
3.9887956050431046,-7.454588530036815,29.122813117159463
3.645494080990707,-7.484661299082197,28.534236686327713
3.3115894195885196,-7.483972664084794,27.976041434824193
2.98772255707832,-7.458013369428326,27.44844257356722
2.6743504792831208,-7.411770068445445,26.951133400083222
2.371766862851264,-7.349717256008322,26.483405357733556
2.0801223392854764,-7.275826497221955,26.044253145764955
1.7994438741902534,-7.193588140124201,25.632464521970938
1.5296529137608197,-7.106041444707138,25.246695295629287
1.2705820830067809,-7.015809818331359,24.88553057266098
1.0219903259666367,-6.925138560868654,24.54753364440482
0.783576459361578,-6.835933157988031,24.231284061808907
0.5549911708410897,-6.749796702386702,23.93540645818713
0.335847534644256,-6.668065467637812,23.65859161785729
0.12573014457579393,-6.591842012960833,23.39961116819719
-0.0757970201503049,-6.522025469470587,23.157327124022114
-0.26918387362991336,-6.459338861209245,22.930697353741195
-0.45488852325729334,-6.404353459721927,22.71877787876127
-0.6333724713512323,-6.357510270593089,22.520722768850764
-0.805096605328488,-6.319138814428005,22.33578226107952
-0.9705178716014735,-6.2894734019382605,22.16329961054968
-1.1300865375115772,-6.268667120236304,22.002707077839613
-1.284243954993319,-6.256803750899737,21.85352137026842
-1.4334207488705115,-6.253907834313123,21.71533878051246
-1.5780353614337899,-6.259953082653287,21.587830205219618
-1.718492893070375,-6.274869328202058,21.470736176420854
-1.8551841861243255,-6.298548176302004,21.36386199811125
-1.9884851058296558,-6.330847514527546,21.267073047852314
-2.1187559780905927,-6.371595012424673,21.18029027727296
-2.246341149120615,-6.420590730067772,21.1034859247257
-2.37156863654903,-6.477608939058067,21.036679437064578
-2.494749845624301,-6.542399246652197,20.97993358469093
-2.616179327655138,-6.614687102559957,20.93335074395
-2.7361345609022827,-6.694173758614206,20.897069313076745
-2.8548757368336406,-6.780535743976371,20.871260221722274
-2.9726455370479226,-6.873423912756161,20.856123489287164
-3.08966888831917,-6.9724621168408,20.851884783579223
-3.2061526851748186,-7.077245554290566,20.858791928517302
-3.322285471248291,-7.187338842807801,20.877111307607432
-3.438237072395076,-7.302273868471544,20.907124108675347
-3.55415817627737,-7.4215474620954,20.9491223548622
-3.670179854851911,-7.544618959154263,21.00340466724395
-3.7864130279809816,-7.670907704168264,21.070271705735728
-3.9029478682666,-7.799790566644573,21.150021237353393
-4.01985314921794,-7.930599543047559,21.24294278462997
-4.137175541032828,-8.062619527645325,21.34931181226673
-4.254938860631203,-8.195086344266638,21.46938341720834
-4.373143285140266,-8.327185140734532,21.60338549656074
-4.491764540808094,-8.458049257683545,21.751511379418364
-4.610753082314358,-8.586759693190302,21.91391192302489
-4.730033280640636,-8.71234529362518,22.09068709101934
-4.849502641030172,-8.833783808731297,22.281877052021947
-4.969031076061206,-8.95000395440808,22.487452860609046
-5.088460262411613,-9.059888629161941,22.7073068098062
-5.207603113414122,-9.162279428728525,22.941242574421793
-5.326243402873555,-9.255982596934507,23.188965297467742
-5.444135578695383,-9.33977653837564,23.450071806933412
-5.561004807485791,-9.412420998875282,23.72404118636043
-5.676547293227475,-9.472667991966851,24.01022595874508
-5.790430914189657,-9.519274512993519,24.30784417765205
-5.9022962221537725,-9.551017036288028,24.615972750082484
-6.0117578465778,-9.566707735121378,24.93354234029175
-6.118406343234107,-9.565212299040994,25.259334219814157
-6.2218105219083135,-9.54546914984381,25.59197943366435
-6.321520280746379,-9.506509777482734,25.929960643258198
-6.417069965648469,-9.447479833252576,26.271616980400324
-6.5079822616765926,-9.367660533077421,26.61515220148667
-6.593772609818617,-9.266489842899965,26.95864636529856
-6.673954126811058,-9.14358284605998,27.300071170798336
-6.748042988388526,-8.998750634678458,27.63730898378336
-6.815564217777224,-8.832017029195168,27.968175455191513
-6.876057802119762,-8.643632417924994,28.290445492989416
-6.929085040593919,-8.434084026732345,28.60188219931881
-6.974235010178072,-8.204101981421115,28.90026823193305
-7.011131019315363,-7.9546606142372465,29.183438902272705
-7.03943690716302,-7.686974590833257,29.449316191056027
-7.0588630376731265,-7.402489592462793,29.695942755536826
-7.069171834316816,-7.102867474662384,29.921514929691416
-7.070182703527183,-6.78996603019907,30.124413687342184
-7.06177620332734,-6.46581370027034,30.30323255431127
-7.04389732823563,-6.132579791790085,30.456801522005325
-7.016557802142263,-5.792540957180064,30.58420613089109
-6.979837296793398,-5.448044863675652,30.684801054055484
-6.9338835237998655,-5.101472110271328,30.7582177108558
-6.87891118139401,-4.755197532908057,30.80436566787259
-6.815199771939431,-4.411552066363604,30.82342782598245
-6.743090340772157,-4.072786302363646,30.815849634088426
-6.662981219619901,-3.741036799541542,30.782322797502516
-6.575322887017551,-3.4182960677850325,30.723764148900013
-6.480612082440575,-3.1063869763309175,30.641290511102103
-6.3793853292572855,-2.80694213333616,30.536190495706542
-6.272212033379652,-2.5213885676588186,30.409894245404264
-6.159687329408027,-2.2509378246295655,30.263942140099175
-6.042424844264673,-1.9965813792933316,30.099953450674743
-5.921049540315533,-1.7590910838148643,29.91959584546638
-5.796190786620513,-1.5390242088880794,29.724556541543667
-5.66847578928854,-1.3367325176288756,29.51651575552766
-5.538523491138751,-1.152374727170427,29.297122957101724
-5.406939028219701,-0.9859316678436087,29.067976272500985
-5.274308807408418,-0.8372234398518955,28.830605233916188
-5.141196246381722,-0.7059278883350137,28.58645693120282
-5.008138195640321,-0.5915997640222926,28.336885499988036
-4.87564204269178,-0.4936900020469901,28.083144778735473
-4.744183481472437,-0.41156462959781354,27.826383888248486
-4.614204915916198,-0.3445228979746388,27.567645430538963
-4.486114455377951,-0.29181432105440896,27.307865968728375
-4.360285451348245,-0.25265438584066224,27.047878433480776
-4.237056519383017,-0.22623877835611872,26.788416101573972
-4.11673198715221,-0.21175603733786724,26.53011780546594
-3.99958270865778,-0.20839860763304396,26.273534055935095
-3.8858471856270382,-0.215372314296532,26.01913379005172
-3.775732939487123,-0.23190431723947338,25.767311491164914
-3.6694180808196935,-0.257249635439002,25.51839446394737
-3.5670530274582726,-0.29069635010685424,25.27265008394354
-3.46876232713773,-0.3315696089439842,25.0302928760613
-3.3746465455919177,-0.37923455988898946,24.79149130898397
-3.28478418602083,-0.43309834381260964,24.556374221869117
-3.1992336107545833,-0.4926112725699512,24.325036825557902
-3.118034940609044,-0.5572673127425382,24.097546242704748
-3.041211911773049,-0.6266039871995535,23.873946569801607
-2.968773674035844,-0.7002017970562762,23.65426345920195
-2.900716517726457,-0.7776832563413442,23.438508231226063
-2.8370255198849037,-0.858711621203592,23.22668153558609
-2.7776761029244645,-0.9429893851740833,23.01877658806599
-2.722635501391953,-1.030256602125045,22.814782012990424
-2.671864134413946,-1.120289089321799,22.61468432486541
-2.6253168830611817,-1.212896554461265,22.418470083996098
-2.5829442732031844,-1.3079206828886958,22.226127761174475
-2.5446935654937497,-1.4052332142965736,22.037649345939442
-2.5105097549578343,-1.504734032117255,21.853031731664434
-2.480336483272617,-1.606349283482442,21.672277909010262
-2.4541168672789118,-1.7100295429814476,21.495397997247164
-2.4317942475499876,-1.8157480294413686,21.32241014072445
-2.413312861006729,-1.9234988815065492,21.153341295447163
-2.3986184416217236,-2.033295494842593,20.98822792838141
-2.3876587532183495,-2.1451689212641663,20.827116649809554
-2.380384058259724,-2.2591663279222134,20.67006479683134
-2.3767475263495985,-2.3753495128260895,20.517140983982458
-2.3767055859438933,-2.4937934713660095,20.368425634930883
-2.380218222506557,-2.614585007093251,20.224011507317435
-2.387249226044158,-2.7378213787675634,20.084004221026017
-2.39776639062586,-2.86360897455647,19.948522798490856
-2.411741668143778,-2.9920620032382073,19.817700224056807
-2.429151278196611,-3.1233011912925255,19.69168402788503
-2.4499757755894884,-3.257452473839895,19.570636898416392
-2.4742000765370005,-3.3946456664929308,19.454737325942645
-2.5018134442356783,-3.535013104301761,19.344180278361748
-2.532809434037661,-3.6786882330999573,19.239177908677046
-2.56718579800953,-3.825804137686676,19.139960292207064
-2.604944348199844,-3.9764919904161316,19.046776189767346
-2.6460907774663327,-4.130879402915311,18.959893831230637
-2.6906344362298023,-4.289088662829134,18.879601711827128
-2.738588063027782,-4.451234836720289,18.806209391271366
-2.7899674662385574,-4.617423719558081,18.74004828325441
-2.844791153838143,-4.787749610655522,18.68147241997592
-2.9030799075426645,-4.962292895505888,18.63085917316801
-2.9648562971815613,-5.141117412790825,18.588609909439178
-3.0301441306498393,-5.324267585957507,18.555150553703413
-3.0989678343090694,-5.511765299283854,18.53093202992236
-3.171351758258313,-5.7036064993779485,18.516430543350552
-3.247319400491902,-5.899757504719395,18.512147662919205
-3.326892543618727,-6.100151008296872,18.518610156322744
-3.4100902975590714,-6.304681761800344,18.536369523804026
-3.4969280414863095,-6.513201934384557,18.566001169617117
-3.587416258273257,-6.725516144951566,18.608103142763067
-3.6815592548736062,-6.941376174444724,18.66329437097222
-3.77935376246074,-7.16047537406295,18.73221230422836
-3.8807874108088063,-7.382442796862429,18.815509876645798
-3.985837072390415,-7.606837094185781,18.91385168855014
-4.094467073044276,-7.833140235008211,19.02790930460104
-4.206627267903194,-8.060751125849245,19.158355559262823
-4.322250983641576,-8.288979231547302,19.30585775852798
-4.441252831078748,-8.517038323028427,19.4710696673121
-4.563526395837238,-8.744040507193196,19.65462217628454
-4.688941819177916,-8.968990726001307,19.857112551130157
-4.817343286382618,-9.190781946332272,20.07909218252852
-4.9485464461811075,-9.408191298538728,20.321052777760936
-5.082335791751836,-9.619877458730858,20.583410966137084
-5.218462041761207,-9.82437960626243,20.86649133168346
-5.356639568696243,-10.02011832167523,21.170507938957957
-5.496543931285613,-10.205398819010782,21.495544482417415
-5.637809577917368,-10.378416926866247,21.841533267043072
-5.780027798385834,-10.537268241252324,22.208233317911706
-5.922745011671829,-10.679960866106367,22.595208018267456
-6.065461487304865,-10.804432129759528,23.0018027875306
-6.207630606578505,-10.908569613134237,23.42712342940785
-6.348658776775177,-10.990236743501352,23.870015901158613
-6.487906115776962,-11.047303092385224,24.329048371751696
-6.62468802507521,-11.077679364921053,24.80249654099346
-6.758277765270585,-11.079356879645886,25.288333273927677
-6.887910138701844,-11.050451113786755,25.784223653720485
-7.012786367954392,-10.989248634174704,26.287526559822087
-7.132080235941001,-10.894256456281276,26.795303824381882
-7.24494552255121,-10.764252586023746,27.304337897709228
-7.350524734455386,-10.598336217657241,27.811158754499367
-7.447959078951442,-10.395975806923216,28.312080492074013
-7.5363995807905955,-10.15705303532665,28.803247711110608
-7.615019184426677,-9.881900554128674,29.280691336374538
-7.683025625517737,-9.571331369862776,29.740393045993656
-7.739674797848088,-9.22665782807296,30.178356957383496
-7.784284288754834,-8.849698383386729,30.5906866984127
-7.816246711593791,-8.442770717586138,30.973665512288736
-7.835042431773561,-8.008670276918302,31.323836645746578
-7.840251267127903,-7.550633926115432,31.6380809937065
-7.831562746897529,-7.072289126639146,31.91368885583789
-7.808784538289777,-6.577589795706011,32.14842272787427
-7.771848696012264,-6.070740737117459,32.34056831555474
-7.72081545724542,-5.556113197274138,32.48897141721514
-7.655874389446281,-5.038154634391041,32.593058949600184
-7.577342796794624,-4.521296148390825,32.652843150459226
-7.4856613973425095,-4.0098611696475235,32.66890882697648
-7.38138739051166,-3.507978931252816,32.642384368370045
-7.265185136733894,-3.019505956696662,32.574898039179644
-7.137814761332777,-2.547958307715477,32.468521756756566
-7.000119067724258,-2.0964566976511936,32.32570508338972
-6.853009196622066,-1.6676858383029365,32.149202497594686
-6.697449495872492,-1.26386861322394,31.941997136488403
-6.534442069393036,-0.8867549173085627,31.707224127188375
-6.365011454830501,-0.5376243241208954,31.448096372285512
-6.190189840909213,-0.2173011799876614,31.167835258376908
-6.011003181081566,0.07381969576664082,30.86960826136091
-5.82845849477612,0.33573879040018134,30.556474874486504
-5.643532576220831,0.5688113569066473,30.2313417296923
-5.457162258227006,0.7737027293828875,29.896927258171107
-5.27023630859871,0.9513415343613979,29.555735772250642
-5.083588973309906,1.1028726151817763,29.21004046756544
-4.8979951256551555,1.2296112074113517,28.861874552234752
-4.71416693566316,1.3329995957797856,28.513029509708886
-4.532751939719872,1.4145671713738261,28.165059388415024
-4.354332366387061,1.4758945113859576,27.819289973631786
-4.17942556005387,1.5185818366004462,27.47683172149246
-4.008485338154241,1.5442219728812119,27.13859540684832
-3.8419041188231775,1.554377756406041,26.805309541408338
-3.680015662566301,1.5505636786885078,26.47753874294882
-3.5230982823286565,1.53423146412413,26.15570236928553
-3.371378389935073,1.506759205569089,25.840092863233174
-3.2250342620699484,1.469443646910802,25.530893380355927
-3.084199924800526,1.4234951899221848,25.228194385477686
-2.9489690713588446,1.370035210216257,24.93200900404579
-2.8193989429115915,1.3100952886017132,24.642286999389327
-2.6955141159661924,1.2446179950141476,24.358927316677462
-2.577310152636782,1.1744588986519509,24.081789189765225
-2.4647570810981203,1.1003895169410902,23.810701849434068
-2.357802683156944,1.0231009551737646,23.54547290240126
-2.2563755740070226,0.9432080264402449,23.285895471604757
-2.1603880659936046,0.8612536766740786,23.031754201368038
-2.069738813713574,0.7777135715743684,22.78283023770556
-1.9843152421549357,0.6930007305167921,22.538905295678113
-1.903995762974784,0.607470117237573,22.299764923597444
-1.828651786568413,0.5214231181755119,22.06520106906793
-1.7581495394260953,0.4351118571125506,21.835014045211153
-1.692351697529936,0.348743309463013,21.60901398764723
-1.6311188473201474,0.2624831915623791,21.387021884453038
-1.5743107861536716,0.17645960994471427,21.168870252799884
-1.52178767427072,0.09076646321124873,20.95440352759932
-1.473411050146261,0.005466594997350888,20.743478219473808
-1.4290447207919525,-0.07940529897097186,20.535962891864312
-1.3885555381373231,-0.1638400034211483,20.331738000178643
-1.3518140720958378,-0.2478513469922763,20.130695629618046
-1.3186951903427309,-0.33147398629579194,19.932739162708387
-1.2890785542213228,-0.41476139923146027,19.73778290259582
-1.262849039571627,-0.49778407563167054,19.545751673818543
-1.2398970906534283,-0.5806278930719623,19.356580418498613
-1.2201190147259844,-0.6633926657054456,19.170213802667348
-1.2034172242553682,-0.7461908541808076,18.986605844697245
-1.1897004331531313,-0.829146425030109,18.8057195755153
-1.1788838129094408,-0.912393848317919,18.627526738370204
-1.170889113971695,-0.9960772227917174,18.452007534374303
-1.1656447572362958,-1.0803495182370737,18.27915041879898
-1.1630859000663192,-1.1653719251982546,18.10895195213015
-1.1631544808202772,-1.2513133026588363,17.941416709154158
-1.165799245475434,-1.338349714674457,17.776557248811592
-1.1709757595514048,-1.4266640473005483,17.614394147198972
-1.178646408183879,-1.5164456974531237,17.454956095891106
-1.1887803868619564,-1.6078903255730268,17.298280067677286
-1.2013536850232884,-1.7011996641267162,17.144411551833176
-1.2163490643963912,-1.7965813740631142,16.993404861169434
-1.2337560336863929,-1.8942489413496015,16.845323513292275
-1.253570820916289,-1.9944216056237636,16.700240688766293
-1.2757963444575133,-2.097324312813179,16.55823976917278
-1.3004421835081832,-2.2031876832846717,16.41941495839534
-1.327524548501478,-2.312247986677268,16.283871990826675
-1.3570662516467515,-2.4247471140386065,16.15172893056378
-1.3890966775185072,-2.540932537210464,16.02311706603054
-1.4236517533092659,-2.6610572445816327,15.898181904822613
-1.4607739180474368,-2.785379641330468,15.777084273893436
-1.5005120897459279,-2.9141634010983353,15.66000153047366
-1.5429216290865,-3.047677254650868,15.547128889317356
-1.588064297853431,-3.1861946994770487,15.438680871970941
-1.6360082099021396,-3.32999361242614,15.334892883733726
-1.6868277719778595,-3.479355745368363,15.236022923784898
-1.7406036111795746,-3.634566081465495,15.14235343354583
-1.7974224852881522,-3.7959120269315543,15.05419328767507
-1.8573771715374543,-3.9636824101321877,14.971879931092143
-1.9205663286952963,-4.138166256498188,14.895781664019262
-1.987094326529383,-4.319651304002337,14.826300075126804
-2.0570710358535718,-4.508422219865534,14.76387262036322
-2.1306115713739304,-4.704758474724268,14.708975341818428
-2.2078359784744404,-4.908931825727795,14.662125716867916
-2.288868853892041,-5.121203354980081,14.623885622706437
-2.373838888924682,-5.341820004464748,14.594864395015986
-2.462878322390884,-5.57101054319043,14.575721951708168
-2.5561222890148705,-5.80898089691152,14.567171943197435
-2.65370804725177,-6.0559087656121555,14.569984879236031
-2.7557740688025816,-6.3119374492541,14.584991168690946
-2.862458970216127,-6.5771687984303115,14.61308399246962
-2.973900265062553,-6.851655203985619,14.655221910801849
-3.0902329132302446,-7.135390538936497,14.712431083966331
-3.211587642001432,-7.428299967860102,14.7858069600484
-3.338089011777192,-7.730228544212778,14.876515254226508
-3.46985319775026,-8.040928525854914,14.985792011303873
-3.6069854575933995,-8.360045354687754,15.114942506774025
-3.7495772545062303,-8.687102269260185,15.265338701898084
-3.897703004948849,-9.021483551222028,15.438414925642977
-4.051416421337044,-9.362416449547995,15.635661411853494
-4.210746422183372,-9.70895188268234,15.858615275205908
-4.375692585998341,-10.059944090425551,16.1088484664854
-4.546220131131157,-10.414029496773146,16.387952209540877
-4.722254412100417,-10.769605154124871,16.697517392889708
-4.903674934361151,-11.124807269993264,17.039110373517268
-5.090308904430114,-11.47749047047474,17.41424365537674
-5.281924351411453,-11.825208630015174,17.824340938246667
-5.4782228797695645,-12.165198292343206,18.27069610309818
-5.678832142146773,-12.494365918345618,18.754425818287682
-5.883298155432739,-12.809280415387063,19.27641562783325
-6.091077623231368,-13.106172617357005,19.83725962995759
-6.301530473055137,-13.380943578957092,20.437194181215922
-6.513912866232196,-13.62918369936036,21.076026476614057
-6.72737099122604,-13.84620477156762,21.753059362402972
-6.940936004636288,-14.027087031276368,22.46701433196714
-7.15352053543549,-14.166743115257917,23.215955322802998
-7.363917212830163,-14.260000494481503,23.99721664752734
-7.570799711279704,-14.30170338362927,24.807339112014855
-7.772726821450191,-14.286834315413502,25.64201903937059
-7.96815004626909,-14.210654488509146,26.49607545174718
-8.155425179536293,-14.068860657517478,27.363440969430993
-8.332828243875728,-13.857754768710896,28.237181964273738
-8.498576039620783,-13.57442083165727,29.10955304796518
-8.650851383381877,-13.216901773265134,29.972089993802044
-8.787832895078374,-12.784367410271395,30.815743623756752
-8.907728930534164,-12.277263398332938,31.631055032226694
-9.008814964568128,-11.697430290802322,32.408369825515614
-9.089473424355154,-11.048181882891221,33.138085977768185
-9.148234678111235,-10.334333003227224,33.81092667411032
-9.183817627864714,-9.562168943902707,34.41822644292194
-9.195168167345853,-8.73935177858437,34.95221633556906
-9.18149367568301,-7.874762754875073,35.406292264990135
-9.142291748058772,-6.978284466278408,35.77525018665413
-9.077371529605362,-6.060531189189338,36.05547280970422
-8.986866319392881,-5.132540108950173,36.2450550143175
-8.8712365330796,-4.205439640972664,36.3438589825549
-8.731262626316392,-3.29011323023769,36.35349489053593
-8.568028144434031,-2.3968775811719545,36.2772283684658
-8.382893627536168,-1.535193127004497,36.119821230523584
-8.177462612520218,-0.713421814820519,35.88731662503238
-7.953541388589227,0.06135671065860404,35.58678326095857
-7.713094445611792,0.7834642111037555,35.22603539697207
-7.458197685910325,1.44867692051869,34.81334570845235
-7.190991447717455,2.0542159085630223,34.35716706280539
-6.91363522702904,2.5986819609966005,33.86587690187491
-6.628265711388271,3.081945001654254,33.34755474136225
-6.336959389996995,3.504999674627967,32.80979969016013
-6.041700618058246,3.8697991218372914,32.259591287257834
-5.74435562586138,4.179078393018804,31.7031936969236
-5.446652605294974,4.436177558942311,31.14610063517583
-5.150167700367856,4.644872744643319,30.59301644823443
-4.856316487017521,4.809221228284599,30.047867547934274
-4.566350355558457,4.93342469266963,29.5138378690486
-4.281357104111614,5.02171284199219,28.993422034363185
-4.0022650057285,5.07824801497596,28.488490354510834
-3.729849615107366,5.107050188427075,28.00036050775824
-3.464742621001333,5.1119408771666475,27.52987161088427
-3.2074421160562934,5.096503869038881,27.077457300443847
-2.9583237365034383,5.06406043900517,26.643215315897418
-2.71765221123818,5.017656607299619,26.226971860740473
-2.485592946682046,4.960060085962734,25.828339686392454
-2.2622233557027025,4.893764743722415,25.446769385880646
-2.047543712719949,4.821000667343172,25.081593803016208
-1.8414873813180552,4.743748173762568,24.732065768931673
-1.6439303146656365,4.663754406249817,24.397389587221014
-1.454699773038173,4.582551412212329,24.076746818862908
-1.273582237480658,4.501474839564064,23.769316985681467
-1.1003305251693163,4.421682597336161,23.474293831843305
-0.9346701314941519,4.34417300279264,23.190897770180282
-0.7763048374655481,4.2698020826019825,22.918385104960944
-0.6249216298635222,4.199299812086388,22.65605457379389
-0.48019498660502485,4.133285167557013,22.403251695227407
-0.3417905819801637,4.072279935908099,22.159371350118434
-0.20936846644351584,4.01672127662499,21.92385896732445
-0.08258577415146065,3.966973067556335,21.696210629913026
0.03890099109977324,3.9233360902408796,21.475972368195674
0.15543404407400643,3.8860571258803693,21.262738861136995
0.2673527365281973,3.8553370414084167,21.056151728271406
0.37499226567460386,3.831337948321242,20.85589756007128
0.47868263615400297,3.8141895164545137,20.66170580544863
0.5787478425630183,3.803994521846873,20.473346610319417
0.6755052429415339,3.800833703099932,20.290628680442627
0.7692650967462858,3.8047699948862506,20.11339722457813
0.8603302436904847,3.815852200956538,19.941532019914483
0.9489959024084663,3.834118162502405,19.774945630254695
1.0355495702112845,3.8595974712810053,19.613581798207797
1.1202710072433761,3.892313770659806,19.457414025251456
1.203432290145869,3.9322866817885043,19.306444347682586
1.285297921895148,3.9795333865002203,19.160702311875507
1.3661249858333,4.034069893302381,19.020244148674564
1.4461633330573724,4.095912007933642,18.8851521439462
1.5256557933036605,4.165076025416662,18.75553420011977
1.6048384002670506,4.241579156298789,18.631523581795843
1.6839406229480027,4.325439695811099,18.51327883705589
1.7631855951338955,4.416676940957389,18.400983884844212
1.8427903355086004,4.515310857037815,18.294848257602332
1.9229659511544768,4.621361491790157,18.195107487117973
2.003917817373547,4.734848132174955,18.102023620213682
2.085845726817589,4.855788195826565,18.01588584935778
2.1689440008878584,4.984195846337797,17.937011241450165
2.2534015562513567,5.120080318849687,17.86574554583731
2.3394019191293065,5.263443939901994,17.802464059965214
2.427123179752487,5.414279823201109,17.747572527907924
2.516737879055946,5.572569220935269,17.70150804323442
2.6084128193123255,5.738278508587526,17.664739923221966
2.7023087899905813,5.911355779963913,17.637770516215586
2.7985801996897814,6.091727028493717,17.62113589790301
2.8973746045538995,6.27929189092743,17.615406405362556
2.9988321231451054,6.473918930547003,17.621186949902473
3.1030847273671625,6.675440439141858,17.639117040919064
3.2102553987204034,6.8836467405635595,17.669870443261377
3.3204571389756983,7.098279983967132,17.714154379946546
3.433791824325441,7.319027422237909,17.7727081806192
3.5503488922628152,7.54551418099445,17.846301264057953
3.6702038509247643,7.777295536395786,17.935730330557842
3.793416601488895,8.013848736243276,18.041815627526862
3.920029565531526,8.254564419050778,18.165396139630452
4.050065611137104,8.49873771035669,18.307323543966785
4.183525774113691,8.74555910503065,18.468454761915012
4.320386774041199,8.99410527907523,18.649642933545167
4.46059832919222,9.243330014698602,18.851726639130224
4.604080279757412,9.492055468298627,19.07551719693629
4.750719535413648,9.738964062225477,19.3217838789265
4.900366871218003,9.982591337161272,19.591236908388296
5.052833605196301,10.221320161541936,19.88450813807974
5.20788820188667,10.45337675587465,20.20212935671604
5.3652528585063095,10.676829050517574,20.544508237916837
5.524600144266647,10.889587952015672,20.911902031368395
5.685549778499118,11.089412140932298,21.30438920276181
5.847665649372113,11.273917057697027,21.721839358149825
6.01045319162186,11.440588745645346,22.16388193968998
6.173357258242564,11.586803204537288,22.629874351696053
6.335760636631406,11.709851855104594,23.11887036480468
6.496983373185602,11.806973617053732,23.6295898456002
6.6562830805016455,11.87539395135678,24.16039105992059
6.8128564066273,11.912371005871623,24.709246987648463
6.96584184460463,11.91524872714177,25.273727249026717
7.114324051080744,11.881516460286635,25.85098735826041
7.25733982335692,11.808874158149603,26.437767067845098
7.393885853400701,11.695301871936628,27.030399524136143
7.522928333956779,11.539131717835655,27.624832799516412
7.6434144354731455,11.339120035272838,28.2166650810149
7.754285603467136,11.09451700830909,28.80119436783642
7.854492545612395,10.805130654653063,29.37348295930758
7.943011688883615,10.471381843268276,29.92843631152791
8.018862793515154,10.094346927865,30.460895032211067
8.08112731754565,9.675784720558188,30.96573791193586
8.128967039636027,9.218144907021165,31.43799301505644
8.161642375657582,8.724555633337486,31.87295304606351
8.178529773387979,8.198788864372407,32.26629054526117
8.179137546117511,7.645203186664442,32.61416802813847
8.16311951533392,7.0686649419756105,32.91333803217453
8.13028587813317,6.474449844067083,33.16122821920476
8.080610797111188,5.868128448410186,33.356007218371715
8.014236326650158,5.255439904387616,33.49662776717859
7.9314724339822815,4.642159221186022,33.5828448634495
7.832793037598393,4.033963741087934,33.61520799378494
7.718828158703079,3.4363045873292233,33.59502794489827
7.590352451561864,2.8542885265772706,33.524320111554864
7.448270533812326,2.29257498751854,33.40572746959102
7.293599667423512,1.755291973380423,33.24242738215601
7.12745043660222,1.2459733925254164,33.038027077867234
6.951006125279916,0.7675190190935427,32.79645294309406
6.765501512094325,0.3221769991527716,32.521838707693
6.572201776706078,-0.08845235966360726,32.218417210365374
6.372382152614987,-0.46339375356607043,31.89041977070837
6.167308875429556,-0.8022579634500597,31.54198635215271
5.958221870263167,-1.1051902556098199,31.177088762047486
5.746319506486977,-1.3728096785656558,30.799468186909248
5.532745630935398,-1.6061427608795675,30.412587474693797
5.318578979180949,-1.8065548458334184,30.01959780651771
5.104824964430518,-1.9756818864642487,29.62331878217466
4.892409758903676,-2.1153650245108055,29.226230492194954
4.682176515401241,-2.227589740916051,28.8304758623774
4.4748835277117225,-2.31443083703222,28.437871420044967
4.271204096769404,-2.3780040176257233,28.04992462155788
4.07172785333755,-2.420424421382284,27.667855970320133
3.8769632850959552,-2.4437720939988514,27.292624315282524
3.687341223723111,-2.4500641267511094,26.924953925273943
3.5032190632088844,-2.441232986752054,26.56536216146786
3.3248855017100563,-2.4191104365852008,26.21418680048394
3.1525656235611987,-2.3854163705866656,25.871612280302724
2.9864261637367626,-2.3417518716469425,25.53769434102178
2.8265808226752513,-2.2895958049556278,25.2123827070269
2.673095523846325,-2.2303043034334435,24.89554160401698
2.525993529027932,-2.1651125548341104,24.586968023473577
2.3852603465120708,-2.095138365350477,24.28640774020756
2.2508483851561945,-2.021387043290683,23.99356915817222
2.122681322302788,-1.9447572147294387,23.708135108968833
2.0006581661918212,-1.8660472479962966,23.429772759717945
1.8846570037661776,-1.785962023512985,23.15814180546873
1.7745384329478027,-1.7051198387586877,22.8929011290533
1.670148684796608,-1.6240592845917252,22.633714110896175
1.5713224457149582,-1.5432459688184637,22.380252765005288
1.4778853932789555,-1.4630789961200859,22.1322008670546
1.3896564615969842,-1.38389714076532,21.889256227608264
1.306449853526115,-1.3059846705969445,21.65113224929368
1.2280768178024233,-1.2295767982641972,21.41755889198466
1.1543472093204246,-1.1548647492555582,21.18828315544825
1.085070850563145,-1.0820004466009165,20.96306917488931
1.0200587116482231,-1.0111008197357858,20.741698011691387
0.9591239257067029,-0.942251750463673,20.52396720957921
0.9020826554215916,-0.8755116726580326,20.309690175504333
0.8487548255792029,-0.8109148446878182,20.09869543480405
0.7989647354711923,-0.7484743148438175,19.890825801580384
0.752541563961742,-0.6881846005441458,19.68593749773492
0.7093197790265654,-0.6300241020148281,19.48389924760169
0.6691394625953236,-0.5739572706414869,19.28459136955745
0.6318465605982193,-0.5199365514012722,19.08790488126558
0.5972930672382346,-0.4679041178112675,18.8937406312356
0.5653371516867496,-0.41779341674736636,18.702008466066236
0.5358432346337261,-0.3695305393531777,18.512626440003398
0.508682021414119,-0.32303543311348115,18.325520071208334
0.483730497778291,-0.27822296904047744,18.140621647325204
0.46087189377372795,-0.23500387683350818,17.95786958149888
0.43999562065551084,-0.19328555983680532,17.777207818866287
0.42099718524074137,-0.1529728006425676,17.598585292678983
0.4037780856642421,-0.11396836727171505,17.421955428567305
0.3882456920761634,-0.07617352901272031,17.247275694989998
0.3743131154434969,-0.039488490208707656,17.074507197595203
0.36189906727393073,-0.003812749552036622,16.903614315021308
0.3509277127691517,0.030954608229430636,16.734564373566027
0.34132851963296007,0.06491468203292496,16.567327358129024
0.333036104504959,0.09816857970108195,16.401875656870942
0.3259900787608427,0.13081729384449514,16.238183837115916
0.32013489521335226,0.1629616234977289,16.076228450143994
0.31541969706188355,0.19470213739116238,15.915987862665176
0.31179817027176193,0.22613917503782524,15.757442112930457
0.3092284004147438,0.25737288221971466,15.600572789611189
0.30767273486889296,0.2885032778145722,15.445362931761865
0.30709765115726334,0.31963034923410516,15.291796948369285
0.3074736320995686,0.35085417405025876,15.139860556180476
0.3087750483580893,0.3822750656692438,14.989540734690998
0.3109800488774239,0.4139937411752474,14.840825697362968
0.3140704596463586,0.44611150970853963,14.693704878327994
0.31803169114822405,0.4787304799672951,14.548168934013791
0.3228526548127962,0.511953785629957,14.404209759315135
0.32852568873731103,0.5458858276862956,14.261820518110305
0.3350464929057806,0.5806325328412191,14.120995688104328
0.3424140741038437,0.6163016273164686,13.981731120161239
0.35063070070022245,0.6530029255220334,13.844024112470489
0.35970186744487676,0.690848633201709,13.707873500079135
0.36963627041758174,0.7299536647758181,13.573279760513188
0.3804457922483288,0.7704359747086137,13.44024513641031
0.39214549772213736,0.812416902818001,13.308773776293952
0.4047536398750133,0.8560215335204262,13.178871894838148
0.41829167668437567,0.9013790690632779,13.050547954204804
0.43278429845574273,0.948623216839863,12.923812868284022
0.44825946600726635,0.9978925909065002,12.79868023193517
0.4647484597542434,1.0493311278257107,12.675166577615142
0.4822859397963874,1.1030885169415772,12.553291662093283
0.5009100171107431,1.159320645150296,12.433078786293068
0.5206623359519297,1.2181900561573271,12.314555151672128
0.5415881675580916,1.2798664241082305,12.197752256958129
0.5637365152545958,1.3445270413383072,12.082706339502067
0.5871602310371071,1.412357319800637,11.969458865996543
0.611916143700013,1.4835513054959872,11.85805707783859
0.6380651985538922,1.5583122049330744,11.748554596998606
0.6656726087452677,1.6368529222839736,11.641012098893116
0.6948080181514289,1.7193966054555758,11.535498059453275
0.7255456757705533,1.806177198760365,11.432089584337271
0.7579646214602477,1.897439999222583,11.330873329056258
0.7921488827931178,1.9934422127806013,11.231946519673238
0.8281876826927423,2.0944535057214595,11.135418084694175
0.8661756573836039,2.2007565455840443,11.041409909801345
0.9062130840296171,2.312647524464219,10.950058228179458
0.9484061172426551,2.4304366561148014,10.861515160351845
0.9928670334088195,2.5544486364169416,10.775950418670627
1.0397144814990633,2.6850230546626492,10.693553192880266
1.0890737386939708,2.8225147405800928,10.61453423448238
1.1410769687505544,2.9672940290957652,10.53912815894798
1.1958634805609107,3.119746921394845,10.467595986119623
1.2535799837859287,3.2802751168388737,10.400227940377311
1.314380837777517,3.449295885645075,10.33734653325134
1.3784282892135438,3.627241746831952,10.279309952077995
1.445892692942096,3.8145599096898355,10.22651577891371
1.5169527094445283,4.011711429832709,10.179405064126676
1.5917954710561737,4.2191700226115785,10.138466778715353
1.6706167076028358,4.437420467197223,10.10424266826429
1.7536208203906674,4.666956523847244,10.077332529293232
1.8410208914943647,4.908278274638611,10.058399925281066
1.933038612988692,5.161888784163753,10.048178354477031
2.0299041181239437,5.428289961270106,10.047477874289678
2.1318556934183284,5.707977485822451,10.057192177014311
2.239139347190452,6.001434645696381,10.07830609825471
2.35200820614563,6.309124908868571,10.11190352181987
2.470721707227318,6.631483033777745,10.159175622194239
2.595544547023831,6.968904498482308,10.22142935679894
2.7267453455675854,7.321733006160512,10.300096083928606
2.864594975385373,7.690245802116805,10.396740137049688
3.009364500187316,8.074636517002961,10.513067130521414
3.1613226606917855,8.474995234275799,10.650931704078047
3.320732837899306,8.89128546948054,10.812344331870976
3.487849416846743,9.323317748053867,10.999476724848677
3.662913466782957,9.770719481233888,11.214665241306456
3.8461476472164846,10.232900871740592,11.460411588573093
4.037750243952208,10.709016638860325,11.739379948807809
4.237888235799451,11.197923444597592,12.054389494780196
4.446689292063395,11.698133038341735,12.408401080144824
4.664232604451745,12.20776132820804,12.804496698530647
4.8905384661644336,12.724473845256858,13.24585011568927
5.125556527537206,13.245428405259595,13.735686902551697
5.369152683868878,13.767216204368548,14.27723195375223
5.621094589483868,14.285803120923042,14.873642492545592
5.881035845427044,14.796473642519382,15.527924573914659
6.148498979339814,15.29378059488956,16.24283124695124
6.422857427806306,15.77150470503103,17.020740878260984
6.703316846123048,16.22262895658234,17.86351473090228
6.9888962094368265,16.63933363897288,18.77233380332388
7.278409332322908,17.01301887248058,19.747516223260362
7.570447618527638,17.33436209312558,20.78831821435224
7.863365052765576,17.593418349913772,21.8927238344747
8.155266651680021,17.77977111029895,23.05723130624392
8.444001785438589,17.882740366372328,24.27664673728473
8.727163942866602,17.89165295190889,25.543899185733707
9.00209861313787,17.796176907909903,26.84989407907819
9.265920961981031,17.586717328790655,28.183424532905928
9.51554485298532,17.254865368829087,29.53116161506963
9.747724468460634,16.79388517209237,30.8777444524121
9.959109289569586,16.199215853216995,32.205988662013205
10.146312486479008,15.46895804778448,33.49722638626824
10.305991853318172,14.604308012769497,34.73178294433611
10.434941338101712,13.609898053015687,35.88958390892227
10.530190039549131,12.494001499697653,36.95087294784068
10.589104383353586,11.268564702501223,37.897006319824555
10.609488192928016,9.949038159692584,38.7112763354799
10.589674691930952,8.553993857077105,39.37970560098759
10.528604266885337,7.1045349940833376,39.89174866760994
10.425882188701276,5.623525422513964,40.24083955546326
10.281811485715657,4.13468642449776,40.4247332953116
10.09739773387912,2.6616247329401617,40.44560662605082
9.874324543850951,1.2268651181762087,40.309905395258575
9.61490076108071,-0.14903841093216763,40.02795098479001
9.321982585920324,-1.4482470890180459,39.61334157963509
8.998875695672172,-2.656188036613698,39.08220282239938
8.649223783703595,-3.7618829480126372,38.4523537345172
8.276890581752108,-4.758049940450758,37.74245652251743
7.885842366086021,-5.640995266116071,36.97121336989603
7.480037237119959,-6.410328693621434,36.156661241632776
7.063326259197717,-7.068547263421882,35.31559965591178
6.639370053519128,-7.620536356189424,34.463169104351586
6.211572861227872,-8.073035257452936,33.61258180455769
5.783034617667448,-8.434108105982943,32.77499351938281
5.356520335957936,-8.712652072405412,31.959496192728494
4.934445163707036,-8.917964575485708,31.173206250741554
4.518872871531253,-9.059381729560624,30.42142211653798
4.111525233498497,-9.14599199246748,29.707825952067026
3.713799716719518,-9.186422646008754,29.034707923922305
3.3267930458376695,-9.18869239524696,28.40319550647895
2.9513284826051307,-9.160120847052728,27.813474771805673
2.5879850027153948,-9.107284593634335,27.264994768487497
2.237126914824903,-9.036009697578004,26.756649661364754
1.8989328164528156,-8.951391179253422,26.2869361597804
1.5734230965816285,-8.857831328278964,25.85408589355069
1.2604854638358107,-8.759090053261222,25.456173870639798
0.9598981983228998,-8.658341876100303,25.091205075047753
0.6713509960902038,-8.55823546023662,24.75718175662395
0.394463402400399,-8.460952677997307,24.452154140047668
0.12880091998846782,-8.36826514876225,24.174257236838077
-0.1261110620740537,-8.281586919199109,23.921736261971017
-0.37077533778780536,-8.202022525790216,23.692962896571693
-0.6057127534278777,-8.130410101834379,23.486444344331407
-0.8314536738800726,-8.067359491754067,23.300826831780892
-1.0485308484162925,-8.013285539677469,23.134894920342386
-1.2574734891541277,-7.9684368491225275,22.987567741994162
-1.4588023899531797,-7.932920385100223,22.857893045451924
-1.6530259298075909,-7.906722324546819,22.74503974716833
-1.8406368216497677,-7.889725567934627,22.64828951991929
-2.0221094840383134,-7.881724313614989,22.56702781865062
-2.1978979289256135,-7.882436073962494,22.500734635315474
-2.36843407327672,-7.89151148384551,22.448975188180828
-2.5341263955937836,-7.908542220967074,22.41139068317896
-2.6953588703549825,-7.933067326667672,22.387689232275378
-2.852490124044363,-7.964578186455424,22.377636973833194
-3.005852765916695,-8.002522402789534,22.381049410285296
-3.15575285502288,-8.04630676898932,22.397782957169795
-3.3024694724418735,-8.095299532747775,22.42772668318438
-3.4462543742510507,-8.14883212054253,22.47079421212426
-3.587331706639795,-8.206200480049349,22.52691575340759
-3.7258977698420814,-8.266666186158375,22.59603022760475
-3.8621208223315704,-8.329457446981774,22.678077456399066
-3.9961409210710763,-8.393770138881752,22.772990392282207
-4.128069797605397,-8.458768993559197,22.88068737169988
-4.257990773484011,-8.52358905511338,23.00106438605521
-4.385958721932892,-8.587337520174161,23.133987377731078
-4.51200008588013,-8.649096069160185,23.27928458290166
-4.636112965378532,-8.707923790854014,23.436738959141007
-4.758267290142796,-8.762860795224128,23.60608075343266
-4.878405095295236,-8.812932600184448,23.78698028479823
-4.996440920441912,-8.85715536620537,23.97904103496258
-5.112262353814816,-8.894542037859996,24.181793159717156
-5.225730744336172,-8.924109433060735,24.394687552265733
-5.336682104997909,-8.944886298575714,24.617090607044734
-5.4449282308052425,-8.955922324217125,24.848279847382788
-5.550258053607599,-8.956298077858708,25.087440591869246
-5.652439254335132,-8.94513578939189,25.33366384132201
-5.7512201503868345,-8.92161087436859,25.58594556962196
-5.846331872106287,-8.884964048210309,25.84318759627153
-5.937490837389408,-8.83451384062733,26.10420020528452
-6.024401527486545,-8.769669278766695,26.367706653046824
-6.106759560024949,-8.689942468393639,26.632349676501896
-6.18425504727601,-8.59496076718726,26.896700072186174
-6.256576218873348,-8.484478215278665,27.159267366520485
-6.323413278765507,-8.358385867853366,27.418512539167896
-6.3844624564381425,-8.216720665305964,27.672862695634517
-6.439430202704177,-8.05967248018455,27.920727514705025
-6.488037471028588,-7.887588998702662,28.160517223486014
-6.53002401685881,-7.700978129042979,28.39066178104771
-6.565152640224335,-7.500507679372563,28.609630884596786
-6.593213291398782,-7.287002114859744,28.815954353693375
-6.614026956102611,-7.061436283440706,29.008242402137885
-6.627449235922754,-6.824926092004503,29.185205277391283
-6.633373541605206,-6.578716214445032,29.345671736754216
-6.631733821790401,-6.32416501623379,29.488605840132962
-6.622506757623702,-6.062726981771352,29.613121572059043
-6.605713364348132,-5.795933025470987,29.718494860402537
-6.5814199541818175,-5.525369150091809,29.804172634250715
-6.549738430059117,-5.252653981519699,29.869778655694557
-6.510825896602935,-4.979415754084545,29.91511596556324
-6.464883592327383,-4.707269341858787,29.940165896324068
-6.412155164813325,-4.437793927859902,29.94508372068931
-6.352924327704723,-4.17251187485298,29.93019111603146
-6.287511954119171,-3.9128693102073218,29.89596572684505
-6.216272674801815,-3.660218866072076,29.843028195204944
-6.1395910605399235,-3.4158049292019097,29.772127098462473
-6.057877476599783,-3.1807516570831846,29.68412228155661
-5.9715637020142855,-2.9560539139905395,29.57996709696206
-5.881098408373573,-2.742571177654465,29.460690068532273
-5.786942591452,-2.5410243693805943,29.3273764777245
-5.689565044789858,-2.351995472076654,29.181150334438115
-5.589437957608462,-2.17592972512943,29.023157143328046
-5.487032710634091,-2.0131401247788485,28.854547813882036
-5.382815933058434,-1.8638139147958326,28.676463992900732
-5.277245872510556,-1.728020725060734,28.490025025339914
-5.170769118087061,-1.6057220042984488,28.29631667747591
-5.0638177046734025,-1.4967813962334922,28.096381688221744
-4.956806615420205,-1.4009757237088203,27.891212152682254
-4.8501316886688635,-1.3180062704530482,27.68174368850866
-4.744167926122389,-1.247510082633315,27.46885129140546
-4.639268190817717,-1.1890710495883017,27.25334675170684
-4.535762276580834,-1.1422305628739247,27.035977479159545
-4.433956325169627,-1.1064975929344978,26.817426567350363
-4.334132563202573,-1.0813580616443526,26.59831392168663
-4.236549328155826,-1.0662834253339273,26.379198274344308
-4.141441351071169,-1.0607384157772548,26.160579914893088
-4.049020263012352,-1.064187915377941,25.942903975121855
-3.9594752925833196,-1.076102967155914,25.726564119700818
-3.8729741228204975,-1.0959659400687751,25.511906509611105
-3.789663877337946,-1.1232748858601231,25.299233921768785
-3.709672207593611,-1.1575471353195776,25.088809925143746
-3.63310845542539,-1.1983221899696437,24.880863030261054
-3.5600648674617172,-1.2451639702224513,24.67559074476547
-3.490617840544539,-1.2976624834545512,24.473163482363994
-3.4248291798318395,-1.35543497570328,24.27372828569787
-3.3627473537079826,-1.4181266292400092,24.077412335402425
-3.3044087319739432,-1.4854108655301201,23.884326227745397
-3.2498387959806285,-1.5569893094051523,23.69456701181421
-3.199053311383364,-1.6325914659564014,23.50822098432239
-3.152059456020555,-1.7119741569671447,23.325366245832207
-3.1088568970489527,-1.7949207588397396,23.146075026673195
-3.069438812902676,-1.8812402791064597,22.970415794214215
-3.0337928568887897,-1.9707663038618666,22.798455155562927
-3.001902060297982,-2.0633558439083153,22.63025957135983
-2.973745673806292,-2.1588881031247653,22.465896897235794
-2.9492999466858465,-2.2572631885888534,22.305437769832427
-2.9285388439429365,-2.358400778321002,22.148956854151713
-2.9114347019742786,-2.462238759180676,21.99653396849918
-2.8979588236904705,-2.568731844421608,21.848255102494434
-2.888082014312405,-2.6778501776902255,21.70421334261185
-2.8817750592137394,-2.7895779278101442,21.56450971853784
-2.8790091452716315,-2.9039118765131375,21.429253982333424
-2.8797562272088766,-3.0208599993301237,21.298565331005534
-2.883989340372514,-3.140440038121392,21.17257308164145
